# Downloaded model; only scale, axes, texture atlas and animation groups changed.
mtllib vpo136.mtl
v 0.006253 0.121919 -0.162263
v 0.006330 0.121713 -0.161590
v 0.006070 0.121821 -0.162263
v -0.026105 0.103605 -0.022224
v -0.026105 0.111708 -0.029914
v -0.026105 0.111091 -0.246607
v -0.026105 0.103605 -0.246607
v -0.024703 0.115294 -0.246607
v -0.025188 0.114648 -0.033328
v -0.022237 0.118581 -0.039067
v -0.022237 0.118581 -0.246608
v 0.011366 0.111708 -0.029914
v 0.011366 0.103605 -0.022224
v 0.011366 0.103605 -0.149690
v 0.011366 0.111310 -0.149690
v -0.019631 0.125568 -0.047624
v -0.019908 0.124825 -0.246608
v -0.023769 0.113426 -0.029210
v 0.009030 0.113426 -0.029210
v 0.005162 0.118581 -0.036732
v -0.019901 0.118581 -0.036732
v 0.002018 0.127013 -0.246608
v -0.016757 0.127013 -0.246608
v -0.016757 0.127013 -0.049395
v 0.002018 0.127013 -0.049395
v 0.002554 0.125575 -0.045298
v -0.017293 0.125575 -0.045298
v -0.024687 0.114406 -0.031326
v -0.025461 0.113439 -0.030396
v -0.025429 0.112758 -0.029276
v -0.025836 0.113281 -0.031667
v -0.025461 0.113439 -0.030396
v -0.024687 0.114406 -0.031326
v -0.025429 0.112758 -0.029276
v -0.025461 0.113439 -0.030396
v 0.010449 0.114648 -0.033328
v 0.009948 0.114406 -0.031326
v 0.010722 0.113439 -0.030396
v 0.011097 0.113281 -0.031667
v 0.009030 0.113426 -0.029210
v 0.010690 0.112758 -0.029276
v 0.010722 0.113439 -0.030396
v 0.009948 0.114406 -0.031326
v 0.010690 0.112758 -0.029276
v -0.018825 0.125910 -0.046399
v -0.018330 0.126474 -0.047288
v -0.018571 0.126586 -0.048397
v -0.017027 0.126592 -0.047227
v -0.018330 0.126474 -0.047288
v -0.018825 0.125910 -0.046399
v -0.018571 0.126586 -0.048397
v -0.018330 0.126474 -0.047288
v -0.017027 0.126592 -0.047227
v 0.004892 0.125568 -0.047624
v 0.003833 0.126586 -0.048397
v 0.003591 0.126474 -0.047288
v 0.004086 0.125910 -0.046399
v 0.002288 0.126592 -0.047227
v 0.004086 0.125910 -0.046399
v 0.003591 0.126474 -0.047288
v 0.002288 0.126592 -0.047227
v -0.025694 0.113289 -0.246607
v 0.007498 0.118581 -0.039067
v 0.006814 0.118581 -0.037416
v -0.021553 0.118581 -0.037416
v -0.021553 0.118581 -0.037416
v -0.018647 0.126372 -0.246608
v -0.018647 0.126372 -0.246608
v 0.003908 0.126372 -0.246608
v 0.003908 0.126372 -0.246608
v 0.005169 0.124825 -0.246608
v -0.025168 0.103605 -0.246607
v -0.025168 0.111007 -0.246607
v -0.025162 0.111560 -0.029985
v -0.025167 0.103605 -0.022243
v -0.023900 0.114804 -0.246607
v -0.021406 0.118127 -0.246608
v -0.021487 0.117972 -0.039208
v -0.024460 0.114048 -0.033441
v 0.010428 0.103605 -0.022243
v 0.010423 0.111560 -0.029985
v 0.010427 0.111204 -0.149690
v 0.010429 0.103605 -0.149690
v -0.019093 0.124330 -0.246607
v -0.018856 0.125006 -0.047727
v -0.023587 0.112643 -0.029710
v -0.019802 0.117808 -0.037266
v 0.005063 0.117808 -0.037266
v 0.008848 0.112643 -0.029710
v 0.001885 0.126076 -0.246608
v 0.001913 0.126076 -0.049466
v -0.016652 0.126076 -0.049466
v -0.016624 0.126076 -0.246608
v -0.017203 0.124792 -0.045819
v 0.002464 0.124792 -0.045819
v -0.024752 0.112130 -0.029670
v -0.024809 0.112811 -0.030749
v -0.024240 0.113636 -0.031687
v -0.024240 0.113636 -0.031687
v -0.024809 0.112811 -0.030749
v -0.024979 0.112875 -0.031774
v -0.024809 0.112811 -0.030749
v -0.024752 0.112130 -0.029670
v 0.009721 0.114048 -0.033441
v 0.010240 0.112875 -0.031774
v 0.010070 0.112811 -0.030749
v 0.009501 0.113636 -0.031687
v 0.008848 0.112643 -0.029710
v 0.009501 0.113636 -0.031687
v 0.010070 0.112811 -0.030749
v 0.010013 0.112130 -0.029670
v 0.010013 0.112130 -0.029670
v -0.018115 0.125730 -0.048483
v -0.018025 0.125592 -0.047559
v -0.018384 0.125124 -0.046785
v -0.018384 0.125124 -0.046785
v -0.018025 0.125592 -0.047559
v -0.016968 0.125695 -0.047535
v -0.016968 0.125695 -0.047535
v -0.018025 0.125592 -0.047559
v -0.018115 0.125730 -0.048483
v 0.004117 0.125006 -0.047727
v 0.003645 0.125124 -0.046785
v 0.003286 0.125592 -0.047559
v 0.003376 0.125730 -0.048483
v 0.003376 0.125730 -0.048483
v 0.003286 0.125592 -0.047559
v 0.002229 0.125695 -0.047535
v 0.002229 0.125695 -0.047535
v 0.003286 0.125592 -0.047559
v 0.003645 0.125124 -0.046785
v -0.024795 0.112996 -0.246607
v 0.006397 0.117792 -0.037816
v 0.006748 0.117972 -0.039208
v -0.021136 0.117792 -0.037816
v -0.021136 0.117792 -0.037816
v -0.018131 0.125546 -0.246607
v -0.018131 0.125546 -0.246607
v 0.003392 0.125546 -0.246607
v 0.003392 0.125546 -0.246607
v 0.004354 0.124330 -0.246607
v -0.023769 0.113426 -0.029210
v -0.025429 0.112758 -0.029276
v -0.024752 0.112130 -0.029670
v -0.023587 0.112643 -0.029710
v -0.025429 0.112758 -0.029276
v -0.026105 0.111708 -0.029914
v -0.025162 0.111560 -0.029985
v -0.024752 0.112130 -0.029670
v 0.010690 0.112758 -0.029276
v 0.009030 0.113426 -0.029210
v 0.008848 0.112643 -0.029710
v 0.010013 0.112130 -0.029670
v 0.011366 0.111708 -0.029914
v 0.010423 0.111560 -0.029985
v -0.025694 0.113289 -0.246607
v -0.024703 0.115294 -0.246607
v -0.023900 0.114804 -0.246607
v -0.025694 0.113289 -0.246607
v -0.023900 0.114804 -0.246607
v -0.024795 0.112996 -0.246607
v -0.026105 0.111091 -0.246607
v -0.025694 0.113289 -0.246607
v -0.024795 0.112996 -0.246607
v -0.026105 0.111091 -0.246607
v -0.024795 0.112996 -0.246607
v -0.025168 0.111007 -0.246607
v -0.018647 0.126372 -0.246608
v -0.016757 0.127013 -0.246608
v -0.016624 0.126076 -0.246608
v -0.018647 0.126372 -0.246608
v -0.016624 0.126076 -0.246608
v -0.018131 0.125546 -0.246607
v -0.019908 0.124825 -0.246608
v -0.018647 0.126372 -0.246608
v -0.018131 0.125546 -0.246607
v -0.019908 0.124825 -0.246608
v -0.018131 0.125546 -0.246607
v -0.019093 0.124330 -0.246607
v 0.002018 0.127013 -0.246608
v 0.003908 0.126372 -0.246608
v 0.003392 0.125546 -0.246607
v 0.002018 0.127013 -0.246608
v 0.003392 0.125546 -0.246607
v 0.001885 0.126076 -0.246608
v 0.003908 0.126372 -0.246608
v 0.005169 0.124825 -0.246608
v 0.004354 0.124330 -0.246607
v 0.003908 0.126372 -0.246608
v 0.004354 0.124330 -0.246607
v 0.003392 0.125546 -0.246607
v -0.026105 0.103605 -0.246607
v -0.026105 0.111091 -0.246607
v -0.025168 0.111007 -0.246607
v -0.026105 0.103605 -0.246607
v -0.025168 0.111007 -0.246607
v -0.025168 0.103605 -0.246607
v -0.024703 0.115294 -0.246607
v -0.022237 0.118581 -0.246608
v -0.021406 0.118127 -0.246608
v -0.024703 0.115294 -0.246607
v -0.021406 0.118127 -0.246608
v -0.023900 0.114804 -0.246607
v -0.022237 0.118581 -0.246608
v -0.019908 0.124825 -0.246608
v -0.019093 0.124330 -0.246607
v -0.022237 0.118581 -0.246608
v -0.019093 0.124330 -0.246607
v -0.021406 0.118127 -0.246608
v -0.016757 0.127013 -0.246608
v 0.002018 0.127013 -0.246608
v 0.001885 0.126076 -0.246608
v -0.016624 0.126076 -0.246608
v 0.011366 0.111708 -0.029914
v 0.011366 0.103605 -0.022224
v 0.011281 0.103605 -0.022243
v 0.010690 0.112758 -0.029276
v 0.005478 0.121335 -0.162263
v 0.005473 0.121330 -0.246608
v 0.006070 0.121821 -0.246608
v 0.006253 0.121919 -0.246608
v 0.007675 0.116779 -0.152442
v 0.009378 0.116075 -0.150600
v 0.009916 0.115358 -0.149690
v 0.009303 0.114610 -0.149690
v 0.010139 0.115061 -0.149690
v 0.009916 0.115358 -0.149690
v 0.009378 0.116075 -0.150600
v 0.007498 0.118581 -0.154149
v 0.007234 0.119287 -0.154957
v 0.006330 0.121713 -0.161590
v 0.006253 0.121919 -0.162263
v 0.006253 0.121919 -0.246608
v 0.011006 0.113286 -0.149690
v 0.010370 0.114573 -0.149690
v 0.011101 0.112727 -0.149690
v 0.007675 0.116779 -0.152442
v 0.009303 0.114610 -0.149690
v 0.006696 0.118073 -0.154281
v 0.009363 0.114531 -0.149690
v 0.006475 0.118663 -0.154957
v 0.005478 0.121335 -0.162263
v 0.005473 0.121330 -0.246608
v 0.010122 0.112953 -0.149690
v 0.009548 0.114112 -0.149690
v 0.010187 0.112485 -0.149690
v -0.025162 0.111560 -0.029985
v -0.025250 0.103605 -0.022224
v -0.025167 0.103605 -0.022243
v -0.026105 0.103605 -0.022224
v -0.026105 0.111708 -0.029914
v 0.011366 0.111708 -0.029914
v 0.011281 0.103605 -0.022243
v 0.011366 0.103605 -0.022224
v 0.010428 0.103605 -0.022243
v 0.010423 0.111560 -0.029985
v 0.004354 0.124330 -0.246607
v 0.006070 0.121821 -0.246608
v 0.005473 0.121330 -0.246608
v 0.006070 0.121821 -0.246608
v 0.004354 0.124330 -0.246607
v 0.006253 0.121919 -0.246608
v 0.006253 0.121919 -0.246608
v 0.004354 0.124330 -0.246607
v 0.005169 0.124825 -0.246608
v 0.010429 0.103605 -0.149690
v 0.011281 0.103605 -0.022243
v 0.010428 0.103605 -0.022243
v 0.011366 0.103605 -0.149690
v 0.011366 0.103605 -0.022224
v -0.025168 0.103605 -0.246607
v -0.026105 0.103605 -0.022224
v -0.026105 0.103605 -0.246607
v -0.025250 0.103605 -0.022224
v -0.025167 0.103605 -0.022243
v -0.026105 0.111708 -0.029914
v 0.011281 0.103605 -0.022243
v -0.026105 0.103605 -0.022224
v 0.010690 0.112758 -0.029276
v -0.025429 0.112758 -0.029276
v -0.023769 0.113426 -0.029210
v 0.009030 0.113426 -0.029210
v 0.006475 0.118663 -0.154957
v 0.007234 0.119287 -0.154957
v 0.010427 0.111204 -0.149690
v 0.011366 0.103605 -0.149690
v 0.010429 0.103605 -0.149690
v 0.011366 0.103605 -0.149690
v 0.010427 0.111204 -0.149690
v 0.011366 0.111310 -0.149690
v 0.011366 0.111310 -0.149690
v 0.010187 0.112485 -0.149690
v 0.011366 0.111310 -0.149690
v 0.010187 0.112485 -0.149690
v 0.011101 0.112727 -0.149690
v 0.011101 0.112727 -0.149690
v 0.010122 0.112953 -0.149690
v 0.011006 0.113286 -0.149690
v 0.009548 0.114112 -0.149690
v 0.011006 0.113286 -0.149690
v 0.009548 0.114112 -0.149690
v 0.010370 0.114573 -0.149690
v 0.010370 0.114573 -0.149690
v 0.009363 0.114531 -0.149690
v 0.009303 0.114610 -0.149690
v 0.010139 0.115061 -0.149690
v 0.009916 0.115358 -0.149690
v 0.007498 0.118581 -0.154149
v 0.006696 0.118073 -0.154281
v 0.011354 0.068684 -0.018193
v 0.011354 0.103605 -0.022717
v 0.011354 0.103605 -0.016358
v 0.011354 0.068621 -0.016358
v -0.026093 0.068684 -0.018193
v -0.026093 0.103605 -0.022717
v -0.026093 0.103605 -0.270472
v -0.026093 0.077379 -0.270472
v -0.024783 0.063079 -0.018193
v -0.024783 0.063016 -0.016358
v -0.025709 0.064658 -0.016358
v -0.025709 0.064721 -0.018193
v -0.025709 0.064721 -0.018193
v -0.025709 0.064658 -0.016358
v -0.026093 0.068621 -0.016358
v 0.010044 0.063079 -0.018193
v 0.010044 0.071774 -0.270472
v 0.010970 0.073416 -0.270472
v 0.010970 0.064721 -0.018193
v 0.010970 0.064721 -0.018193
v 0.010970 0.073416 -0.270472
v 0.011354 0.077379 -0.270472
v 0.010044 0.063016 -0.016358
v 0.011354 0.103605 -0.022717
v 0.011354 0.103605 -0.270472
v 0.009647 0.103605 -0.270472
v 0.009647 0.103605 -0.022717
v -0.026093 0.103605 -0.022717
v -0.026093 0.103605 -0.016358
v -0.024386 0.103605 -0.016358
v -0.024386 0.103605 -0.022717
v 0.009647 0.070277 -0.018193
v 0.009647 0.070214 -0.016358
v 0.009647 0.103605 -0.016358
v 0.009647 0.103605 -0.022717
v -0.024386 0.103605 -0.022717
v -0.024386 0.070277 -0.018193
v -0.024386 0.078882 -0.270472
v -0.024386 0.103605 -0.270472
v -0.023195 0.064672 -0.018193
v -0.023195 0.073277 -0.270472
v -0.024037 0.074919 -0.270472
v -0.024037 0.066313 -0.018193
v -0.024037 0.066313 -0.018193
v -0.024386 0.070277 -0.018193
v -0.024386 0.070214 -0.016358
v -0.024037 0.066251 -0.016358
v 0.009299 0.066313 -0.018193
v 0.009299 0.074919 -0.270472
v 0.008456 0.073277 -0.270472
v 0.008456 0.064672 -0.018193
v 0.009647 0.070277 -0.018193
v 0.009647 0.078882 -0.270472
v 0.009299 0.074919 -0.270472
v 0.009299 0.066313 -0.018193
v 0.008456 0.064609 -0.016358
v 0.008456 0.064672 -0.018193
v -0.023195 0.064672 -0.018193
v -0.023195 0.064609 -0.016358
v 0.009299 0.066313 -0.018193
v 0.009299 0.066251 -0.016358
v 0.009299 0.066251 -0.016358
v 0.009299 0.066313 -0.018193
v -0.024037 0.074919 -0.270472
v -0.024037 0.066313 -0.018193
v -0.024037 0.066313 -0.018193
v -0.024037 0.066251 -0.016358
v -0.024386 0.103605 -0.016358
v 0.009647 0.103605 -0.270472
v -0.026093 0.103605 -0.270472
v -0.024386 0.103605 -0.270472
v 0.011354 0.103605 -0.016358
v 0.009647 0.103605 -0.016358
v 0.010970 0.064658 -0.016358
v 0.010970 0.064658 -0.016358
v -0.025709 0.073416 -0.270472
v -0.024783 0.071774 -0.270472
v -0.025709 0.073416 -0.270472
v -0.026093 0.103605 -0.016358
v 0.011354 0.103605 -0.270472
v -0.024386 0.103605 -0.022717
v 0.009647 0.103605 -0.022717
v 0.009647 0.103605 -0.016358
v -0.024386 0.103605 -0.016358
v -0.001201 0.069471 -0.158897
v 0.004019 0.069471 -0.158897
v 0.004019 0.067935 -0.159065
v -0.001201 0.067935 -0.159065
v -0.013301 0.069909 -0.216350
v -0.013301 0.071425 -0.216184
v -0.018758 0.071425 -0.216184
v -0.018758 0.069909 -0.216350
v -0.019233 0.069869 -0.215204
v -0.019233 0.071386 -0.215038
v -0.019233 0.069510 -0.160042
v -0.019233 0.069869 -0.215204
v -0.019233 0.069510 -0.160042
v -0.019233 0.067974 -0.160210
v 0.004494 0.069510 -0.160042
v 0.004494 0.071386 -0.215038
v 0.004494 0.069869 -0.215204
v 0.004494 0.069510 -0.160042
v 0.004494 0.069869 -0.215204
v 0.004494 0.067974 -0.160210
v -0.018758 0.069471 -0.158897
v -0.013301 0.069471 -0.158897
v -0.013301 0.067935 -0.159065
v -0.018758 0.067935 -0.159065
v -0.007369 0.069909 -0.216350
v -0.007369 0.071425 -0.216184
v -0.013301 0.071425 -0.216184
v -0.013301 0.069909 -0.216350
v -0.001201 0.069909 -0.216350
v -0.001201 0.071425 -0.216184
v 0.004019 0.069909 -0.216350
v 0.004019 0.071425 -0.216184
v -0.001201 0.071425 -0.216184
v -0.001201 0.069909 -0.216350
v -0.007813 0.069302 -0.153924
v -0.007813 0.067763 -0.154092
v -0.006923 0.069301 -0.153911
v -0.006924 0.067763 -0.154079
v -0.019233 0.069510 -0.160042
v -0.018758 0.069471 -0.158897
v -0.018758 0.067935 -0.159065
v -0.019233 0.067974 -0.160210
v -0.019233 0.071386 -0.215038
v -0.019233 0.069869 -0.215204
v 0.004494 0.069869 -0.215204
v 0.004494 0.071386 -0.215038
v 0.004494 0.069510 -0.160042
v 0.004494 0.067974 -0.160210
v -0.013301 0.071425 -0.216184
v -0.007369 0.071425 -0.216184
v -0.007369 0.081564 -0.215096
v -0.013301 0.081564 -0.215096
v -0.006923 0.069301 -0.153911
v -0.007813 0.069302 -0.153924
v -0.007813 0.079440 -0.152836
v -0.006923 0.079440 -0.152823
v -0.018758 0.071425 -0.216184
v -0.018758 0.081564 -0.215096
v 0.004494 0.069510 -0.160042
v 0.004019 0.069471 -0.158897
v 0.004019 0.079610 -0.157809
v 0.004494 0.079649 -0.158954
v -0.013301 0.069471 -0.158897
v -0.018758 0.069471 -0.158897
v -0.018758 0.079610 -0.157809
v -0.013301 0.079610 -0.157809
v 0.004494 0.071386 -0.215038
v 0.004494 0.069510 -0.160042
v 0.004494 0.079649 -0.158954
v 0.004494 0.081525 -0.213950
v -0.001201 0.069471 -0.158897
v -0.001201 0.079610 -0.157809
v -0.001201 0.071425 -0.216184
v -0.001201 0.081564 -0.215096
v -0.007369 0.071425 -0.216184
v -0.001201 0.081564 -0.215096
v -0.007369 0.081564 -0.215096
v -0.001201 0.071425 -0.216184
v 0.004019 0.071425 -0.216184
v 0.004019 0.081564 -0.215096
v -0.019233 0.071386 -0.215038
v -0.019233 0.081525 -0.213950
v -0.019233 0.069510 -0.160042
v -0.019233 0.071386 -0.215038
v -0.019233 0.081525 -0.213950
v -0.019233 0.079649 -0.158954
v 0.004494 0.071386 -0.215038
v 0.004494 0.081525 -0.213950
v -0.019233 0.069510 -0.160042
v -0.019233 0.079649 -0.158954
v -0.022553 0.118747 -0.246267
v -0.012783 0.133811 -0.246267
v -0.015534 0.133511 -0.246267
v -0.022553 0.118747 -0.246267
v -0.015534 0.133511 -0.246267
v -0.018286 0.133211 -0.246267
v -0.007369 0.103314 -0.246092
v -0.007369 0.110504 -0.246267
v -0.025961 0.113207 -0.246267
v -0.026136 0.103314 -0.246092
v 0.011397 0.103314 -0.246092
v 0.011222 0.113207 -0.246267
v 0.009749 0.118747 -0.246267
v 0.003877 0.133211 -0.246267
v 0.000961 0.133511 -0.246267
v 0.009749 0.118747 -0.246267
v 0.000961 0.133511 -0.246267
v -0.001956 0.133811 -0.246267
v -0.007369 0.103314 -0.313841
v -0.007369 0.118562 -0.313929
v 0.009422 0.125533 -0.313929
v 0.009969 0.103314 -0.313841
v -0.024708 0.103314 -0.313841
v -0.024161 0.125533 -0.313929
v -0.012681 0.061267 -0.083939
v -0.012681 0.066207 -0.083471
v -0.012681 0.067776 -0.119488
v -0.012681 0.062262 -0.110206
v -0.012681 0.062262 -0.110206
v -0.012681 0.067776 -0.119488
v -0.002057 0.067776 -0.119488
v -0.002057 0.062262 -0.110206
v -0.002057 0.062262 -0.110206
v -0.002057 0.067776 -0.119488
v -0.002057 0.066207 -0.083471
v -0.002057 0.061267 -0.083939
v -0.002057 0.061267 -0.083939
v -0.002057 0.066207 -0.083471
v -0.012681 0.066207 -0.083471
v -0.002057 0.061267 -0.083939
v -0.012681 0.066207 -0.083471
v -0.012681 0.061267 -0.083939
v -0.012681 0.062262 -0.110206
v -0.002057 0.062262 -0.110206
v -0.002057 0.061267 -0.083939
v -0.012681 0.061267 -0.083939
v -0.002057 0.067776 -0.119488
v -0.012681 0.067776 -0.119488
v -0.012681 0.066207 -0.083471
v -0.002057 0.067776 -0.119488
v -0.012681 0.066207 -0.083471
v -0.002057 0.066207 -0.083471
v -0.017709 0.048618 -0.137062
v -0.017709 0.069297 -0.134877
v -0.017709 0.069297 -0.157004
v -0.017709 0.048618 -0.157240
v -0.017709 0.048618 -0.157240
v -0.017709 0.069297 -0.157004
v 0.002970 0.069297 -0.157004
v 0.002970 0.048618 -0.157240
v 0.002970 0.048618 -0.157240
v 0.002970 0.069297 -0.157004
v 0.002970 0.069297 -0.134877
v 0.002970 0.048618 -0.137062
v 0.002970 0.048618 -0.137062
v 0.002970 0.069297 -0.134877
v -0.017709 0.069297 -0.134877
v -0.017709 0.048618 -0.137062
v -0.017709 0.037718 -0.137062
v 0.002970 0.037718 -0.137062
v 0.002970 0.069297 -0.157004
v -0.017709 0.069297 -0.157004
v -0.017709 0.069297 -0.134877
v 0.002970 0.069297 -0.134877
v -0.017709 0.037718 -0.152833
v 0.002970 0.037718 -0.152833
v 0.002970 0.037718 -0.137062
v -0.017709 0.037718 -0.137062
v 0.002970 0.037718 -0.152833
v -0.017709 0.037718 -0.152833
v -0.017709 0.037718 -0.152833
v -0.017709 0.037718 -0.137062
v 0.002970 0.037718 -0.137062
v 0.002970 0.037718 -0.152833
v 0.006017 0.133661 -0.287864
v -0.020674 0.133661 -0.287864
v -0.020674 0.137099 -0.287864
v 0.006017 0.137099 -0.287864
v -0.020674 0.133661 -0.287864
v -0.019878 0.133511 -0.279415
v -0.019878 0.136949 -0.279415
v -0.020674 0.137099 -0.287864
v 0.005304 0.133511 -0.279415
v 0.006017 0.133661 -0.287864
v 0.006017 0.137099 -0.287864
v 0.005304 0.136949 -0.279415
v 0.006017 0.137099 -0.287864
v -0.020674 0.137099 -0.287864
v -0.019878 0.136949 -0.279415
v 0.006017 0.137099 -0.287864
v -0.019878 0.136949 -0.279415
v 0.005304 0.136949 -0.279415
v -0.019878 0.133511 -0.279415
v 0.005304 0.133511 -0.279415
v 0.005304 0.136949 -0.279415
v -0.019878 0.136949 -0.279415
v -0.024783 0.071774 -0.270472
v -0.023195 0.073277 -0.270472
v 0.010044 0.071774 -0.270472
v -0.025709 0.073416 -0.270472
v -0.024037 0.074919 -0.270472
v -0.026093 0.077379 -0.270472
v -0.024386 0.078882 -0.270472
v -0.026093 0.103605 -0.270472
v -0.024386 0.103605 -0.270472
v 0.008456 0.073277 -0.270472
v 0.010970 0.073416 -0.270472
v 0.009299 0.074919 -0.270472
v 0.010970 0.073416 -0.270472
v 0.009299 0.074919 -0.270472
v 0.011354 0.077379 -0.270472
v 0.011354 0.077379 -0.270472
v 0.009647 0.078882 -0.270472
v 0.011354 0.103605 -0.270472
v 0.009647 0.103605 -0.270472
v 0.010970 0.064658 -0.016358
v -0.024783 0.063016 -0.016358
v 0.010044 0.063016 -0.016358
v -0.024783 0.063016 -0.016358
v 0.010970 0.064658 -0.016358
v 0.008456 0.064609 -0.016358
v 0.008456 0.064609 -0.016358
v 0.009299 0.066251 -0.016358
v 0.009299 0.066251 -0.016358
v 0.010970 0.064658 -0.016358
v 0.011354 0.068621 -0.016358
v 0.011354 0.068621 -0.016358
v 0.009647 0.070214 -0.016358
v 0.011354 0.103605 -0.016358
v 0.009647 0.103605 -0.016358
v -0.024783 0.063016 -0.016358
v -0.023195 0.064609 -0.016358
v -0.025709 0.064658 -0.016358
v -0.023195 0.064609 -0.016358
v -0.025709 0.064658 -0.016358
v -0.024037 0.066251 -0.016358
v -0.025709 0.064658 -0.016358
v -0.024037 0.066251 -0.016358
v -0.026093 0.068621 -0.016358
v -0.026093 0.068621 -0.016358
v -0.024386 0.070214 -0.016358
v -0.026093 0.068621 -0.016358
v -0.024386 0.070214 -0.016358
v -0.026093 0.103605 -0.016358
v -0.026093 0.103605 -0.016358
v -0.024386 0.103605 -0.016358
v -0.018758 0.071425 -0.216184
v -0.013301 0.071425 -0.216184
v -0.007369 0.071425 -0.216184
v -0.001201 0.071425 -0.216184
v 0.004019 0.071425 -0.216184
v -0.019233 0.069510 -0.160042
v -0.018758 0.069471 -0.158897
v -0.013301 0.069471 -0.158897
v -0.007813 0.069302 -0.153924
v -0.006923 0.069301 -0.153911
v -0.001201 0.069471 -0.158897
v 0.004019 0.069471 -0.158897
v 0.004494 0.069510 -0.160042
v 0.004494 0.071386 -0.215038
v -0.019233 0.071386 -0.215038
v -0.024037 0.066251 -0.016358
v 0.008456 0.064609 -0.016358
v -0.023195 0.064609 -0.016358
v 0.009299 0.066251 -0.016358
v -0.024386 0.070214 -0.016358
v 0.009647 0.070214 -0.016358
v -0.024386 0.103605 -0.016358
v 0.009647 0.103605 -0.016358
v -0.018758 0.069909 -0.216350
v -0.013301 0.069909 -0.216350
v -0.007369 0.069909 -0.216350
v -0.001201 0.069909 -0.216350
v 0.004019 0.069909 -0.216350
v -0.019233 0.069869 -0.215204
v 0.004494 0.069869 -0.215204
v 0.004494 0.067974 -0.160210
v -0.019233 0.067974 -0.160210
v -0.018758 0.067935 -0.159065
v -0.013301 0.067935 -0.159065
v -0.007813 0.067763 -0.154092
v -0.006924 0.067763 -0.154079
v -0.001201 0.067935 -0.159065
v 0.004019 0.067935 -0.159065
v 0.009299 0.066313 -0.018193
v -0.023195 0.064672 -0.018193
v 0.008456 0.064672 -0.018193
v -0.024037 0.066313 -0.018193
v 0.009647 0.070277 -0.018193
v -0.024386 0.070277 -0.018193
v 0.009647 0.103605 -0.022717
v -0.024386 0.103605 -0.022717
v -0.019878 0.133511 -0.279415
v -0.022553 0.118747 -0.246267
v -0.018286 0.133211 -0.246267
v -0.025961 0.113207 -0.246267
v -0.024708 0.103314 -0.313841
v -0.026136 0.103314 -0.246092
v -0.020674 0.133661 -0.287864
v -0.024161 0.125533 -0.313929
v -0.021469 0.133811 -0.314016
v -0.007369 0.133811 -0.314016
v 0.006731 0.133811 -0.314016
v 0.009969 0.103314 -0.313841
v 0.011222 0.113207 -0.246267
v 0.011397 0.103314 -0.246092
v 0.009749 0.118747 -0.246267
v 0.003877 0.133211 -0.246267
v 0.005304 0.133511 -0.279415
v 0.006017 0.133661 -0.287864
v 0.009422 0.125533 -0.313929
v 0.006731 0.133811 -0.314016
v -0.024708 0.103314 -0.313841
v -0.007369 0.103314 -0.246092
v -0.026136 0.103314 -0.246092
v -0.007369 0.103314 -0.313841
v 0.009969 0.103314 -0.313841
v 0.011397 0.103314 -0.246092
v -0.019878 0.133511 -0.279415
v 0.006017 0.133661 -0.287864
v -0.020674 0.133661 -0.287864
v -0.018286 0.133211 -0.246267
v -0.015534 0.133511 -0.246267
v -0.012783 0.133811 -0.246267
v -0.010076 0.133811 -0.246267
v -0.007369 0.133811 -0.246267
v -0.004663 0.133811 -0.246267
v -0.001956 0.133811 -0.246267
v 0.000961 0.133511 -0.246267
v 0.005304 0.133511 -0.279415
v 0.003877 0.133211 -0.246267
v -0.007369 0.133811 -0.246267
v 0.009749 0.118747 -0.246267
v -0.001956 0.133811 -0.246267
v -0.022553 0.118747 -0.246267
v -0.012783 0.133811 -0.246267
v -0.021469 0.133811 -0.314016
v -0.020674 0.133661 -0.287864
v -0.014419 0.133811 -0.314016
v -0.021469 0.133811 -0.314016
v -0.014419 0.133811 -0.314016
v -0.020674 0.133661 -0.287864
v 0.006017 0.133661 -0.287864
v -0.014419 0.133811 -0.314016
v 0.006017 0.133661 -0.287864
v -0.007369 0.133811 -0.314016
v -0.007369 0.133811 -0.314016
v 0.006017 0.133661 -0.287864
v -0.000320 0.133811 -0.314016
v -0.000320 0.133811 -0.314016
v 0.006017 0.133661 -0.287864
v 0.006731 0.133811 -0.314016
v -0.010525 0.027603 -0.148543
v -0.010525 0.016127 -0.147095
v -0.010525 0.017218 -0.140922
v -0.010525 0.028695 -0.142370
v -0.010525 0.028695 -0.142370
v -0.004214 0.028695 -0.142370
v -0.004214 0.043110 -0.144036
v -0.010525 0.043110 -0.144036
v -0.004214 0.040767 -0.150139
v -0.010525 0.040767 -0.150139
v -0.010525 0.052940 -0.154812
v -0.004214 0.052940 -0.154812
v -0.004214 0.027603 -0.148543
v -0.004214 0.028695 -0.142370
v -0.004214 0.017218 -0.140922
v -0.004214 0.016127 -0.147095
v -0.010525 0.017218 -0.140922
v -0.010525 0.016127 -0.147095
v -0.004214 0.016127 -0.147095
v -0.004214 0.017218 -0.140922
v -0.010525 0.027603 -0.148543
v -0.004214 0.027603 -0.148543
v -0.004214 0.016127 -0.147095
v -0.010525 0.016127 -0.147095
v -0.010525 0.017218 -0.140922
v -0.004214 0.017218 -0.140922
v -0.010525 0.043110 -0.144036
v -0.010525 0.040767 -0.150139
v -0.004214 0.040767 -0.150139
v -0.004214 0.043110 -0.144036
v -0.010525 0.055283 -0.148708
v -0.004214 0.055283 -0.148708
v -0.004214 0.052940 -0.154812
v -0.010525 0.055283 -0.148708
v -0.004214 0.052940 -0.154812
v -0.010525 0.052940 -0.154812
v -0.004214 0.052940 -0.154812
v -0.004214 0.055283 -0.148708
v -0.010525 0.055283 -0.148708
v -0.010525 0.052940 -0.154812
v -0.004214 0.055283 -0.148708
v -0.010525 0.055283 -0.148708
v -0.009884 0.038856 -0.113026
v -0.004854 0.038856 -0.113026
v -0.004838 0.040054 -0.109833
v -0.009901 0.040054 -0.109833
v -0.004783 0.042197 -0.105329
v -0.009956 0.042197 -0.105329
v -0.004851 0.044893 -0.102428
v -0.009888 0.044893 -0.102428
v -0.004919 0.049531 -0.099158
v -0.009820 0.049531 -0.099158
v -0.004919 0.053804 -0.097862
v -0.009820 0.053804 -0.097862
v -0.004919 0.065062 -0.097424
v -0.009820 0.065062 -0.097424
v -0.009884 0.038856 -0.113026
v -0.009913 0.040231 -0.113769
v -0.004826 0.040231 -0.113769
v -0.009884 0.038856 -0.113026
v -0.004826 0.040231 -0.113769
v -0.004854 0.038856 -0.113026
v -0.009820 0.065062 -0.097424
v -0.004919 0.065062 -0.097424
v -0.004919 0.063992 -0.102386
v -0.009820 0.063992 -0.102386
v -0.004873 0.046210 -0.105651
v -0.004838 0.043291 -0.108602
v -0.009901 0.043291 -0.108602
v -0.009866 0.046210 -0.105651
v -0.004919 0.050358 -0.103742
v -0.009820 0.050358 -0.103742
v -0.004919 0.053701 -0.102729
v -0.009820 0.053701 -0.102729
v -0.004919 0.063992 -0.102386
v -0.009820 0.063992 -0.102386
v -0.004826 0.040231 -0.113769
v -0.009913 0.040231 -0.113769
v -0.004919 0.053804 -0.097862
v -0.004919 0.063992 -0.102386
v -0.004919 0.065062 -0.097424
v -0.004919 0.049531 -0.099158
v -0.004851 0.044893 -0.102428
v -0.004919 0.053701 -0.102729
v -0.004783 0.042197 -0.105329
v -0.004919 0.050358 -0.103742
v -0.004873 0.046210 -0.105651
v -0.004838 0.040054 -0.109833
v -0.004838 0.043291 -0.108602
v -0.004826 0.040231 -0.113769
v -0.004854 0.038856 -0.113026
v -0.009820 0.063992 -0.102386
v -0.009820 0.053804 -0.097862
v -0.009820 0.065062 -0.097424
v -0.009820 0.049531 -0.099158
v -0.009888 0.044893 -0.102428
v -0.009820 0.053701 -0.102729
v -0.009956 0.042197 -0.105329
v -0.009820 0.050358 -0.103742
v -0.009866 0.046210 -0.105651
v -0.009901 0.040054 -0.109833
v -0.009901 0.043291 -0.108602
v -0.009913 0.040231 -0.113769
v -0.009884 0.038856 -0.113026
v -0.007369 0.135441 -0.419072
v -0.007369 0.137084 -0.322443
v -0.002341 0.136486 -0.322433
v -0.002341 0.134843 -0.419062
v 0.002495 0.134715 -0.322403
v 0.002495 0.133072 -0.419032
v 0.006951 0.131839 -0.322354
v 0.006951 0.130196 -0.418983
v 0.006951 0.130196 -0.418983
v 0.006951 0.131839 -0.322354
v 0.008439 0.127978 -0.321793
v 0.008439 0.126318 -0.419413
v 0.009507 0.123253 -0.322208
v 0.009507 0.121610 -0.418837
v 0.010334 0.117873 -0.322116
v 0.010334 0.116229 -0.418746
v 0.011140 0.112035 -0.322017
v 0.011140 0.110391 -0.418646
v 0.011140 0.110391 -0.418646
v 0.011140 0.112035 -0.322017
v -0.025879 0.112035 -0.322017
v 0.011140 0.110391 -0.418646
v -0.025879 0.112035 -0.322017
v -0.025879 0.110391 -0.418646
v -0.025879 0.110391 -0.418646
v -0.025879 0.112035 -0.322017
v -0.025073 0.117873 -0.322116
v -0.025073 0.116229 -0.418746
v -0.024246 0.123253 -0.322208
v -0.024246 0.121610 -0.418837
v -0.023178 0.127978 -0.321793
v -0.023178 0.126318 -0.419413
v -0.021690 0.131839 -0.322354
v -0.021690 0.130196 -0.418983
v -0.021690 0.130196 -0.418983
v -0.021690 0.131839 -0.322354
v -0.017234 0.134715 -0.322403
v -0.017234 0.133072 -0.419032
v -0.012398 0.136486 -0.322433
v -0.012398 0.134843 -0.419062
v -0.007369 0.137084 -0.322443
v -0.007369 0.135441 -0.419072
v -0.007369 0.072890 -0.422871
v -0.007369 0.072863 -0.310910
v -0.012398 0.073766 -0.310910
v -0.012398 0.073793 -0.422871
v -0.017234 0.076442 -0.310909
v -0.017234 0.076469 -0.422870
v -0.021690 0.080787 -0.310908
v -0.021690 0.080814 -0.422869
v -0.021690 0.080814 -0.422869
v -0.021690 0.080787 -0.310908
v -0.023178 0.086634 -0.310320
v -0.023178 0.086662 -0.423454
v -0.024246 0.093760 -0.310905
v -0.024246 0.093787 -0.422866
v -0.025073 0.101889 -0.310903
v -0.025073 0.101916 -0.422864
v -0.025879 0.110710 -0.310901
v -0.025879 0.110737 -0.422862
v -0.025879 0.110737 -0.422862
v -0.025879 0.110710 -0.310901
v 0.011140 0.110710 -0.310901
v 0.011140 0.110737 -0.422862
v 0.011140 0.110737 -0.422862
v 0.011140 0.110710 -0.310901
v 0.010334 0.101889 -0.310903
v 0.010334 0.101916 -0.422864
v 0.009507 0.093760 -0.310905
v 0.009507 0.093787 -0.422866
v 0.008439 0.086634 -0.310320
v 0.008439 0.086662 -0.423454
v 0.006951 0.080787 -0.310908
v 0.006951 0.080814 -0.422869
v 0.006951 0.080814 -0.422869
v 0.006951 0.080787 -0.310908
v 0.002495 0.076442 -0.310909
v 0.002495 0.076469 -0.422870
v -0.002341 0.073766 -0.310910
v -0.002341 0.073793 -0.422871
v -0.007369 0.072863 -0.310910
v -0.007369 0.072890 -0.422871
v -0.024865 0.088013 -0.283387
v -0.025723 0.098321 -0.283385
v 0.010984 0.098321 -0.283385
v 0.011819 0.109507 -0.283382
v 0.011819 0.109512 -0.277605
v 0.010984 0.098326 -0.277607
v 0.010126 0.088013 -0.283387
v 0.009019 0.078977 -0.282780
v -0.022216 0.071561 -0.283390
v -0.023758 0.078977 -0.282780
v 0.002857 0.066051 -0.283391
v -0.002156 0.062658 -0.283391
v -0.012583 0.062658 -0.283391
v -0.017596 0.066051 -0.283391
v -0.026558 0.109507 -0.283382
v 0.007477 0.071561 -0.283390
v -0.007369 0.072863 -0.310910
v -0.007369 0.061512 -0.283392
v -0.022216 0.071561 -0.283390
v -0.026558 0.109507 -0.283382
v 0.011819 0.109507 -0.283382
v -0.007369 0.072863 -0.310910
v -0.007369 0.061512 -0.283392
v 0.007477 0.071561 -0.283390
v 0.010984 0.098326 -0.277607
v 0.011819 0.109512 -0.277605
v 0.007904 0.108244 -0.270113
v 0.007239 0.099341 -0.270115
v -0.012583 0.062663 -0.277614
v -0.017596 0.066056 -0.277614
v 0.010126 0.088018 -0.277609
v -0.022216 0.071566 -0.277612
v 0.009019 0.078982 -0.277003
v -0.022216 0.071566 -0.277612
v -0.023758 0.078982 -0.277003
v 0.007477 0.071566 -0.277612
v -0.024865 0.088018 -0.277609
v 0.007477 0.071566 -0.277612
v 0.002857 0.066056 -0.277614
v -0.025723 0.098326 -0.277607
v -0.002156 0.062663 -0.277614
v -0.026558 0.109512 -0.277605
v -0.007369 0.061512 -0.283392
v -0.007369 0.061517 -0.277614
v -0.026558 0.109512 -0.277605
v 0.011819 0.109512 -0.277605
v -0.007369 0.061512 -0.283392
v -0.007369 0.061517 -0.277614
v -0.017596 0.066056 -0.277614
v -0.012583 0.062663 -0.277614
v -0.011519 0.070954 -0.270120
v -0.015509 0.073655 -0.270120
v 0.010126 0.088018 -0.277609
v 0.006556 0.091135 -0.270116
v -0.022216 0.071566 -0.277612
v -0.019186 0.078041 -0.270119
v 0.009019 0.078982 -0.277003
v 0.005675 0.083943 -0.269634
v -0.023758 0.078982 -0.277003
v -0.020414 0.083943 -0.269634
v 0.007477 0.071566 -0.277612
v 0.004447 0.078041 -0.270119
v -0.024865 0.088018 -0.277609
v -0.021295 0.091135 -0.270116
v 0.002857 0.066056 -0.277614
v 0.000770 0.073655 -0.270120
v -0.025723 0.098326 -0.277607
v -0.021978 0.099341 -0.270115
v -0.002156 0.062663 -0.277614
v -0.003220 0.070954 -0.270120
v -0.026558 0.109512 -0.277605
v -0.022642 0.108244 -0.270113
v -0.007369 0.061517 -0.277614
v -0.007369 0.070042 -0.270121
v -0.022642 0.108244 -0.270113
v 0.007904 0.108244 -0.270113
v -0.007369 0.061517 -0.277614
v -0.007369 0.070042 -0.270121
v -0.025073 0.116229 -0.418746
v 0.011140 0.110391 -0.418646
v -0.025879 0.110391 -0.418646
v 0.010334 0.116229 -0.418746
v -0.024246 0.121610 -0.418837
v 0.009507 0.121610 -0.418837
v -0.023178 0.126318 -0.419413
v 0.008439 0.126318 -0.419413
v -0.021690 0.130196 -0.418983
v 0.006951 0.130196 -0.418983
v -0.017234 0.133072 -0.419032
v 0.002495 0.133072 -0.419032
v -0.012398 0.134843 -0.419062
v -0.002341 0.134843 -0.419062
v -0.007369 0.135441 -0.419072
v 0.010334 0.117873 -0.322116
v -0.025879 0.112035 -0.322017
v 0.011140 0.112035 -0.322017
v -0.025073 0.117873 -0.322116
v 0.009507 0.123253 -0.322208
v -0.024246 0.123253 -0.322208
v 0.008439 0.127978 -0.321793
v -0.023178 0.127978 -0.321793
v 0.006951 0.131839 -0.322354
v -0.021690 0.131839 -0.322354
v 0.002495 0.134715 -0.322403
v -0.017234 0.134715 -0.322403
v -0.002341 0.136486 -0.322433
v -0.012398 0.136486 -0.322433
v -0.007369 0.137084 -0.322443
v -0.012398 0.073793 -0.422871
v -0.002341 0.073793 -0.422871
v -0.007369 0.072890 -0.422871
v -0.017234 0.076469 -0.422870
v 0.002495 0.076469 -0.422870
v -0.021690 0.080814 -0.422869
v 0.006951 0.080814 -0.422869
v -0.023178 0.086662 -0.423454
v 0.008439 0.086662 -0.423454
v -0.024246 0.093787 -0.422866
v 0.009507 0.093787 -0.422866
v -0.025073 0.101916 -0.422864
v 0.010334 0.101916 -0.422864
v -0.025879 0.110737 -0.422862
v 0.011140 0.110737 -0.422862
v -0.003220 0.070954 -0.270120
v -0.011519 0.070954 -0.270120
v -0.007369 0.070042 -0.270121
v 0.000770 0.073655 -0.270120
v -0.015509 0.073655 -0.270120
v 0.004447 0.078041 -0.270119
v -0.019186 0.078041 -0.270119
v 0.005675 0.083943 -0.269634
v -0.020414 0.083943 -0.269634
v 0.006556 0.091135 -0.270116
v -0.021295 0.091135 -0.270116
v 0.007239 0.099341 -0.270115
v -0.021978 0.099341 -0.270115
v 0.007904 0.108244 -0.270113
v -0.022642 0.108244 -0.270113
v 0.001848 0.057880 -0.022601
v 0.001848 0.065340 -0.022601
v -0.016587 0.065340 -0.022601
v -0.016587 0.057880 -0.022601
v -0.024073 0.045146 -0.043593
v -0.024073 0.045146 -0.078027
v -0.024073 0.036160 -0.070079
v -0.024073 0.036160 -0.041297
v 0.001848 0.052676 -0.024171
v -0.016587 0.052676 -0.024171
v -0.016587 0.047321 -0.028039
v 0.001848 0.047321 -0.028039
v 0.009334 0.054850 -0.076456
v 0.009334 0.054850 -0.038154
v 0.009334 0.045146 -0.043593
v 0.009334 0.045146 -0.078027
v -0.024073 0.054850 -0.038154
v -0.024073 0.065340 -0.038154
v -0.024073 0.065340 -0.076456
v -0.024073 0.054850 -0.076456
v 0.009334 0.065340 -0.076456
v 0.009334 0.065340 -0.038154
v -0.024073 -0.035724 -0.016330
v -0.024073 -0.035724 -0.042930
v -0.024073 -0.051044 -0.047113
v -0.024073 -0.046283 -0.017538
v 0.009334 0.036160 -0.041297
v 0.009334 0.036160 -0.070079
v 0.001848 0.043132 -0.029610
v -0.016587 0.043132 -0.029610
v -0.016587 0.036160 -0.029610
v 0.001848 0.036160 -0.029610
v -0.016587 -0.039590 -0.054940
v 0.001848 -0.039590 -0.054940
v 0.001848 -0.049111 -0.057915
v -0.016587 -0.049111 -0.057915
v -0.016587 -0.035724 -0.005528
v 0.001848 -0.035724 -0.005528
v -0.016587 0.036160 -0.081766
v 0.001848 0.036160 -0.081766
v 0.001848 -0.019616 -0.060014
v -0.016587 -0.019616 -0.060014
v 0.009334 -0.035724 -0.016330
v 0.009334 -0.035724 -0.042930
v 0.009334 -0.051044 -0.047113
v 0.009334 -0.046283 -0.017538
v 0.009334 -0.052298 -0.018676
v 0.009334 -0.058136 -0.041095
v -0.024073 -0.058136 -0.041095
v -0.024073 -0.052298 -0.018676
v -0.016587 -0.042417 -0.005528
v 0.001848 -0.042417 -0.005528
v -0.016587 -0.060184 -0.039357
v 0.001848 -0.060184 -0.039357
v 0.001848 -0.054036 -0.019005
v -0.016587 -0.054036 -0.019005
v 0.001848 -0.045961 -0.006696
v -0.016587 -0.045961 -0.006696
v -0.016587 -0.049928 -0.009572
v 0.001848 -0.049928 -0.009572
v -0.016587 -0.055151 -0.056545
v 0.001848 -0.055151 -0.056545
v 0.001848 -0.060506 -0.050199
v -0.016587 -0.060506 -0.050199
v -0.016587 0.057880 -0.022601
v -0.021800 0.056771 -0.027045
v -0.020909 0.054896 -0.025705
v -0.016587 0.055100 -0.023061
v -0.021823 0.052724 -0.028614
v -0.020909 0.054896 -0.025705
v -0.021800 0.056771 -0.027045
v -0.016587 0.052676 -0.024171
v -0.016587 0.055100 -0.023061
v -0.020909 0.054896 -0.025705
v -0.021823 0.052724 -0.028614
v 0.001848 0.057880 -0.022601
v 0.001848 0.055100 -0.023061
v 0.006170 0.054896 -0.025705
v 0.007061 0.056771 -0.027045
v 0.001848 0.052676 -0.024171
v 0.007085 0.052724 -0.028614
v 0.006170 0.054896 -0.025705
v 0.001848 0.055100 -0.023061
v 0.007061 0.056771 -0.027045
v 0.006170 0.054896 -0.025705
v 0.007085 0.052724 -0.028614
v -0.016587 0.043132 -0.029610
v -0.016587 0.045192 -0.029150
v -0.020909 0.044989 -0.031735
v -0.021807 0.043900 -0.033614
v -0.016587 0.047321 -0.028039
v -0.021843 0.045551 -0.033367
v -0.020909 0.044989 -0.031735
v -0.016587 0.045192 -0.029150
v -0.021807 0.043900 -0.033614
v -0.020909 0.044989 -0.031735
v -0.021843 0.045551 -0.033367
v -0.021808 0.046491 -0.087454
v -0.020909 0.044971 -0.087454
v -0.021860 0.042888 -0.085366
v 0.001848 0.043132 -0.029610
v 0.007069 0.043900 -0.033614
v 0.006170 0.044989 -0.031735
v 0.001848 0.045192 -0.029150
v 0.007104 0.045551 -0.033367
v 0.006170 0.044989 -0.031735
v 0.007069 0.043900 -0.033614
v 0.001848 0.047321 -0.028039
v 0.007104 0.045551 -0.033367
v 0.007121 0.042888 -0.085366
v 0.006170 0.044971 -0.087454
v 0.007069 0.046491 -0.087454
v -0.021847 -0.037450 -0.051139
v -0.020909 -0.033022 -0.053509
v -0.016587 -0.032157 -0.055921
v -0.021867 -0.027314 -0.053860
v -0.020909 -0.033022 -0.053509
v -0.021847 -0.037450 -0.051139
v -0.021867 -0.027314 -0.053860
v 0.001848 -0.032157 -0.055921
v 0.006170 -0.033022 -0.053509
v 0.007108 -0.037450 -0.051139
v 0.007128 -0.027314 -0.053860
v 0.007108 -0.037450 -0.051139
v 0.006170 -0.033022 -0.053509
v 0.007128 -0.027314 -0.053860
v -0.016587 -0.044256 -0.005870
v -0.020909 -0.044894 -0.007995
v -0.021867 -0.047038 -0.010572
v -0.016587 -0.042417 -0.005528
v -0.021825 -0.043991 -0.008986
v -0.020909 -0.044894 -0.007995
v -0.016587 -0.044256 -0.005870
v -0.021867 -0.047038 -0.010572
v -0.020909 -0.044894 -0.007995
v -0.021825 -0.043991 -0.008986
v -0.021857 -0.054453 -0.053214
v -0.020909 -0.052287 -0.056005
v -0.016587 -0.052487 -0.058012
v -0.021834 -0.049489 -0.054739
v -0.020909 -0.052287 -0.056005
v -0.021857 -0.054453 -0.053214
v -0.016587 -0.052487 -0.058012
v -0.020909 -0.052287 -0.056005
v -0.021834 -0.049489 -0.054739
v 0.007129 -0.047038 -0.010572
v 0.006170 -0.044894 -0.007995
v 0.001848 -0.044256 -0.005870
v 0.007086 -0.043991 -0.008986
v 0.006170 -0.044894 -0.007995
v 0.007129 -0.047038 -0.010572
v 0.001848 -0.042417 -0.005528
v 0.001848 -0.044256 -0.005870
v 0.006170 -0.044894 -0.007995
v 0.007086 -0.043991 -0.008986
v 0.001848 -0.052487 -0.058012
v 0.006170 -0.052287 -0.056005
v 0.007118 -0.054453 -0.053214
v 0.007095 -0.049489 -0.054739
v 0.006170 -0.052287 -0.056005
v 0.001848 -0.052487 -0.058012
v 0.007118 -0.054453 -0.053214
v 0.006170 -0.052287 -0.056005
v 0.007095 -0.049489 -0.054739
v -0.024073 -0.052298 -0.018676
v -0.021923 -0.053419 -0.018597
v -0.020909 -0.052187 -0.014044
v -0.021897 -0.052140 -0.013363
v -0.016587 -0.051795 -0.012811
v -0.020909 -0.052187 -0.014044
v -0.021923 -0.053419 -0.018597
v -0.021897 -0.052140 -0.013363
v -0.020909 -0.052187 -0.014044
v -0.016587 -0.051795 -0.012811
v -0.024073 -0.058136 -0.041095
v -0.021880 -0.060535 -0.046675
v -0.020909 -0.060902 -0.044978
v -0.021939 -0.059675 -0.040267
v -0.016587 -0.061311 -0.045982
v -0.020909 -0.060902 -0.044978
v -0.021880 -0.060535 -0.046675
v -0.021939 -0.059675 -0.040267
v -0.020909 -0.060902 -0.044978
v -0.016587 -0.061311 -0.045982
v 0.009334 -0.052298 -0.018676
v 0.007158 -0.052140 -0.013363
v 0.006170 -0.052187 -0.014044
v 0.007184 -0.053419 -0.018597
v 0.001848 -0.051795 -0.012811
v 0.001848 -0.051795 -0.012811
v 0.007141 -0.060535 -0.046675
v 0.006170 -0.060902 -0.044978
v 0.001848 -0.061311 -0.045982
v 0.009334 -0.058136 -0.041095
v 0.007200 -0.059675 -0.040267
v 0.006170 -0.060902 -0.044978
v 0.007141 -0.060535 -0.046675
v 0.001848 -0.061311 -0.045982
v -0.016587 0.065340 -0.022601
v -0.021799 0.065340 -0.027043
v -0.021800 0.056771 -0.027045
v -0.021799 0.065340 -0.027043
v -0.021799 0.065340 -0.087568
v -0.021880 0.054850 -0.087454
v 0.007141 0.054850 -0.087454
v 0.007059 0.065340 -0.087568
v 0.001848 0.065340 -0.022601
v 0.007059 0.065340 -0.027043
v 0.007059 0.065340 -0.027043
v 0.001848 0.055100 -0.023061
v -0.016587 0.055100 -0.023061
v 0.001848 0.045192 -0.029150
v -0.016587 0.045192 -0.029150
v 0.007069 0.046491 -0.087454
v 0.007085 0.052724 -0.028614
v -0.021880 0.036160 -0.033033
v -0.021880 0.036160 -0.033033
v 0.007069 0.043900 -0.033614
v 0.007141 0.036160 -0.033033
v 0.007141 0.036160 -0.033033
v 0.007141 0.036160 -0.078343
v -0.021860 0.042888 -0.085366
v -0.021880 0.036160 -0.078343
v -0.020909 0.044971 -0.087454
v -0.021808 0.046491 -0.087454
v 0.007069 0.046491 -0.087454
v 0.006170 0.044971 -0.087454
v -0.016587 -0.032157 -0.055921
v 0.001848 -0.032157 -0.055921
v 0.007141 -0.035724 -0.008692
v 0.007141 -0.035724 -0.008692
v 0.007141 0.036160 -0.078343
v 0.007128 -0.027314 -0.053860
v -0.021880 0.036160 -0.078343
v -0.021880 -0.035724 -0.008692
v -0.021880 -0.035724 -0.008692
v -0.021825 -0.043991 -0.008986
v 0.007095 -0.049489 -0.054739
v -0.021847 -0.037450 -0.051139
v 0.007141 -0.060535 -0.046675
v 0.007141 -0.060535 -0.046675
v -0.021857 -0.054453 -0.053214
v -0.021880 -0.060535 -0.046675
v -0.021880 -0.060535 -0.046675
v 0.007158 -0.052140 -0.013363
v 0.007129 -0.047038 -0.010572
v 0.007158 -0.052140 -0.013363
v -0.021897 -0.052140 -0.013363
v -0.021897 -0.052140 -0.013363
v -0.011336 0.031020 -0.100644
v -0.011336 0.033159 -0.100644
v -0.011336 0.033159 -0.102783
v -0.011336 0.031020 -0.102783
v -0.011336 0.033159 -0.102783
v -0.003403 0.033159 -0.102783
v -0.003403 0.033059 -0.131492
v -0.011336 0.033059 -0.131492
v -0.003403 0.031020 -0.102783
v -0.003403 0.033159 -0.102783
v -0.003403 0.033159 -0.100644
v -0.003403 0.031020 -0.100644
v -0.011336 0.031020 -0.094527
v -0.011336 0.033159 -0.094527
v -0.011336 0.031020 -0.102783
v -0.003403 0.031020 -0.102783
v -0.003403 0.031020 -0.100644
v -0.011336 0.031020 -0.100644
v -0.011336 0.033159 -0.100644
v -0.003403 0.033159 -0.100644
v -0.003403 0.034335 -0.134476
v -0.011336 0.034335 -0.134476
v -0.011336 0.033059 -0.131492
v -0.011336 0.031121 -0.132396
v -0.003403 0.031121 -0.132396
v -0.003403 0.033059 -0.131492
v -0.011336 0.031121 -0.132396
v -0.003403 0.031121 -0.132396
v -0.003403 0.033159 -0.094527
v -0.011336 0.033159 -0.094527
v -0.011336 0.033124 -0.093331
v -0.003403 0.033124 -0.093331
v -0.003403 0.031020 -0.094527
v -0.011336 0.031020 -0.094527
v -0.003403 0.033159 -0.094527
v -0.003403 0.031020 -0.094527
v -0.011336 0.031056 -0.092784
v -0.003403 0.031056 -0.092784
v -0.003403 0.031586 -0.091006
v -0.011336 0.031586 -0.091006
v -0.003403 0.033124 -0.093331
v -0.003403 0.031056 -0.092784
v -0.011336 0.031056 -0.092784
v -0.011336 0.033124 -0.093331
v -0.003403 0.038228 -0.081036
v -0.011336 0.038228 -0.081036
v -0.011336 0.031586 -0.091006
v -0.011336 0.033366 -0.092192
v -0.011336 0.033366 -0.092192
v -0.003403 0.033366 -0.092192
v -0.003403 0.033366 -0.092192
v -0.003403 0.031586 -0.091006
v -0.003403 0.038228 -0.081036
v -0.003403 0.040008 -0.082222
v -0.011336 0.040008 -0.082222
v -0.003403 0.038228 -0.081036
v -0.011336 0.040008 -0.082222
v -0.011336 0.038228 -0.081036
v -0.011336 0.038228 -0.081036
v -0.011336 0.040008 -0.082222
v -0.011336 0.040008 -0.082222
v -0.003403 0.040008 -0.082222
v -0.003403 0.040008 -0.082222
v -0.003403 0.038228 -0.081036
v -0.003403 0.037335 -0.137793
v -0.011336 0.037335 -0.137793
v -0.011336 0.034335 -0.134476
v -0.011336 0.032982 -0.136133
v -0.003403 0.032982 -0.136133
v -0.003403 0.034335 -0.134476
v -0.011336 0.032982 -0.136133
v -0.003403 0.032982 -0.136133
v -0.011336 0.037084 -0.139917
v -0.011336 0.037335 -0.137793
v -0.003403 0.037335 -0.137793
v -0.011336 0.037084 -0.139917
v -0.003403 0.037335 -0.137793
v -0.003403 0.037084 -0.139917
v -0.011336 0.037335 -0.137793
v -0.011336 0.037084 -0.139917
v -0.003403 0.037084 -0.139917
v -0.003403 0.037335 -0.137793
v -0.011336 0.037084 -0.139917
v -0.003403 0.037084 -0.139917
v -0.021880 0.054850 -0.087454
v 0.007069 0.046491 -0.087454
v 0.007141 0.054850 -0.087454
v -0.021799 0.065340 -0.087568
v 0.007059 0.065340 -0.087568
v -0.021860 0.042888 -0.085366
v -0.021880 0.036160 -0.078343
v -0.020909 0.044971 -0.087454
v 0.006170 0.044971 -0.087454
v 0.007141 0.036160 -0.078343
v 0.007121 0.042888 -0.085366
v -0.018744 0.075036 -0.158324
v -0.018744 0.075631 -0.159408
v -0.019218 0.075160 -0.159459
v -0.018744 0.081585 -0.213889
v -0.018744 0.081238 -0.215076
v -0.019218 0.081114 -0.213941
v 0.004005 0.075631 -0.159408
v 0.004005 0.075036 -0.158324
v 0.004479 0.075160 -0.159459
v 0.004005 0.081585 -0.213889
v 0.004479 0.081114 -0.213941
v 0.004005 0.081238 -0.215076
v -0.018744 -0.006028 -0.180264
v -0.018744 -0.006019 -0.179395
v -0.019218 -0.005576 -0.180072
v -0.019218 0.024827 -0.226468
v -0.018744 0.025271 -0.227145
v -0.018744 0.024375 -0.226660
v 0.004479 -0.005576 -0.180072
v 0.004005 -0.006019 -0.179395
v 0.004005 -0.006028 -0.180264
v 0.004005 0.024375 -0.226660
v 0.004005 0.025271 -0.227145
v 0.004479 0.024827 -0.226468
v -0.006924 0.074483 -0.153387
v -0.007369 0.075036 -0.154086
v -0.007813 0.074485 -0.153400
v -0.007793 -0.008509 -0.174956
v -0.007369 -0.008710 -0.175608
v -0.006943 -0.008515 -0.174945
v -0.013294 0.051950 -0.160847
v -0.018744 0.051950 -0.160847
v -0.018744 0.036038 -0.163815
v -0.013294 0.036038 -0.163815
v -0.001208 0.058152 -0.217598
v 0.004005 0.058152 -0.217598
v 0.004005 0.051041 -0.218897
v -0.001208 0.051041 -0.218897
v 0.004005 0.051950 -0.160847
v 0.004005 0.075036 -0.158324
v -0.001208 0.075036 -0.158324
v -0.001208 0.051950 -0.160847
v -0.013294 0.081585 -0.213889
v -0.018744 0.081585 -0.213889
v -0.018744 0.075631 -0.159408
v -0.013294 0.075631 -0.159408
v -0.018744 0.058152 -0.217598
v -0.018744 0.081238 -0.215076
v -0.013294 0.081238 -0.215076
v -0.013294 0.058152 -0.217598
v -0.019218 0.052074 -0.161982
v -0.019218 0.075160 -0.159459
v -0.019218 0.081114 -0.213941
v -0.019218 0.058028 -0.216463
v 0.004479 0.050757 -0.217855
v 0.004479 0.036322 -0.164857
v 0.004479 0.020747 -0.169416
v 0.004479 0.043406 -0.219749
v 0.004479 0.058028 -0.216463
v 0.004479 0.081114 -0.213941
v 0.004479 0.075160 -0.159459
v 0.004479 0.052074 -0.161982
v -0.013294 0.075036 -0.158324
v -0.018744 0.075036 -0.158324
v 0.004005 0.043794 -0.220611
v -0.001208 0.043794 -0.220611
v -0.018744 0.020358 -0.168554
v -0.013294 0.020358 -0.168554
v 0.004005 0.036038 -0.163815
v -0.001208 0.036038 -0.163815
v -0.001208 0.020358 -0.168554
v 0.004005 0.020358 -0.168554
v -0.019218 0.020747 -0.169416
v -0.019218 0.043406 -0.219749
v -0.019218 0.035827 -0.221798
v -0.019218 0.005424 -0.175402
v -0.018744 0.043794 -0.220611
v -0.013294 0.043794 -0.220611
v -0.013294 0.036270 -0.222475
v -0.018744 0.036270 -0.222475
v -0.019218 0.024827 -0.226468
v -0.019218 -0.005576 -0.180072
v -0.018744 0.004980 -0.174725
v -0.013294 0.004980 -0.174725
v -0.001208 0.004980 -0.174725
v 0.004005 0.004980 -0.174725
v -0.001208 -0.006019 -0.179395
v 0.004005 -0.006019 -0.179395
v -0.018744 -0.006019 -0.179395
v -0.013294 -0.006019 -0.179395
v -0.013294 0.025271 -0.227145
v -0.013294 0.024375 -0.226660
v -0.013294 -0.006028 -0.180264
v -0.018744 -0.006028 -0.180264
v -0.007369 0.081585 -0.213889
v -0.007369 0.075036 -0.154086
v -0.007369 0.024377 -0.226653
v -0.001208 0.024375 -0.226660
v -0.001208 -0.006028 -0.180264
v -0.007369 -0.008710 -0.175608
v -0.007369 0.036270 -0.222475
v -0.001208 0.036270 -0.222475
v -0.001208 0.025271 -0.227145
v -0.007369 0.025271 -0.227145
v -0.007369 0.043794 -0.220611
v -0.007797 0.002763 -0.170175
v -0.007793 -0.008509 -0.174956
v -0.007803 0.018506 -0.163863
v -0.013294 0.051041 -0.218897
v -0.007369 0.051041 -0.218897
v -0.007808 0.034556 -0.159017
v -0.007369 0.058152 -0.217598
v -0.007369 0.081238 -0.215076
v -0.007811 0.050844 -0.155982
v -0.001208 0.081238 -0.215076
v 0.004005 0.081238 -0.215076
v 0.004005 0.081585 -0.213889
v -0.001208 0.081585 -0.213889
v -0.001208 0.075631 -0.159408
v 0.004005 0.075631 -0.159408
v -0.018744 0.051041 -0.218897
v 0.004005 0.036270 -0.222475
v -0.007813 0.074485 -0.153400
v -0.019218 0.036322 -0.164857
v -0.019218 0.050757 -0.217855
v 0.004479 0.005424 -0.175402
v 0.004479 0.035827 -0.221798
v 0.004479 -0.005576 -0.180072
v 0.004479 0.024827 -0.226468
v 0.004005 -0.006028 -0.180264
v -0.006938 0.002757 -0.170164
v -0.006943 -0.008515 -0.174945
v -0.006933 0.018501 -0.163851
v -0.006929 0.034552 -0.159004
v -0.006926 0.050841 -0.155969
v -0.001208 0.081585 -0.213889
v -0.007369 0.081585 -0.213889
v -0.007369 0.075036 -0.154086
v -0.007369 0.075036 -0.154086
v -0.006924 0.074483 -0.153387
v -0.018744 0.051950 -0.160847
v -0.018744 0.075036 -0.158324
v -0.019218 0.075160 -0.159459
v -0.019218 0.052074 -0.161982
v -0.018744 0.075631 -0.159408
v -0.018744 0.081585 -0.213889
v -0.019218 0.081114 -0.213941
v -0.018744 0.075631 -0.159408
v -0.019218 0.081114 -0.213941
v -0.019218 0.075160 -0.159459
v -0.018744 0.081238 -0.215076
v -0.018744 0.058152 -0.217598
v -0.019218 0.058028 -0.216463
v -0.019218 0.081114 -0.213941
v -0.001208 0.081585 -0.213889
v 0.004005 0.081585 -0.213889
v 0.004005 0.081238 -0.215076
v -0.001208 0.081238 -0.215076
v 0.004479 0.081114 -0.213941
v 0.004479 0.058028 -0.216463
v 0.004005 0.058152 -0.217598
v 0.004005 0.081238 -0.215076
v 0.004005 0.081585 -0.213889
v 0.004005 0.075631 -0.159408
v 0.004479 0.075160 -0.159459
v 0.004005 0.081585 -0.213889
v 0.004479 0.075160 -0.159459
v 0.004479 0.081114 -0.213941
v 0.004005 0.075036 -0.158324
v 0.004005 0.051950 -0.160847
v 0.004479 0.052074 -0.161982
v 0.004479 0.075160 -0.159459
v -0.013294 0.075631 -0.159408
v -0.018744 0.075631 -0.159408
v -0.018744 0.075036 -0.158324
v -0.013294 0.075036 -0.158324
v -0.019218 0.050757 -0.217855
v -0.018744 0.051041 -0.218897
v -0.019218 0.036322 -0.164857
v -0.018744 0.036038 -0.163815
v 0.004479 0.050757 -0.217855
v 0.004005 0.051041 -0.218897
v 0.004479 0.036322 -0.164857
v 0.004005 0.036038 -0.163815
v -0.019218 0.043406 -0.219749
v -0.018744 0.043794 -0.220611
v 0.004005 0.020358 -0.168554
v 0.004479 0.020747 -0.169416
v -0.019218 0.036322 -0.164857
v -0.019218 0.020747 -0.169416
v -0.018744 0.020358 -0.168554
v -0.018744 0.036038 -0.163815
v 0.004005 0.043794 -0.220611
v 0.004479 0.043406 -0.219749
v -0.019218 0.005424 -0.175402
v -0.018744 0.004980 -0.174725
v 0.004479 0.005424 -0.175402
v 0.004005 0.004980 -0.174725
v 0.004479 0.035827 -0.221798
v 0.004005 0.036270 -0.222475
v -0.019218 0.035827 -0.221798
v -0.018744 0.036270 -0.222475
v -0.018744 -0.006028 -0.180264
v -0.019218 -0.005576 -0.180072
v 0.004005 -0.006028 -0.180264
v 0.004479 -0.005576 -0.180072
v -0.001208 -0.006028 -0.180264
v 0.004005 -0.006028 -0.180264
v 0.004005 -0.006019 -0.179395
v -0.001208 -0.006019 -0.179395
v 0.004005 -0.006019 -0.179395
v 0.004479 -0.005576 -0.180072
v -0.018744 0.025271 -0.227145
v -0.019218 0.024827 -0.226468
v -0.018744 -0.006019 -0.179395
v -0.019218 -0.005576 -0.180072
v -0.013294 0.081585 -0.213889
v -0.007369 0.081585 -0.213889
v -0.007369 0.081238 -0.215076
v -0.013294 0.081585 -0.213889
v -0.007369 0.081238 -0.215076
v -0.013294 0.081238 -0.215076
v -0.001208 0.075631 -0.159408
v -0.007369 0.075036 -0.154086
v -0.006924 0.074483 -0.153387
v -0.001208 0.075036 -0.158324
v -0.013294 -0.006028 -0.180264
v -0.007369 -0.008710 -0.175608
v -0.007793 -0.008509 -0.174956
v -0.013294 -0.006019 -0.179395
v -0.007369 0.081585 -0.213889
v -0.001208 0.081585 -0.213889
v -0.001208 0.081238 -0.215076
v -0.007369 0.081585 -0.213889
v -0.001208 0.081238 -0.215076
v -0.007369 0.081238 -0.215076
v -0.007369 -0.008710 -0.175608
v -0.006943 -0.008515 -0.174945
v 0.004005 0.075631 -0.159408
v 0.004005 0.075036 -0.158324
v -0.007369 0.075036 -0.154086
v -0.007813 0.074485 -0.153400
v -0.018744 0.081585 -0.213889
v -0.013294 0.081585 -0.213889
v -0.013294 0.081238 -0.215076
v -0.018744 0.081585 -0.213889
v -0.013294 0.081238 -0.215076
v -0.018744 0.081238 -0.215076
v -0.018744 -0.006028 -0.180264
v -0.018744 -0.006019 -0.179395
v -0.016273 0.126195 -0.049032
v -0.015486 0.129034 -0.049032
v -0.015486 0.129034 -0.070511
v -0.016273 0.126195 -0.070511
v -0.016273 0.126195 -0.070511
v -0.015486 0.129034 -0.070511
v 0.000747 0.129034 -0.070511
v 0.001534 0.126195 -0.070511
v 0.001534 0.126195 -0.070511
v 0.000747 0.129034 -0.070511
v 0.000747 0.129034 -0.049032
v 0.001534 0.126195 -0.049032
v 0.001534 0.126195 -0.049032
v 0.000747 0.129034 -0.049032
v -0.015486 0.129034 -0.049032
v -0.016273 0.126195 -0.049032
v -0.016273 0.126195 -0.070511
v 0.001534 0.126195 -0.070511
v 0.001534 0.126195 -0.049032
v -0.016273 0.126195 -0.049032
v -0.016384 0.129793 -0.070511
v 0.001645 0.129793 -0.070511
v 0.001645 0.129793 -0.065119
v 0.001645 0.129793 -0.070511
v 0.001645 0.130788 -0.070511
v 0.001645 0.130788 -0.065119
v 0.001645 0.130788 -0.049032
v 0.001645 0.129793 -0.049032
v 0.001645 0.129793 -0.054425
v 0.001645 0.130788 -0.054425
v 0.001645 0.129793 -0.049032
v -0.016384 0.129793 -0.049032
v -0.016384 0.130788 -0.049032
v 0.001645 0.130788 -0.049032
v 0.000704 0.131500 -0.049032
v -0.015443 0.131500 -0.049032
v -0.016384 0.129793 -0.049032
v -0.016384 0.130788 -0.049032
v -0.016384 0.130788 -0.054425
v -0.016384 0.129793 -0.054425
v -0.016384 0.130788 -0.065119
v -0.016384 0.130788 -0.070511
v -0.016384 0.129793 -0.070511
v -0.016384 0.129793 -0.065119
v -0.016384 0.130788 -0.070511
v 0.001645 0.130788 -0.070511
v -0.015443 0.131500 -0.054425
v -0.015443 0.131500 -0.049032
v 0.000704 0.131500 -0.049032
v 0.000704 0.131500 -0.054425
v 0.000704 0.131500 -0.065119
v 0.000704 0.131500 -0.070511
v -0.015443 0.131500 -0.070511
v -0.015443 0.131500 -0.065119
v -0.015443 0.131500 -0.070511
v 0.000704 0.131500 -0.070511
v 0.000704 0.131500 -0.070511
v 0.000704 0.131500 -0.065119
v 0.000704 0.131500 -0.049032
v 0.000704 0.131500 -0.054425
v -0.015443 0.131500 -0.049032
v -0.015443 0.131500 -0.054425
v -0.015443 0.131500 -0.065119
v -0.015443 0.131500 -0.070511
v 0.001587 0.129744 -0.054425
v 0.001587 0.129744 -0.065119
v -0.016326 0.129744 -0.065119
v -0.016326 0.129744 -0.054425
v -0.016273 0.126195 -0.070511
v -0.015486 0.129034 -0.070511
v -0.015486 0.129034 -0.091990
v -0.016273 0.126195 -0.091990
v -0.016273 0.126195 -0.091990
v -0.015486 0.129034 -0.091990
v 0.000747 0.129034 -0.091990
v 0.001534 0.126195 -0.091990
v 0.001534 0.126195 -0.091990
v 0.000747 0.129034 -0.091990
v 0.000747 0.129034 -0.070511
v 0.001534 0.126195 -0.070511
v 0.001534 0.126195 -0.070511
v 0.000747 0.129034 -0.070511
v -0.015486 0.129034 -0.070511
v -0.016273 0.126195 -0.070511
v -0.016273 0.126195 -0.091990
v 0.001534 0.126195 -0.091990
v 0.001534 0.126195 -0.070511
v -0.016273 0.126195 -0.070511
v -0.016384 0.129793 -0.091990
v 0.001645 0.129793 -0.091990
v 0.001645 0.129793 -0.086598
v 0.001645 0.129793 -0.091990
v 0.001645 0.130788 -0.091990
v 0.001645 0.130788 -0.086598
v 0.001645 0.130788 -0.070511
v 0.001645 0.129793 -0.070511
v 0.001645 0.129793 -0.075904
v 0.001645 0.130788 -0.075904
v 0.001645 0.129793 -0.070511
v -0.016384 0.129793 -0.070511
v -0.016384 0.130788 -0.070511
v 0.001645 0.130788 -0.070511
v 0.000704 0.131500 -0.070511
v -0.015443 0.131500 -0.070511
v -0.016384 0.129793 -0.070511
v -0.016384 0.130788 -0.070511
v -0.016384 0.130788 -0.075904
v -0.016384 0.129793 -0.075904
v -0.016384 0.130788 -0.086598
v -0.016384 0.130788 -0.091990
v -0.016384 0.129793 -0.091990
v -0.016384 0.129793 -0.086598
v -0.016384 0.130788 -0.091990
v 0.001645 0.130788 -0.091990
v -0.015443 0.131500 -0.075904
v -0.015443 0.131500 -0.070511
v 0.000704 0.131500 -0.070511
v 0.000704 0.131500 -0.075904
v 0.000704 0.131500 -0.086598
v 0.000704 0.131500 -0.091990
v -0.015443 0.131500 -0.091990
v -0.015443 0.131500 -0.086598
v -0.015443 0.131500 -0.091990
v 0.000704 0.131500 -0.091990
v 0.000704 0.131500 -0.091990
v 0.000704 0.131500 -0.086598
v 0.000704 0.131500 -0.070511
v 0.000704 0.131500 -0.075904
v -0.015443 0.131500 -0.070511
v -0.015443 0.131500 -0.075904
v -0.015443 0.131500 -0.086598
v -0.015443 0.131500 -0.091990
v 0.001587 0.129744 -0.075904
v 0.001587 0.129744 -0.086598
v -0.016326 0.129744 -0.086598
v -0.016326 0.129744 -0.075904
v -0.016273 0.126195 -0.091990
v -0.015486 0.129034 -0.091990
v -0.015486 0.129034 -0.113470
v -0.016273 0.126195 -0.113470
v -0.016273 0.126195 -0.113470
v -0.015486 0.129034 -0.113470
v 0.000747 0.129034 -0.113470
v 0.001534 0.126195 -0.113470
v 0.001534 0.126195 -0.113470
v 0.000747 0.129034 -0.113470
v 0.000747 0.129034 -0.091990
v 0.001534 0.126195 -0.091990
v 0.001534 0.126195 -0.091990
v 0.000747 0.129034 -0.091990
v -0.015486 0.129034 -0.091990
v -0.016273 0.126195 -0.091990
v -0.016273 0.126195 -0.113470
v 0.001534 0.126195 -0.113470
v 0.001534 0.126195 -0.091990
v -0.016273 0.126195 -0.091990
v -0.016384 0.129793 -0.113470
v 0.001645 0.129793 -0.113470
v 0.001645 0.129793 -0.108077
v 0.001645 0.129793 -0.113470
v 0.001645 0.130788 -0.113470
v 0.001645 0.130788 -0.108077
v 0.001645 0.130788 -0.091990
v 0.001645 0.129793 -0.091990
v 0.001645 0.129793 -0.097383
v 0.001645 0.130788 -0.097383
v 0.001645 0.129793 -0.091990
v -0.016384 0.129793 -0.091990
v -0.016384 0.130788 -0.091990
v 0.001645 0.130788 -0.091990
v 0.000704 0.131500 -0.091990
v -0.015443 0.131500 -0.091990
v -0.016384 0.129793 -0.091990
v -0.016384 0.130788 -0.091990
v -0.016384 0.130788 -0.097383
v -0.016384 0.129793 -0.097383
v -0.016384 0.130788 -0.108077
v -0.016384 0.130788 -0.113470
v -0.016384 0.129793 -0.113470
v -0.016384 0.129793 -0.108077
v -0.016384 0.130788 -0.113470
v 0.001645 0.130788 -0.113470
v -0.015443 0.131500 -0.097383
v -0.015443 0.131500 -0.091990
v 0.000704 0.131500 -0.091990
v 0.000704 0.131500 -0.097383
v 0.000704 0.131500 -0.108077
v 0.000704 0.131500 -0.113470
v -0.015443 0.131500 -0.113470
v -0.015443 0.131500 -0.108077
v -0.015443 0.131500 -0.113470
v 0.000704 0.131500 -0.113470
v 0.000704 0.131500 -0.113470
v 0.000704 0.131500 -0.108077
v 0.000704 0.131500 -0.091990
v 0.000704 0.131500 -0.097383
v -0.015443 0.131500 -0.091990
v -0.015443 0.131500 -0.097383
v -0.015443 0.131500 -0.108077
v -0.015443 0.131500 -0.113470
v 0.001587 0.129744 -0.097383
v 0.001587 0.129744 -0.108077
v -0.016326 0.129744 -0.108077
v -0.016326 0.129744 -0.097383
v -0.016273 0.126195 -0.113470
v -0.015486 0.129034 -0.113470
v -0.015486 0.129034 -0.134949
v -0.016273 0.126195 -0.134949
v -0.016273 0.126195 -0.134949
v -0.015486 0.129034 -0.134949
v 0.000747 0.129034 -0.134949
v 0.001534 0.126195 -0.134949
v 0.001534 0.126195 -0.134949
v 0.000747 0.129034 -0.134949
v 0.000747 0.129034 -0.113470
v 0.001534 0.126195 -0.113470
v 0.001534 0.126195 -0.113470
v 0.000747 0.129034 -0.113470
v -0.015486 0.129034 -0.113470
v -0.016273 0.126195 -0.113470
v -0.016273 0.126195 -0.134949
v 0.001534 0.126195 -0.134949
v 0.001534 0.126195 -0.113470
v -0.016273 0.126195 -0.113470
v -0.016384 0.129793 -0.134949
v 0.001645 0.129793 -0.134949
v 0.001645 0.129793 -0.129556
v 0.001645 0.129793 -0.134949
v 0.001645 0.130788 -0.134949
v 0.001645 0.130788 -0.129556
v 0.001645 0.130788 -0.113470
v 0.001645 0.129793 -0.113470
v 0.001645 0.129793 -0.118862
v 0.001645 0.130788 -0.118862
v 0.001645 0.129793 -0.113470
v -0.016384 0.129793 -0.113470
v -0.016384 0.130788 -0.113470
v 0.001645 0.130788 -0.113470
v 0.000704 0.131500 -0.113470
v -0.015443 0.131500 -0.113470
v -0.016384 0.129793 -0.113470
v -0.016384 0.130788 -0.113470
v -0.016384 0.130788 -0.118862
v -0.016384 0.129793 -0.118862
v -0.016384 0.130788 -0.129556
v -0.016384 0.130788 -0.134949
v -0.016384 0.129793 -0.134949
v -0.016384 0.129793 -0.129556
v -0.016384 0.130788 -0.134949
v 0.001645 0.130788 -0.134949
v -0.015443 0.131500 -0.118862
v -0.015443 0.131500 -0.113470
v 0.000704 0.131500 -0.113470
v 0.000704 0.131500 -0.118862
v 0.000704 0.131500 -0.129556
v 0.000704 0.131500 -0.134949
v -0.015443 0.131500 -0.134949
v -0.015443 0.131500 -0.129556
v -0.015443 0.131500 -0.134949
v 0.000704 0.131500 -0.134949
v 0.000704 0.131500 -0.134949
v 0.000704 0.131500 -0.129556
v 0.000704 0.131500 -0.113470
v 0.000704 0.131500 -0.118862
v -0.015443 0.131500 -0.113470
v -0.015443 0.131500 -0.118862
v -0.015443 0.131500 -0.129556
v -0.015443 0.131500 -0.134949
v 0.001587 0.129744 -0.118862
v 0.001587 0.129744 -0.129556
v -0.016326 0.129744 -0.129556
v -0.016326 0.129744 -0.118862
v -0.016273 0.126195 -0.134949
v -0.015486 0.129034 -0.134949
v -0.015486 0.129034 -0.156428
v -0.016273 0.126195 -0.156428
v -0.016273 0.126195 -0.156428
v -0.015486 0.129034 -0.156428
v 0.000747 0.129034 -0.156428
v 0.001534 0.126195 -0.156428
v 0.001534 0.126195 -0.156428
v 0.000747 0.129034 -0.156428
v 0.000747 0.129034 -0.134949
v 0.001534 0.126195 -0.134949
v 0.001534 0.126195 -0.134949
v 0.000747 0.129034 -0.134949
v -0.015486 0.129034 -0.134949
v -0.016273 0.126195 -0.134949
v -0.016273 0.126195 -0.156428
v 0.001534 0.126195 -0.156428
v 0.001534 0.126195 -0.134949
v -0.016273 0.126195 -0.134949
v -0.016384 0.129793 -0.156428
v 0.001645 0.129793 -0.156428
v 0.001645 0.129793 -0.151035
v 0.001645 0.129793 -0.156428
v 0.001645 0.130788 -0.156428
v 0.001645 0.130788 -0.151035
v 0.001645 0.130788 -0.134949
v 0.001645 0.129793 -0.134949
v 0.001645 0.129793 -0.140341
v 0.001645 0.130788 -0.140341
v 0.001645 0.129793 -0.134949
v -0.016384 0.129793 -0.134949
v -0.016384 0.130788 -0.134949
v 0.001645 0.130788 -0.134949
v 0.000704 0.131500 -0.134949
v -0.015443 0.131500 -0.134949
v -0.016384 0.129793 -0.134949
v -0.016384 0.130788 -0.134949
v -0.016384 0.130788 -0.140341
v -0.016384 0.129793 -0.140341
v -0.016384 0.130788 -0.151035
v -0.016384 0.130788 -0.156428
v -0.016384 0.129793 -0.156428
v -0.016384 0.129793 -0.151035
v -0.016384 0.130788 -0.156428
v 0.001645 0.130788 -0.156428
v -0.015443 0.131500 -0.140341
v -0.015443 0.131500 -0.134949
v 0.000704 0.131500 -0.134949
v 0.000704 0.131500 -0.140341
v 0.000704 0.131500 -0.151035
v 0.000704 0.131500 -0.156428
v -0.015443 0.131500 -0.156428
v -0.015443 0.131500 -0.151035
v -0.015443 0.131500 -0.156428
v 0.000704 0.131500 -0.156428
v 0.000704 0.131500 -0.156428
v 0.000704 0.131500 -0.151035
v 0.000704 0.131500 -0.134949
v 0.000704 0.131500 -0.140341
v -0.015443 0.131500 -0.134949
v -0.015443 0.131500 -0.140341
v -0.015443 0.131500 -0.151035
v -0.015443 0.131500 -0.156428
v 0.001587 0.129744 -0.140341
v 0.001587 0.129744 -0.151035
v -0.016326 0.129744 -0.151035
v -0.016326 0.129744 -0.140341
v -0.016273 0.126195 -0.156428
v -0.015486 0.129034 -0.156428
v -0.015486 0.129034 -0.177907
v -0.016273 0.126195 -0.177907
v -0.016273 0.126195 -0.177907
v -0.015486 0.129034 -0.177907
v 0.000747 0.129034 -0.177907
v 0.001534 0.126195 -0.177907
v 0.001534 0.126195 -0.177907
v 0.000747 0.129034 -0.177907
v 0.000747 0.129034 -0.156428
v 0.001534 0.126195 -0.156428
v 0.001534 0.126195 -0.156428
v 0.000747 0.129034 -0.156428
v -0.015486 0.129034 -0.156428
v -0.016273 0.126195 -0.156428
v -0.016273 0.126195 -0.177907
v 0.001534 0.126195 -0.177907
v 0.001534 0.126195 -0.156428
v -0.016273 0.126195 -0.156428
v -0.016384 0.129793 -0.177907
v 0.001645 0.129793 -0.177907
v 0.001645 0.129793 -0.172514
v 0.001645 0.129793 -0.177907
v 0.001645 0.130788 -0.177907
v 0.001645 0.130788 -0.172514
v 0.001645 0.130788 -0.156428
v 0.001645 0.129793 -0.156428
v 0.001645 0.129793 -0.161820
v 0.001645 0.130788 -0.161820
v 0.001645 0.129793 -0.156428
v -0.016384 0.129793 -0.156428
v -0.016384 0.130788 -0.156428
v 0.001645 0.130788 -0.156428
v 0.000704 0.131500 -0.156428
v -0.015443 0.131500 -0.156428
v -0.016384 0.129793 -0.156428
v -0.016384 0.130788 -0.156428
v -0.016384 0.130788 -0.161820
v -0.016384 0.129793 -0.161820
v -0.016384 0.130788 -0.172514
v -0.016384 0.130788 -0.177907
v -0.016384 0.129793 -0.177907
v -0.016384 0.129793 -0.172514
v -0.016384 0.130788 -0.177907
v 0.001645 0.130788 -0.177907
v -0.015443 0.131500 -0.161820
v -0.015443 0.131500 -0.156428
v 0.000704 0.131500 -0.156428
v 0.000704 0.131500 -0.161820
v 0.000704 0.131500 -0.172514
v 0.000704 0.131500 -0.177907
v -0.015443 0.131500 -0.177907
v -0.015443 0.131500 -0.172514
v -0.015443 0.131500 -0.177907
v 0.000704 0.131500 -0.177907
v 0.000704 0.131500 -0.177907
v 0.000704 0.131500 -0.172514
v 0.000704 0.131500 -0.156428
v 0.000704 0.131500 -0.161820
v -0.015443 0.131500 -0.156428
v -0.015443 0.131500 -0.161820
v -0.015443 0.131500 -0.172514
v -0.015443 0.131500 -0.177907
v 0.001587 0.129744 -0.161820
v 0.001587 0.129744 -0.172514
v -0.016326 0.129744 -0.172514
v -0.016326 0.129744 -0.161820
v -0.016273 0.126195 -0.177907
v -0.015486 0.129034 -0.177907
v -0.015486 0.129034 -0.199386
v -0.016273 0.126195 -0.199386
v -0.016273 0.126195 -0.199386
v -0.015486 0.129034 -0.199386
v 0.000747 0.129034 -0.199386
v 0.001534 0.126195 -0.199386
v 0.001534 0.126195 -0.199386
v 0.000747 0.129034 -0.199386
v 0.000747 0.129034 -0.177907
v 0.001534 0.126195 -0.177907
v 0.001534 0.126195 -0.177907
v 0.000747 0.129034 -0.177907
v -0.015486 0.129034 -0.177907
v -0.016273 0.126195 -0.177907
v -0.016273 0.126195 -0.199386
v 0.001534 0.126195 -0.199386
v 0.001534 0.126195 -0.177907
v -0.016273 0.126195 -0.177907
v -0.016384 0.129793 -0.199386
v 0.001645 0.129793 -0.199386
v 0.001645 0.129793 -0.193994
v 0.001645 0.129793 -0.199386
v 0.001645 0.130788 -0.199386
v 0.001645 0.130788 -0.193994
v 0.001645 0.130788 -0.177907
v 0.001645 0.129793 -0.177907
v 0.001645 0.129793 -0.183299
v 0.001645 0.130788 -0.183299
v 0.001645 0.129793 -0.177907
v -0.016384 0.129793 -0.177907
v -0.016384 0.130788 -0.177907
v 0.001645 0.130788 -0.177907
v 0.000704 0.131500 -0.177907
v -0.015443 0.131500 -0.177907
v -0.016384 0.129793 -0.177907
v -0.016384 0.130788 -0.177907
v -0.016384 0.130788 -0.183299
v -0.016384 0.129793 -0.183299
v -0.016384 0.130788 -0.193994
v -0.016384 0.130788 -0.199386
v -0.016384 0.129793 -0.199386
v -0.016384 0.129793 -0.193994
v -0.016384 0.130788 -0.199386
v 0.001645 0.130788 -0.199386
v -0.015443 0.131500 -0.183299
v -0.015443 0.131500 -0.177907
v 0.000704 0.131500 -0.177907
v 0.000704 0.131500 -0.183299
v 0.000704 0.131500 -0.193994
v 0.000704 0.131500 -0.199386
v -0.015443 0.131500 -0.199386
v -0.015443 0.131500 -0.193994
v -0.015443 0.131500 -0.199386
v 0.000704 0.131500 -0.199386
v 0.000704 0.131500 -0.199386
v 0.000704 0.131500 -0.193994
v 0.000704 0.131500 -0.177907
v 0.000704 0.131500 -0.183299
v -0.015443 0.131500 -0.177907
v -0.015443 0.131500 -0.183299
v -0.015443 0.131500 -0.193994
v -0.015443 0.131500 -0.199386
v 0.001587 0.129744 -0.183299
v 0.001587 0.129744 -0.193994
v -0.016326 0.129744 -0.193994
v -0.016326 0.129744 -0.183299
v -0.016273 0.126195 -0.199386
v -0.015486 0.129034 -0.199386
v -0.015486 0.129034 -0.220865
v -0.016273 0.126195 -0.220865
v -0.016273 0.126195 -0.220865
v -0.015486 0.129034 -0.220865
v 0.000747 0.129034 -0.220865
v 0.001534 0.126195 -0.220865
v 0.001534 0.126195 -0.220865
v 0.000747 0.129034 -0.220865
v 0.000747 0.129034 -0.199386
v 0.001534 0.126195 -0.199386
v 0.001534 0.126195 -0.199386
v 0.000747 0.129034 -0.199386
v -0.015486 0.129034 -0.199386
v -0.016273 0.126195 -0.199386
v -0.016273 0.126195 -0.220865
v 0.001534 0.126195 -0.220865
v 0.001534 0.126195 -0.199386
v -0.016273 0.126195 -0.199386
v -0.016384 0.129793 -0.220865
v 0.001645 0.129793 -0.220865
v 0.001645 0.129793 -0.215473
v 0.001645 0.129793 -0.220865
v 0.001645 0.130788 -0.220865
v 0.001645 0.130788 -0.215473
v 0.001645 0.130788 -0.199386
v 0.001645 0.129793 -0.199386
v 0.001645 0.129793 -0.204778
v 0.001645 0.130788 -0.204778
v 0.001645 0.129793 -0.199386
v -0.016384 0.129793 -0.199386
v -0.016384 0.130788 -0.199386
v 0.001645 0.130788 -0.199386
v 0.000704 0.131500 -0.199386
v -0.015443 0.131500 -0.199386
v -0.016384 0.129793 -0.199386
v -0.016384 0.130788 -0.199386
v -0.016384 0.130788 -0.204778
v -0.016384 0.129793 -0.204778
v -0.016384 0.130788 -0.215473
v -0.016384 0.130788 -0.220865
v -0.016384 0.129793 -0.220865
v -0.016384 0.129793 -0.215473
v -0.016384 0.130788 -0.220865
v 0.001645 0.130788 -0.220865
v -0.015443 0.131500 -0.204778
v -0.015443 0.131500 -0.199386
v 0.000704 0.131500 -0.199386
v 0.000704 0.131500 -0.204778
v 0.000704 0.131500 -0.215473
v 0.000704 0.131500 -0.220865
v -0.015443 0.131500 -0.220865
v -0.015443 0.131500 -0.215473
v -0.015443 0.131500 -0.220865
v 0.000704 0.131500 -0.220865
v 0.000704 0.131500 -0.220865
v 0.000704 0.131500 -0.215473
v 0.000704 0.131500 -0.199386
v 0.000704 0.131500 -0.204778
v -0.015443 0.131500 -0.199386
v -0.015443 0.131500 -0.204778
v -0.015443 0.131500 -0.215473
v -0.015443 0.131500 -0.220865
v 0.001587 0.129744 -0.204778
v 0.001587 0.129744 -0.215473
v -0.016326 0.129744 -0.215473
v -0.016326 0.129744 -0.204778
v -0.016273 0.126195 -0.220865
v -0.015486 0.129034 -0.220865
v -0.015486 0.129034 -0.242344
v -0.016273 0.126195 -0.242344
v -0.016273 0.126195 -0.242344
v -0.015486 0.129034 -0.242344
v 0.000747 0.129034 -0.242344
v 0.001534 0.126195 -0.242344
v 0.001534 0.126195 -0.242344
v 0.000747 0.129034 -0.242344
v 0.000747 0.129034 -0.220865
v 0.001534 0.126195 -0.220865
v 0.001534 0.126195 -0.220865
v 0.000747 0.129034 -0.220865
v -0.015486 0.129034 -0.220865
v -0.016273 0.126195 -0.220865
v -0.016273 0.126195 -0.242344
v 0.001534 0.126195 -0.242344
v 0.001534 0.126195 -0.220865
v -0.016273 0.126195 -0.220865
v -0.016384 0.129793 -0.242344
v 0.001645 0.129793 -0.242344
v 0.001645 0.129793 -0.236952
v 0.001645 0.129793 -0.242344
v 0.001645 0.130788 -0.242344
v 0.001645 0.130788 -0.236952
v 0.001645 0.130788 -0.220865
v 0.001645 0.129793 -0.220865
v 0.001645 0.129793 -0.226258
v 0.001645 0.130788 -0.226258
v 0.001645 0.129793 -0.220865
v -0.016384 0.129793 -0.220865
v -0.016384 0.130788 -0.220865
v 0.001645 0.130788 -0.220865
v 0.000704 0.131500 -0.220865
v -0.015443 0.131500 -0.220865
v -0.016384 0.129793 -0.220865
v -0.016384 0.130788 -0.220865
v -0.016384 0.130788 -0.226258
v -0.016384 0.129793 -0.226258
v -0.016384 0.130788 -0.236952
v -0.016384 0.130788 -0.242344
v -0.016384 0.129793 -0.242344
v -0.016384 0.129793 -0.236952
v -0.016384 0.130788 -0.242344
v 0.001645 0.130788 -0.242344
v -0.015443 0.131500 -0.226258
v -0.015443 0.131500 -0.220865
v 0.000704 0.131500 -0.220865
v 0.000704 0.131500 -0.226258
v 0.000704 0.131500 -0.236952
v 0.000704 0.131500 -0.242344
v -0.015443 0.131500 -0.242344
v -0.015443 0.131500 -0.236952
v -0.015443 0.131500 -0.242344
v 0.000704 0.131500 -0.242344
v 0.000704 0.131500 -0.242344
v 0.000704 0.131500 -0.236952
v 0.000704 0.131500 -0.220865
v 0.000704 0.131500 -0.226258
v -0.015443 0.131500 -0.220865
v -0.015443 0.131500 -0.226258
v -0.015443 0.131500 -0.236952
v -0.015443 0.131500 -0.242344
v 0.001587 0.129744 -0.226258
v 0.001587 0.129744 -0.236952
v -0.016326 0.129744 -0.236952
v -0.016326 0.129744 -0.226258
v 0.001587 0.129744 -0.065119
v 0.001587 0.129744 -0.054425
v -0.016326 0.129744 -0.065119
v -0.016326 0.129744 -0.054425
v 0.001645 0.129793 -0.065119
v -0.016326 0.129744 -0.065119
v 0.001587 0.129744 -0.065119
v -0.016384 0.129793 -0.065119
v 0.001645 0.130788 -0.065119
v -0.016384 0.130788 -0.065119
v 0.000704 0.131500 -0.065119
v -0.015443 0.131500 -0.065119
v -0.016384 0.129793 -0.054425
v 0.001587 0.129744 -0.054425
v -0.016326 0.129744 -0.054425
v 0.001645 0.129793 -0.054425
v -0.016384 0.130788 -0.054425
v 0.001645 0.130788 -0.054425
v -0.015443 0.131500 -0.054425
v 0.000704 0.131500 -0.054425
v 0.001587 0.129744 -0.086598
v 0.001587 0.129744 -0.075904
v -0.016326 0.129744 -0.086598
v -0.016326 0.129744 -0.075904
v 0.001645 0.129793 -0.086598
v -0.016326 0.129744 -0.086598
v 0.001587 0.129744 -0.086598
v -0.016384 0.129793 -0.086598
v 0.001645 0.130788 -0.086598
v -0.016384 0.130788 -0.086598
v 0.000704 0.131500 -0.086598
v -0.015443 0.131500 -0.086598
v -0.016384 0.129793 -0.075904
v 0.001587 0.129744 -0.075904
v -0.016326 0.129744 -0.075904
v 0.001645 0.129793 -0.075904
v -0.016384 0.130788 -0.075904
v 0.001645 0.130788 -0.075904
v -0.015443 0.131500 -0.075904
v 0.000704 0.131500 -0.075904
v 0.001587 0.129744 -0.108077
v 0.001587 0.129744 -0.097383
v -0.016326 0.129744 -0.108077
v -0.016326 0.129744 -0.097383
v 0.001645 0.129793 -0.108077
v -0.016326 0.129744 -0.108077
v 0.001587 0.129744 -0.108077
v -0.016384 0.129793 -0.108077
v 0.001645 0.130788 -0.108077
v -0.016384 0.130788 -0.108077
v 0.000704 0.131500 -0.108077
v -0.015443 0.131500 -0.108077
v -0.016384 0.129793 -0.097383
v 0.001587 0.129744 -0.097383
v -0.016326 0.129744 -0.097383
v 0.001645 0.129793 -0.097383
v -0.016384 0.130788 -0.097383
v 0.001645 0.130788 -0.097383
v -0.015443 0.131500 -0.097383
v 0.000704 0.131500 -0.097383
v 0.001587 0.129744 -0.129556
v 0.001587 0.129744 -0.118862
v -0.016326 0.129744 -0.129556
v -0.016326 0.129744 -0.118862
v 0.001645 0.129793 -0.129556
v -0.016326 0.129744 -0.129556
v 0.001587 0.129744 -0.129556
v -0.016384 0.129793 -0.129556
v 0.001645 0.130788 -0.129556
v -0.016384 0.130788 -0.129556
v 0.000704 0.131500 -0.129556
v -0.015443 0.131500 -0.129556
v -0.016384 0.129793 -0.118862
v 0.001587 0.129744 -0.118862
v -0.016326 0.129744 -0.118862
v 0.001645 0.129793 -0.118862
v -0.016384 0.130788 -0.118862
v 0.001645 0.130788 -0.118862
v -0.015443 0.131500 -0.118862
v 0.000704 0.131500 -0.118862
v 0.001587 0.129744 -0.151035
v 0.001587 0.129744 -0.140341
v -0.016326 0.129744 -0.151035
v -0.016326 0.129744 -0.140341
v 0.001645 0.129793 -0.151035
v -0.016326 0.129744 -0.151035
v 0.001587 0.129744 -0.151035
v -0.016384 0.129793 -0.151035
v 0.001645 0.130788 -0.151035
v -0.016384 0.130788 -0.151035
v 0.000704 0.131500 -0.151035
v -0.015443 0.131500 -0.151035
v -0.016384 0.129793 -0.140341
v 0.001587 0.129744 -0.140341
v -0.016326 0.129744 -0.140341
v 0.001645 0.129793 -0.140341
v -0.016384 0.130788 -0.140341
v 0.001645 0.130788 -0.140341
v -0.015443 0.131500 -0.140341
v 0.000704 0.131500 -0.140341
v 0.001587 0.129744 -0.172514
v 0.001587 0.129744 -0.161820
v -0.016326 0.129744 -0.172514
v -0.016326 0.129744 -0.161820
v 0.001645 0.129793 -0.172514
v -0.016326 0.129744 -0.172514
v 0.001587 0.129744 -0.172514
v -0.016384 0.129793 -0.172514
v 0.001645 0.130788 -0.172514
v -0.016384 0.130788 -0.172514
v 0.000704 0.131500 -0.172514
v -0.015443 0.131500 -0.172514
v -0.016384 0.129793 -0.161820
v 0.001587 0.129744 -0.161820
v -0.016326 0.129744 -0.161820
v 0.001645 0.129793 -0.161820
v -0.016384 0.130788 -0.161820
v 0.001645 0.130788 -0.161820
v -0.015443 0.131500 -0.161820
v 0.000704 0.131500 -0.161820
v 0.001587 0.129744 -0.193994
v 0.001587 0.129744 -0.183299
v -0.016326 0.129744 -0.193994
v -0.016326 0.129744 -0.183299
v 0.001645 0.129793 -0.193994
v -0.016326 0.129744 -0.193994
v 0.001587 0.129744 -0.193994
v -0.016384 0.129793 -0.193994
v 0.001645 0.130788 -0.193994
v -0.016384 0.130788 -0.193994
v 0.000704 0.131500 -0.193994
v -0.015443 0.131500 -0.193994
v -0.016384 0.129793 -0.183299
v 0.001587 0.129744 -0.183299
v -0.016326 0.129744 -0.183299
v 0.001645 0.129793 -0.183299
v -0.016384 0.130788 -0.183299
v 0.001645 0.130788 -0.183299
v -0.015443 0.131500 -0.183299
v 0.000704 0.131500 -0.183299
v 0.001587 0.129744 -0.215473
v 0.001587 0.129744 -0.204778
v -0.016326 0.129744 -0.215473
v -0.016326 0.129744 -0.204778
v 0.001645 0.129793 -0.215473
v -0.016326 0.129744 -0.215473
v 0.001587 0.129744 -0.215473
v -0.016384 0.129793 -0.215473
v 0.001645 0.130788 -0.215473
v -0.016384 0.130788 -0.215473
v 0.000704 0.131500 -0.215473
v -0.015443 0.131500 -0.215473
v -0.016384 0.129793 -0.204778
v 0.001587 0.129744 -0.204778
v -0.016326 0.129744 -0.204778
v 0.001645 0.129793 -0.204778
v -0.016384 0.130788 -0.204778
v 0.001645 0.130788 -0.204778
v -0.015443 0.131500 -0.204778
v 0.000704 0.131500 -0.204778
v 0.001587 0.129744 -0.236952
v 0.001587 0.129744 -0.226258
v -0.016326 0.129744 -0.236952
v -0.016326 0.129744 -0.226258
v 0.001645 0.129793 -0.236952
v -0.016326 0.129744 -0.236952
v 0.001587 0.129744 -0.236952
v -0.016384 0.129793 -0.236952
v 0.001645 0.130788 -0.236952
v -0.016384 0.130788 -0.236952
v 0.000704 0.131500 -0.236952
v -0.015443 0.131500 -0.236952
v -0.016384 0.129793 -0.226258
v 0.001587 0.129744 -0.226258
v -0.016326 0.129744 -0.226258
v 0.001645 0.129793 -0.226258
v -0.016384 0.130788 -0.226258
v 0.001645 0.130788 -0.226258
v -0.015443 0.131500 -0.226258
v 0.000704 0.131500 -0.226258
v 0.011161 0.095906 -0.130660
v 0.015362 0.095906 -0.130660
v 0.015362 0.094214 -0.130653
v 0.011161 0.094214 -0.130653
v 0.015362 0.092555 -0.130317
v 0.011161 0.092555 -0.130317
v 0.015362 0.090994 -0.129664
v 0.011161 0.090994 -0.129664
v 0.015362 0.089590 -0.128718
v 0.011161 0.089590 -0.128718
v 0.015362 0.088398 -0.127517
v 0.011161 0.088398 -0.127517
v 0.015362 0.087463 -0.126107
v 0.011161 0.087463 -0.126107
v 0.015362 0.086821 -0.124541
v 0.011161 0.086821 -0.124541
v 0.015362 0.086497 -0.122880
v 0.011161 0.086497 -0.122880
v 0.015362 0.086503 -0.121187
v 0.011161 0.086503 -0.121187
v 0.015362 0.086839 -0.119528
v 0.011161 0.086839 -0.119528
v 0.015362 0.087493 -0.117967
v 0.011161 0.087493 -0.117967
v 0.015362 0.088438 -0.116563
v 0.011161 0.088438 -0.116563
v 0.015362 0.089639 -0.115371
v 0.011161 0.089639 -0.115371
v 0.015362 0.091050 -0.114436
v 0.011161 0.091050 -0.114436
v 0.015362 0.092616 -0.113794
v 0.011161 0.092616 -0.113794
v 0.015362 0.094277 -0.113470
v 0.011161 0.094277 -0.113470
v 0.015362 0.095969 -0.113476
v 0.011161 0.095969 -0.113476
v 0.015362 0.097628 -0.113812
v 0.011161 0.097628 -0.113812
v 0.015362 0.099189 -0.114466
v 0.011161 0.099189 -0.114466
v 0.015362 0.100593 -0.115411
v 0.011161 0.100593 -0.115411
v 0.015362 0.101785 -0.116612
v 0.011161 0.101785 -0.116612
v 0.015362 0.102720 -0.118023
v 0.011161 0.102720 -0.118023
v 0.015362 0.103362 -0.119589
v 0.011161 0.103362 -0.119589
v 0.015362 0.103686 -0.121250
v 0.011161 0.103686 -0.121250
v 0.015362 0.103680 -0.122942
v 0.011161 0.103680 -0.122942
v 0.015362 0.103344 -0.124601
v 0.011161 0.103344 -0.124601
v 0.015362 0.102691 -0.126162
v 0.011161 0.102691 -0.126162
v 0.015362 0.101745 -0.127566
v 0.011161 0.101745 -0.127566
v 0.015362 0.100544 -0.128758
v 0.011161 0.100544 -0.128758
v 0.015362 0.099133 -0.129693
v 0.011161 0.099133 -0.129693
v 0.015362 0.086497 -0.122880
v 0.015362 0.086821 -0.124541
v 0.015936 0.088607 -0.124006
v 0.015936 0.088353 -0.122704
v 0.015362 0.097567 -0.130335
v 0.011161 0.097567 -0.130335
v 0.015362 0.095906 -0.130660
v 0.011161 0.095906 -0.130660
v 0.015362 0.095969 -0.113476
v 0.015362 0.094277 -0.113470
v 0.015936 0.094453 -0.115326
v 0.015936 0.095780 -0.115331
v 0.015362 0.103344 -0.124601
v 0.015362 0.103680 -0.122942
v 0.015936 0.101825 -0.122753
v 0.015936 0.101562 -0.124053
v 0.015362 0.089590 -0.128718
v 0.015362 0.090994 -0.129664
v 0.015936 0.091879 -0.128022
v 0.015936 0.090778 -0.127281
v 0.015362 0.089639 -0.115371
v 0.015362 0.088438 -0.116563
v 0.015936 0.089875 -0.117752
v 0.015936 0.090817 -0.116817
v 0.015362 0.102720 -0.118023
v 0.015362 0.101785 -0.116612
v 0.015936 0.100339 -0.117790
v 0.015936 0.101073 -0.118896
v 0.015362 0.097567 -0.130335
v 0.015362 0.099133 -0.129693
v 0.015936 0.098260 -0.128046
v 0.015936 0.097033 -0.128549
v 0.015362 0.086503 -0.121187
v 0.015936 0.088358 -0.121377
v 0.015362 0.097628 -0.113812
v 0.015936 0.097080 -0.115595
v 0.015362 0.102691 -0.126162
v 0.015936 0.101049 -0.125277
v 0.015362 0.088398 -0.127517
v 0.015936 0.089844 -0.126340
v 0.015362 0.091050 -0.114436
v 0.015936 0.091923 -0.116084
v 0.015362 0.103362 -0.119589
v 0.015936 0.101576 -0.120123
v 0.015362 0.094214 -0.130653
v 0.015362 0.095906 -0.130660
v 0.015936 0.095730 -0.128803
v 0.015936 0.094404 -0.128798
v 0.015362 0.095906 -0.130660
v 0.015936 0.095730 -0.128803
v 0.015362 0.086839 -0.119528
v 0.015936 0.088622 -0.120076
v 0.015362 0.099189 -0.114466
v 0.015936 0.098304 -0.116107
v 0.015362 0.101745 -0.127566
v 0.015936 0.100308 -0.126378
v 0.015362 0.087463 -0.126107
v 0.015936 0.089110 -0.125234
v 0.015362 0.092616 -0.113794
v 0.015936 0.093150 -0.115580
v 0.015362 0.103686 -0.121250
v 0.015936 0.101830 -0.121426
v 0.015362 0.092555 -0.130317
v 0.015936 0.093103 -0.128535
v 0.015362 0.087493 -0.117967
v 0.015936 0.089134 -0.118852
v 0.015362 0.100593 -0.115411
v 0.015936 0.099405 -0.116848
v 0.015362 0.100544 -0.128758
v 0.015936 0.099366 -0.127313
v 0.012452 0.088411 -0.116739
v 0.012452 0.100015 -0.115639
v 0.012452 0.100931 -0.169036
v 0.012452 0.092721 -0.169815
v 0.012452 0.092721 -0.169815
v 0.012452 0.100931 -0.169036
v 0.014581 0.100931 -0.169036
v 0.014581 0.092721 -0.169815
v 0.014581 0.092721 -0.169815
v 0.014581 0.100931 -0.169036
v 0.014581 0.100015 -0.115639
v 0.014581 0.092721 -0.169815
v 0.014581 0.100015 -0.115639
v 0.014581 0.088411 -0.116739
v 0.014581 0.088411 -0.116739
v 0.014581 0.100015 -0.115639
v 0.012452 0.100015 -0.115639
v 0.012452 0.088411 -0.116739
v 0.012452 0.092721 -0.169815
v 0.014581 0.092721 -0.169815
v 0.014581 0.088411 -0.116739
v 0.012452 0.088411 -0.116739
v 0.014581 0.100931 -0.169036
v 0.012452 0.100931 -0.169036
v 0.012452 0.100015 -0.115639
v 0.014581 0.100015 -0.115639
v 0.011161 0.095969 -0.113476
v 0.011161 0.092616 -0.113794
v 0.011161 0.094277 -0.113470
v 0.011161 0.092616 -0.113794
v 0.011161 0.095969 -0.113476
v 0.011161 0.097628 -0.113812
v 0.011161 0.092616 -0.113794
v 0.011161 0.097628 -0.113812
v 0.011161 0.091050 -0.114436
v 0.011161 0.091050 -0.114436
v 0.011161 0.097628 -0.113812
v 0.011161 0.099189 -0.114466
v 0.011161 0.089639 -0.115371
v 0.011161 0.100593 -0.115411
v 0.011161 0.088438 -0.116563
v 0.011161 0.101785 -0.116612
v 0.011161 0.087493 -0.117967
v 0.011161 0.102720 -0.118023
v 0.011161 0.086839 -0.119528
v 0.011161 0.103362 -0.119589
v 0.011161 0.086503 -0.121187
v 0.011161 0.103686 -0.121250
v 0.011161 0.086497 -0.122880
v 0.011161 0.103680 -0.122942
v 0.011161 0.086821 -0.124541
v 0.011161 0.103344 -0.124601
v 0.011161 0.087463 -0.126107
v 0.011161 0.102691 -0.126162
v 0.011161 0.088398 -0.127517
v 0.011161 0.101745 -0.127566
v 0.011161 0.089590 -0.128718
v 0.011161 0.100544 -0.128758
v 0.011161 0.090994 -0.129664
v 0.011161 0.090994 -0.129664
v 0.011161 0.100544 -0.128758
v 0.011161 0.099133 -0.129693
v 0.011161 0.099133 -0.129693
v 0.011161 0.092555 -0.130317
v 0.011161 0.092555 -0.130317
v 0.011161 0.097567 -0.130335
v 0.011161 0.097567 -0.130335
v 0.011161 0.094214 -0.130653
v 0.011161 0.095906 -0.130660
v 0.015936 0.093150 -0.115580
v 0.015936 0.095780 -0.115331
v 0.015936 0.094453 -0.115326
v 0.015936 0.095780 -0.115331
v 0.015936 0.093150 -0.115580
v 0.015936 0.097080 -0.115595
v 0.015936 0.097080 -0.115595
v 0.015936 0.093150 -0.115580
v 0.015936 0.091923 -0.116084
v 0.015936 0.098304 -0.116107
v 0.015936 0.090817 -0.116817
v 0.015936 0.099405 -0.116848
v 0.015936 0.099405 -0.116848
v 0.015936 0.090817 -0.116817
v 0.015936 0.089875 -0.117752
v 0.015936 0.089875 -0.117752
v 0.015936 0.100339 -0.117790
v 0.015936 0.089134 -0.118852
v 0.015936 0.101073 -0.118896
v 0.015936 0.088622 -0.120076
v 0.015936 0.101576 -0.120123
v 0.015936 0.088358 -0.121377
v 0.015936 0.101830 -0.121426
v 0.015936 0.088353 -0.122704
v 0.015936 0.101825 -0.122753
v 0.015936 0.088607 -0.124006
v 0.015936 0.101562 -0.124053
v 0.015936 0.089110 -0.125234
v 0.015936 0.101049 -0.125277
v 0.015936 0.089844 -0.126340
v 0.015936 0.100308 -0.126378
v 0.015936 0.090778 -0.127281
v 0.015936 0.099366 -0.127313
v 0.015936 0.099366 -0.127313
v 0.015936 0.090778 -0.127281
v 0.015936 0.091879 -0.128022
v 0.015936 0.091879 -0.128022
v 0.015936 0.098260 -0.128046
v 0.015936 0.093103 -0.128535
v 0.015936 0.097033 -0.128549
v 0.015936 0.094404 -0.128798
v 0.015936 0.097033 -0.128549
v 0.015936 0.094404 -0.128798
v 0.015936 0.095730 -0.128803
v -0.018121 0.059710 -0.003569
v 0.003382 0.059710 -0.003569
v 0.002344 0.050831 0.044117
v -0.017083 0.050831 0.044117
v 0.010655 0.068827 -0.016469
v 0.010655 0.097175 -0.016938
v 0.009429 0.095323 -0.003777
v 0.009429 0.066761 -0.003611
v 0.007808 0.085512 0.043910
v 0.007808 0.057882 0.044075
v -0.024168 0.066761 -0.003611
v -0.024168 0.095323 -0.003777
v -0.025394 0.097175 -0.016938
v -0.025394 0.068827 -0.016469
v 0.003382 0.102374 -0.003818
v -0.018121 0.102374 -0.003818
v -0.017083 0.092564 0.043868
v 0.002344 0.092564 0.043868
v 0.007808 0.085564 0.058234
v 0.007808 0.054676 0.058405
v -0.022547 0.085512 0.043910
v -0.022547 0.057882 0.044075
v -0.022547 0.054676 0.058405
v -0.022547 0.085564 0.058234
v 0.004166 0.104229 -0.017054
v -0.018905 0.104229 -0.017054
v 0.002344 0.092615 0.058195
v -0.017083 0.092615 0.058195
v -0.017083 0.098264 0.077003
v 0.002344 0.098264 0.077003
v -0.022547 0.051248 0.077219
v -0.022547 0.091213 0.077036
v 0.002344 0.047624 0.058444
v -0.017083 0.047624 0.058444
v -0.017083 0.098697 0.207184
v 0.002344 0.098697 0.207184
v 0.002344 0.044197 0.077252
v -0.017083 0.044197 0.077252
v 0.007808 0.091213 0.077036
v 0.007808 0.051248 0.077219
v -0.022547 0.022126 0.207412
v -0.022547 0.091646 0.207205
v 0.007808 0.022126 0.207412
v 0.007808 0.091646 0.207205
v 0.007808 0.091677 0.224511
v 0.007808 0.019830 0.224719
v 0.002344 0.015075 0.207433
v -0.017083 0.015075 0.207433
v -0.022547 0.019830 0.224719
v -0.022547 0.091677 0.224511
v 0.002344 0.098729 0.224490
v -0.017083 0.098729 0.224490
v -0.017083 0.098729 0.229178
v 0.002344 0.098729 0.229178
v -0.022547 0.019816 0.237354
v -0.022547 0.091686 0.229907
v 0.002344 0.012779 0.224739
v -0.017083 0.012779 0.224739
v 0.002344 0.012779 0.238084
v -0.017083 0.012779 0.238084
v 0.007808 0.091686 0.229907
v 0.007808 0.019816 0.237354
v 0.002344 0.019807 0.246400
v 0.002344 0.091700 0.238951
v -0.017083 0.091700 0.238951
v -0.017083 0.019807 0.246400
v -0.020947 0.014842 0.237870
v -0.020238 0.015751 0.242997
v -0.020947 0.019812 0.243750
v -0.017083 0.014835 0.244266
v -0.020238 0.015751 0.242997
v -0.020947 0.014842 0.237870
v -0.020947 0.019812 0.243750
v -0.020238 0.015751 0.242997
v -0.017083 0.014835 0.244266
v -0.020947 0.091693 0.236302
v -0.020238 0.095755 0.234708
v -0.020947 0.096663 0.229392
v -0.017083 0.096673 0.235786
v -0.020238 0.095755 0.234708
v -0.020947 0.091693 0.236302
v -0.020947 0.096663 0.229392
v -0.020238 0.095755 0.234708
v -0.017083 0.096673 0.235786
v 0.006208 0.019812 0.243750
v 0.005499 0.015751 0.242997
v 0.006208 0.014842 0.237870
v 0.002344 0.014835 0.244266
v 0.005499 0.015751 0.242997
v 0.006208 0.019812 0.243750
v 0.006208 0.014842 0.237870
v 0.005499 0.015751 0.242997
v 0.002344 0.014835 0.244266
v 0.006208 0.096663 0.229392
v 0.005499 0.095755 0.234708
v 0.006208 0.091693 0.236302
v 0.002344 0.096673 0.235786
v 0.005499 0.095755 0.234708
v 0.006208 0.096663 0.229392
v 0.006208 0.091693 0.236302
v 0.005499 0.095755 0.234708
v 0.002344 0.096673 0.235786
v -0.018905 0.061772 -0.016353
v -0.022397 0.061775 -0.003581
v -0.023493 0.063840 -0.016385
v -0.023493 0.063840 -0.016385
v -0.022397 0.061775 -0.003581
v -0.023493 0.102162 -0.017021
v -0.022397 0.100309 -0.003806
v -0.022397 0.100309 -0.003806
v -0.023493 0.102162 -0.017021
v 0.004166 0.061772 -0.016353
v 0.008754 0.063840 -0.016385
v 0.007658 0.061775 -0.003581
v 0.007658 0.061775 -0.003581
v 0.008754 0.063840 -0.016385
v 0.007658 0.100309 -0.003806
v 0.008754 0.102162 -0.017021
v 0.008754 0.102162 -0.017021
v 0.007658 0.100309 -0.003806
v -0.020947 0.090498 0.043880
v -0.020947 0.090498 0.043880
v 0.006208 0.090498 0.043880
v 0.006208 0.090498 0.043880
v 0.006208 0.052896 0.044104
v 0.006208 0.052896 0.044104
v -0.020947 0.052896 0.044104
v -0.022397 0.061775 -0.003581
v -0.022397 0.061775 -0.003581
v -0.020947 0.052896 0.044104
v -0.020947 0.090550 0.058207
v -0.020947 0.090550 0.058207
v 0.006208 0.090550 0.058207
v 0.006208 0.090550 0.058207
v 0.006208 0.049690 0.058433
v 0.006208 0.049690 0.058433
v -0.020947 0.049690 0.058433
v -0.020947 0.049690 0.058433
v 0.006208 0.046262 0.077242
v 0.006208 0.046262 0.077242
v -0.020947 0.046262 0.077242
v -0.020947 0.046262 0.077242
v -0.020947 0.096199 0.077012
v -0.020947 0.096199 0.077012
v 0.006208 0.096199 0.077012
v 0.006208 0.096199 0.077012
v 0.006208 0.017140 0.207426
v 0.006208 0.017140 0.207426
v -0.020947 0.017140 0.207426
v -0.020947 0.017140 0.207426
v -0.020947 0.096632 0.207190
v -0.020947 0.096632 0.207190
v 0.006208 0.096632 0.207190
v 0.006208 0.096632 0.207190
v -0.020947 0.096663 0.224496
v -0.020947 0.096663 0.224496
v 0.006208 0.096663 0.224496
v 0.006208 0.096663 0.224496
v 0.006208 0.014844 0.224733
v 0.006208 0.014844 0.224733
v -0.020947 0.014844 0.224733
v -0.020947 0.014844 0.224733
v -0.023493 0.063840 -0.016385
v 0.004166 0.061772 -0.016353
v -0.018905 0.061772 -0.016353
v 0.008754 0.063840 -0.016385
v -0.025394 0.068827 -0.016469
v 0.010655 0.068827 -0.016469
v 0.010655 0.068827 -0.016469
v -0.025394 0.068827 -0.016469
v -0.025394 0.097175 -0.016938
v 0.010655 0.097175 -0.016938
v 0.010655 0.097175 -0.016938
v -0.025394 0.097175 -0.016938
v -0.023493 0.102162 -0.017021
v 0.010655 0.097175 -0.016938
v -0.023493 0.102162 -0.017021
v 0.008754 0.102162 -0.017021
v 0.008754 0.102162 -0.017021
v -0.023493 0.102162 -0.017021
v -0.018905 0.104229 -0.017054
v 0.004166 0.104229 -0.017054
v -0.012653 0.140000 -0.627501
v -0.012711 0.139133 -0.619116
v -0.012711 0.139133 -0.627591
v -0.002086 0.140000 -0.627501
v -0.002028 0.139133 -0.627591
v -0.002028 0.139133 -0.619116
v -0.014127 0.095353 -0.264633
v -0.014127 0.095353 -0.633600
v -0.013997 0.094034 -0.633600
v -0.013997 0.094034 -0.264633
v -0.013612 0.092767 -0.633600
v -0.013612 0.092767 -0.264633
v -0.012988 0.091598 -0.633600
v -0.012988 0.091598 -0.264633
v -0.012148 0.090574 -0.633600
v -0.012148 0.090574 -0.264633
v -0.011124 0.089734 -0.633600
v -0.011124 0.089734 -0.264633
v -0.009955 0.089110 -0.633600
v -0.009955 0.089110 -0.264633
v -0.008688 0.088725 -0.633600
v -0.008688 0.088725 -0.264633
v -0.007369 0.088595 -0.633600
v -0.007369 0.088595 -0.264633
v -0.006051 0.088725 -0.633600
v -0.006051 0.088725 -0.264633
v -0.004784 0.089110 -0.633600
v -0.004784 0.089110 -0.264633
v -0.003615 0.089734 -0.633600
v -0.003615 0.089734 -0.264633
v -0.002591 0.090574 -0.633600
v -0.002591 0.090574 -0.264633
v -0.001751 0.091598 -0.633600
v -0.001751 0.091598 -0.264633
v -0.001127 0.092767 -0.633600
v -0.001127 0.092767 -0.264633
v -0.000742 0.094034 -0.633600
v -0.000742 0.094034 -0.264633
v -0.000612 0.095353 -0.633600
v -0.000612 0.095353 -0.264633
v -0.000742 0.096671 -0.633600
v -0.000742 0.096671 -0.264633
v -0.001127 0.097939 -0.633600
v -0.001127 0.097939 -0.264633
v -0.001751 0.099107 -0.633600
v -0.001751 0.099107 -0.264633
v -0.002591 0.100131 -0.633600
v -0.002591 0.100131 -0.264633
v -0.003615 0.100971 -0.633600
v -0.003615 0.100971 -0.264633
v -0.004784 0.101595 -0.633600
v -0.004784 0.101596 -0.264633
v -0.006051 0.101980 -0.633600
v -0.006051 0.101980 -0.264633
v -0.007369 0.102110 -0.633600
v -0.007369 0.102110 -0.264633
v -0.008688 0.101980 -0.633600
v -0.008688 0.101980 -0.264633
v -0.009955 0.101595 -0.633600
v -0.009955 0.101596 -0.264633
v -0.011124 0.100971 -0.633600
v -0.011124 0.100971 -0.264633
v -0.012148 0.100131 -0.633600
v -0.012148 0.100131 -0.264633
v -0.012988 0.099107 -0.633600
v -0.012988 0.099107 -0.264633
v -0.013612 0.097939 -0.633600
v -0.013612 0.097939 -0.264633
v -0.013997 0.096671 -0.633600
v -0.013997 0.096671 -0.264633
v -0.014127 0.095353 -0.633600
v -0.014127 0.095353 -0.264633
v -0.012867 0.094259 -0.264633
v -0.012867 0.094259 -0.633600
v -0.012975 0.095353 -0.633600
v -0.012975 0.095353 -0.264633
v -0.012548 0.093208 -0.264633
v -0.012548 0.093208 -0.633600
v -0.012030 0.092239 -0.264633
v -0.012030 0.092238 -0.633600
v -0.011333 0.091389 -0.264633
v -0.011333 0.091389 -0.633600
v -0.010484 0.090692 -0.633600
v -0.010484 0.090692 -0.264633
v -0.009514 0.090174 -0.633600
v -0.009514 0.090174 -0.264633
v -0.008463 0.089855 -0.633600
v -0.008463 0.089855 -0.264633
v -0.007369 0.089747 -0.633600
v -0.007369 0.089748 -0.264633
v -0.006276 0.089855 -0.633600
v -0.006276 0.089855 -0.264633
v -0.005224 0.090174 -0.633600
v -0.005224 0.090174 -0.264633
v -0.004255 0.090692 -0.633600
v -0.004255 0.090692 -0.264633
v -0.003406 0.091389 -0.633600
v -0.003406 0.091389 -0.264633
v -0.002709 0.092238 -0.633600
v -0.002709 0.092239 -0.264633
v -0.002191 0.093208 -0.633600
v -0.002191 0.093208 -0.264633
v -0.001872 0.094259 -0.633600
v -0.001872 0.094259 -0.264633
v -0.001764 0.095353 -0.633600
v -0.001764 0.095353 -0.264633
v -0.001872 0.096446 -0.633600
v -0.001872 0.096446 -0.264633
v -0.002191 0.097498 -0.633600
v -0.002191 0.097498 -0.264633
v -0.002709 0.098467 -0.633600
v -0.002709 0.098467 -0.264633
v -0.003406 0.099316 -0.633600
v -0.003406 0.099316 -0.264633
v -0.004255 0.100013 -0.264633
v -0.004255 0.100013 -0.633600
v -0.005224 0.100531 -0.264633
v -0.005224 0.100531 -0.633600
v -0.006276 0.100850 -0.264633
v -0.006276 0.100850 -0.633600
v -0.007369 0.100958 -0.264633
v -0.007369 0.100958 -0.633600
v -0.008463 0.100850 -0.264633
v -0.008463 0.100850 -0.633600
v -0.009514 0.100531 -0.264633
v -0.009514 0.100531 -0.633600
v -0.010484 0.100013 -0.264633
v -0.010484 0.100013 -0.633600
v -0.011333 0.099316 -0.264633
v -0.011333 0.099316 -0.633600
v -0.012030 0.098467 -0.264633
v -0.012030 0.098467 -0.633600
v -0.012548 0.097498 -0.264633
v -0.012548 0.097498 -0.633600
v -0.012867 0.096446 -0.264633
v -0.012867 0.096446 -0.633600
v -0.012975 0.095353 -0.264633
v -0.012975 0.095353 -0.633600
v -0.015490 0.095910 -0.612370
v -0.016172 0.106727 -0.612370
v -0.016172 0.106727 -0.629975
v -0.015490 0.095910 -0.629975
v -0.015490 0.095910 -0.629975
v -0.016172 0.106727 -0.629975
v 0.001433 0.106727 -0.629975
v 0.000751 0.095910 -0.629975
v 0.000751 0.095910 -0.629975
v 0.001433 0.106727 -0.629975
v 0.001433 0.106727 -0.612370
v 0.000751 0.095910 -0.612370
v 0.000751 0.095910 -0.612370
v 0.001433 0.106727 -0.612370
v -0.016172 0.106727 -0.612370
v -0.015490 0.095910 -0.612370
v -0.015490 0.095910 -0.629975
v 0.000751 0.095910 -0.629975
v 0.000751 0.095910 -0.612370
v -0.015490 0.095910 -0.612370
v 0.001276 0.108486 -0.615674
v 0.001132 0.110105 -0.628238
v -0.016009 0.108486 -0.615674
v -0.015859 0.110105 -0.628238
v -0.013703 0.109243 -0.612553
v -0.001036 0.109243 -0.612553
v -0.013703 0.109243 -0.629802
v -0.001036 0.109243 -0.629802
v -0.008411 0.131392 -0.628395
v -0.008411 0.131392 -0.614042
v -0.007369 0.131240 -0.614025
v -0.007369 0.131240 -0.628411
v -0.009414 0.131841 -0.628348
v -0.009414 0.131841 -0.614092
v -0.010337 0.132570 -0.628272
v -0.010337 0.132570 -0.614172
v -0.011147 0.133552 -0.628170
v -0.011147 0.133552 -0.614279
v -0.011811 0.134748 -0.628046
v -0.011811 0.134748 -0.614411
v -0.012305 0.136112 -0.627904
v -0.012305 0.136112 -0.614561
v -0.012608 0.137593 -0.627751
v -0.012608 0.137593 -0.614724
v -0.002130 0.137593 -0.614724
v -0.002130 0.137593 -0.627751
v -0.002434 0.136112 -0.627904
v -0.002434 0.136112 -0.614561
v -0.002928 0.134748 -0.628046
v -0.002928 0.134748 -0.614411
v -0.003592 0.133552 -0.628170
v -0.003592 0.133552 -0.614279
v -0.004402 0.132570 -0.628272
v -0.004402 0.132570 -0.614172
v -0.005325 0.131841 -0.628348
v -0.005325 0.131841 -0.614092
v -0.006327 0.131392 -0.628395
v -0.006327 0.131392 -0.614042
v -0.007369 0.131240 -0.628411
v -0.007369 0.131240 -0.614025
v -0.008778 0.137186 -0.620342
v -0.008228 0.139829 -0.620342
v -0.008228 0.139829 -0.624361
v -0.008778 0.137186 -0.624361
v -0.008778 0.137186 -0.624361
v -0.008228 0.139829 -0.624361
v -0.006511 0.139829 -0.624361
v -0.005960 0.137186 -0.624361
v -0.005960 0.137186 -0.624361
v -0.006511 0.139829 -0.624361
v -0.006511 0.139829 -0.620342
v -0.005960 0.137186 -0.620342
v -0.005960 0.137186 -0.620342
v -0.006511 0.139829 -0.620342
v -0.008228 0.139829 -0.620342
v -0.008778 0.137186 -0.620342
v -0.008778 0.131341 -0.624361
v -0.008778 0.131341 -0.620342
v -0.006511 0.139829 -0.624361
v -0.008228 0.139829 -0.624361
v -0.008228 0.139829 -0.620342
v -0.006511 0.139829 -0.620342
v -0.008778 0.131341 -0.624361
v -0.005960 0.131341 -0.624361
v -0.005960 0.131341 -0.620342
v -0.008778 0.131341 -0.620342
v -0.005960 0.131341 -0.620342
v -0.005960 0.131341 -0.624361
v -0.008778 0.131341 -0.620342
v -0.005960 0.131341 -0.620342
v -0.005960 0.131341 -0.624361
v -0.008778 0.131341 -0.624361
v -0.013703 0.109243 -0.615577
v -0.013703 0.109243 -0.612553
v -0.001036 0.109243 -0.612553
v -0.001036 0.109243 -0.615577
v -0.001036 0.109243 -0.621553
v -0.001036 0.109243 -0.629802
v -0.013703 0.109243 -0.629802
v -0.013703 0.109243 -0.621553
v -0.015096 0.095353 -0.610146
v -0.015096 0.095353 -0.631368
v -0.014947 0.093845 -0.631368
v -0.014947 0.093845 -0.610146
v -0.014508 0.092396 -0.631368
v -0.014508 0.092396 -0.610146
v -0.013793 0.091060 -0.631368
v -0.013793 0.091060 -0.610146
v -0.012833 0.089889 -0.631368
v -0.012833 0.089889 -0.610146
v -0.011662 0.088929 -0.631368
v -0.011662 0.088929 -0.610146
v -0.010326 0.088214 -0.631368
v -0.010326 0.088214 -0.610146
v -0.008877 0.087775 -0.631368
v -0.008877 0.087775 -0.610146
v -0.007369 0.087626 -0.631368
v -0.007369 0.087626 -0.610146
v -0.005862 0.087775 -0.631368
v -0.005862 0.087775 -0.610146
v -0.004413 0.088214 -0.631368
v -0.004413 0.088214 -0.610146
v -0.003077 0.088929 -0.631368
v -0.003077 0.088929 -0.610146
v -0.001906 0.089889 -0.631368
v -0.001906 0.089889 -0.610146
v -0.000946 0.091060 -0.631368
v -0.000946 0.091060 -0.610146
v -0.000231 0.092396 -0.631368
v -0.000231 0.092396 -0.610146
v 0.000208 0.093845 -0.631368
v 0.000208 0.093845 -0.610146
v 0.000357 0.095353 -0.631368
v 0.000357 0.095353 -0.610146
v 0.000208 0.096860 -0.631368
v 0.000208 0.096860 -0.610146
v -0.000231 0.098309 -0.631368
v -0.000231 0.098309 -0.610146
v -0.000946 0.099645 -0.631368
v -0.000946 0.099645 -0.610146
v -0.001906 0.100816 -0.631368
v -0.001906 0.100816 -0.610146
v -0.003077 0.101777 -0.631368
v -0.003077 0.101777 -0.610146
v -0.004413 0.102491 -0.631368
v -0.004413 0.102491 -0.610146
v -0.005862 0.102930 -0.631368
v -0.005862 0.102930 -0.610146
v -0.007369 0.103079 -0.631368
v -0.007369 0.103079 -0.610146
v -0.008877 0.102930 -0.631368
v -0.008877 0.102930 -0.610146
v -0.010326 0.102491 -0.631368
v -0.010326 0.102491 -0.610146
v -0.011662 0.101777 -0.631368
v -0.011662 0.101777 -0.610146
v -0.012833 0.100816 -0.631368
v -0.012833 0.100816 -0.610146
v -0.013793 0.099645 -0.631368
v -0.013793 0.099645 -0.610146
v -0.014508 0.098309 -0.631368
v -0.014508 0.098309 -0.610146
v -0.014947 0.096860 -0.631368
v -0.014947 0.096860 -0.610146
v -0.015096 0.095353 -0.631368
v -0.015096 0.095353 -0.610146
v -0.013655 0.094102 -0.610146
v -0.013655 0.094102 -0.631368
v -0.013778 0.095353 -0.631368
v -0.013778 0.095353 -0.610146
v -0.013290 0.092900 -0.610146
v -0.013290 0.092900 -0.631368
v -0.012698 0.091792 -0.610146
v -0.012698 0.091792 -0.631368
v -0.011901 0.090821 -0.610146
v -0.011901 0.090821 -0.631368
v -0.010930 0.090024 -0.631368
v -0.010930 0.090024 -0.610146
v -0.009822 0.089432 -0.631368
v -0.009822 0.089432 -0.610146
v -0.008620 0.089067 -0.631368
v -0.008620 0.089067 -0.610146
v -0.007369 0.088944 -0.631368
v -0.007369 0.088944 -0.610146
v -0.006119 0.089067 -0.631368
v -0.006119 0.089067 -0.610146
v -0.004917 0.089432 -0.631368
v -0.004917 0.089432 -0.610146
v -0.003809 0.090024 -0.631368
v -0.003809 0.090024 -0.610146
v -0.002838 0.090821 -0.631368
v -0.002838 0.090821 -0.610146
v -0.002041 0.091792 -0.631368
v -0.002041 0.091792 -0.610146
v -0.001449 0.092900 -0.631368
v -0.001449 0.092900 -0.610146
v -0.001084 0.094102 -0.631368
v -0.001084 0.094102 -0.610146
v -0.000961 0.095353 -0.631368
v -0.000961 0.095353 -0.610146
v -0.001084 0.096603 -0.631368
v -0.001084 0.096603 -0.610146
v -0.001449 0.097805 -0.631368
v -0.001449 0.097805 -0.610146
v -0.002041 0.098913 -0.631368
v -0.002041 0.098913 -0.610146
v -0.002838 0.099884 -0.631368
v -0.002838 0.099884 -0.610146
v -0.003809 0.100681 -0.610146
v -0.003809 0.100681 -0.631368
v -0.004917 0.101273 -0.610146
v -0.004917 0.101273 -0.631368
v -0.006119 0.101638 -0.610146
v -0.006119 0.101638 -0.631368
v -0.007369 0.101761 -0.610146
v -0.007369 0.101761 -0.631368
v -0.008620 0.101638 -0.610146
v -0.008620 0.101638 -0.631368
v -0.009822 0.101273 -0.610146
v -0.009822 0.101273 -0.631368
v -0.010930 0.100681 -0.610146
v -0.010930 0.100681 -0.631368
v -0.011901 0.099884 -0.610146
v -0.011901 0.099884 -0.631368
v -0.012698 0.098913 -0.610146
v -0.012698 0.098913 -0.631368
v -0.013290 0.097805 -0.610146
v -0.013290 0.097805 -0.631368
v -0.013655 0.096603 -0.610146
v -0.013655 0.096603 -0.631368
v -0.013778 0.095353 -0.610146
v -0.013778 0.095353 -0.631368
v -0.008688 0.088725 -0.633600
v -0.006051 0.088725 -0.633600
v -0.007369 0.088595 -0.633600
v -0.009955 0.089110 -0.633600
v -0.004784 0.089110 -0.633600
v -0.011124 0.089734 -0.633600
v -0.003615 0.089734 -0.633600
v -0.007369 0.089747 -0.633600
v -0.008463 0.089855 -0.633600
v -0.012148 0.090574 -0.633600
v -0.008463 0.089855 -0.633600
v -0.012148 0.090574 -0.633600
v -0.009514 0.090174 -0.633600
v -0.009514 0.090174 -0.633600
v -0.012148 0.090574 -0.633600
v -0.010484 0.090692 -0.633600
v -0.010484 0.090692 -0.633600
v -0.012988 0.091598 -0.633600
v -0.010484 0.090692 -0.633600
v -0.012988 0.091598 -0.633600
v -0.011333 0.091389 -0.633600
v -0.011333 0.091389 -0.633600
v -0.012988 0.091598 -0.633600
v -0.012030 0.092238 -0.633600
v -0.012030 0.092238 -0.633600
v -0.013612 0.092767 -0.633600
v -0.012030 0.092238 -0.633600
v -0.013612 0.092767 -0.633600
v -0.012548 0.093208 -0.633600
v -0.012548 0.093208 -0.633600
v -0.013997 0.094034 -0.633600
v -0.012548 0.093208 -0.633600
v -0.013997 0.094034 -0.633600
v -0.012867 0.094259 -0.633600
v -0.012867 0.094259 -0.633600
v -0.014127 0.095353 -0.633600
v -0.012975 0.095353 -0.633600
v -0.013997 0.096671 -0.633600
v -0.012975 0.095353 -0.633600
v -0.013997 0.096671 -0.633600
v -0.012867 0.096446 -0.633600
v -0.012867 0.096446 -0.633600
v -0.012548 0.097498 -0.633600
v -0.012548 0.097498 -0.633600
v -0.013997 0.096671 -0.633600
v -0.013612 0.097939 -0.633600
v -0.012548 0.097498 -0.633600
v -0.013612 0.097939 -0.633600
v -0.012030 0.098467 -0.633600
v -0.012030 0.098467 -0.633600
v -0.013612 0.097939 -0.633600
v -0.012988 0.099107 -0.633600
v -0.012030 0.098467 -0.633600
v -0.012988 0.099107 -0.633600
v -0.011333 0.099316 -0.633600
v -0.011333 0.099316 -0.633600
v -0.012148 0.100131 -0.633600
v -0.012148 0.100131 -0.633600
v -0.010484 0.100013 -0.633600
v -0.010484 0.100013 -0.633600
v -0.012148 0.100131 -0.633600
v -0.009514 0.100531 -0.633600
v -0.009514 0.100531 -0.633600
v -0.011124 0.100971 -0.633600
v -0.009955 0.101595 -0.633600
v -0.006276 0.089855 -0.633600
v -0.002591 0.090574 -0.633600
v -0.002591 0.090574 -0.633600
v -0.006276 0.089855 -0.633600
v -0.005224 0.090174 -0.633600
v -0.002591 0.090574 -0.633600
v -0.005224 0.090174 -0.633600
v -0.004255 0.090692 -0.633600
v -0.004255 0.090692 -0.633600
v -0.001751 0.091598 -0.633600
v -0.001751 0.091598 -0.633600
v -0.004255 0.090692 -0.633600
v -0.003406 0.091389 -0.633600
v -0.003406 0.091389 -0.633600
v -0.002709 0.092238 -0.633600
v -0.001127 0.092767 -0.633600
v -0.002191 0.093208 -0.633600
v -0.000742 0.094034 -0.633600
v -0.001872 0.094259 -0.633600
v -0.000612 0.095353 -0.633600
v -0.001764 0.095353 -0.633600
v -0.001872 0.096446 -0.633600
v -0.000612 0.095353 -0.633600
v -0.001872 0.096446 -0.633600
v -0.000742 0.096671 -0.633600
v -0.000742 0.096671 -0.633600
v -0.002191 0.097498 -0.633600
v -0.000742 0.096671 -0.633600
v -0.002191 0.097498 -0.633600
v -0.001127 0.097939 -0.633600
v -0.001127 0.097939 -0.633600
v -0.002191 0.097498 -0.633600
v -0.002709 0.098467 -0.633600
v -0.001127 0.097939 -0.633600
v -0.002709 0.098467 -0.633600
v -0.001751 0.099107 -0.633600
v -0.001751 0.099107 -0.633600
v -0.002709 0.098467 -0.633600
v -0.003406 0.099316 -0.633600
v -0.003406 0.099316 -0.633600
v -0.002591 0.100131 -0.633600
v -0.002591 0.100131 -0.633600
v -0.004255 0.100013 -0.633600
v -0.005224 0.100531 -0.633600
v -0.003615 0.100971 -0.633600
v -0.004784 0.101595 -0.633600
v -0.008463 0.100850 -0.633600
v -0.007369 0.100958 -0.633600
v -0.006276 0.100850 -0.633600
v -0.004784 0.101595 -0.633600
v -0.006276 0.100850 -0.633600
v -0.007369 0.100958 -0.633600
v -0.008688 0.101980 -0.633600
v -0.006051 0.101980 -0.633600
v -0.007369 0.102110 -0.633600
v -0.001751 0.099107 -0.264633
v -0.003406 0.099316 -0.264633
v -0.002709 0.098467 -0.264633
v -0.002591 0.100131 -0.264633
v -0.004255 0.100013 -0.264633
v -0.004255 0.100013 -0.264633
v -0.002591 0.100131 -0.264633
v -0.005224 0.100531 -0.264633
v -0.005224 0.100531 -0.264633
v -0.003615 0.100971 -0.264633
v -0.006276 0.100850 -0.264633
v -0.007369 0.100958 -0.264633
v -0.009514 0.100531 -0.264633
v -0.011124 0.100971 -0.264633
v -0.010484 0.100013 -0.264633
v -0.011124 0.100971 -0.264633
v -0.009514 0.100531 -0.264633
v -0.008463 0.100850 -0.264633
v -0.004784 0.101596 -0.264633
v -0.009955 0.101596 -0.264633
v -0.006051 0.101980 -0.264633
v -0.008688 0.101980 -0.264633
v -0.007369 0.102110 -0.264633
v -0.006051 0.088725 -0.264633
v -0.008688 0.088725 -0.264633
v -0.007369 0.088595 -0.264633
v -0.004784 0.089110 -0.264633
v -0.009955 0.089110 -0.264633
v -0.003615 0.089734 -0.264633
v -0.011124 0.089734 -0.264633
v -0.007369 0.089748 -0.264633
v -0.006276 0.089855 -0.264633
v -0.002591 0.090574 -0.264633
v -0.005224 0.090174 -0.264633
v -0.005224 0.090174 -0.264633
v -0.002591 0.090574 -0.264633
v -0.004255 0.090692 -0.264633
v -0.004255 0.090692 -0.264633
v -0.001751 0.091598 -0.264633
v -0.003406 0.091389 -0.264633
v -0.003406 0.091389 -0.264633
v -0.001751 0.091598 -0.264633
v -0.002709 0.092239 -0.264633
v -0.002709 0.092239 -0.264633
v -0.001127 0.092767 -0.264633
v -0.002191 0.093208 -0.264633
v -0.000742 0.094034 -0.264633
v -0.001872 0.094259 -0.264633
v -0.000612 0.095353 -0.264633
v -0.001764 0.095353 -0.264633
v -0.000742 0.096671 -0.264633
v -0.001872 0.096446 -0.264633
v -0.002191 0.097498 -0.264633
v -0.001127 0.097939 -0.264633
v -0.002191 0.097498 -0.264633
v -0.001127 0.097939 -0.264633
v -0.002709 0.098467 -0.264633
v -0.008463 0.089855 -0.264633
v -0.012148 0.090574 -0.264633
v -0.009514 0.090174 -0.264633
v -0.010484 0.090692 -0.264633
v -0.012988 0.091598 -0.264633
v -0.011333 0.091389 -0.264633
v -0.012988 0.091598 -0.264633
v -0.011333 0.091389 -0.264633
v -0.012030 0.092239 -0.264633
v -0.012030 0.092239 -0.264633
v -0.013612 0.092767 -0.264633
v -0.012548 0.093208 -0.264633
v -0.013997 0.094034 -0.264633
v -0.012867 0.094259 -0.264633
v -0.013997 0.094034 -0.264633
v -0.012867 0.094259 -0.264633
v -0.014127 0.095353 -0.264633
v -0.014127 0.095353 -0.264633
v -0.012975 0.095353 -0.264633
v -0.012867 0.096446 -0.264633
v -0.013997 0.096671 -0.264633
v -0.012548 0.097498 -0.264633
v -0.013997 0.096671 -0.264633
v -0.012548 0.097498 -0.264633
v -0.013612 0.097939 -0.264633
v -0.013612 0.097939 -0.264633
v -0.012548 0.097498 -0.264633
v -0.012030 0.098467 -0.264633
v -0.013612 0.097939 -0.264633
v -0.012030 0.098467 -0.264633
v -0.012988 0.099107 -0.264633
v -0.011333 0.099316 -0.264633
v -0.012148 0.100131 -0.264633
v -0.010484 0.100013 -0.264633
v 0.000112 0.121049 -0.614056
v -0.001527 0.138691 -0.614844
v 0.000015 0.122668 -0.626619
v -0.001527 0.140000 -0.627501
v -0.012653 0.140000 -0.627501
v -0.013212 0.140000 -0.627501
v -0.012711 0.139133 -0.619116
v -0.012682 0.138691 -0.614844
v -0.013212 0.140000 -0.627501
v -0.013212 0.138691 -0.614844
v -0.012711 0.139133 -0.619116
v -0.001527 0.138691 -0.614844
v -0.002028 0.139133 -0.619116
v -0.002057 0.138691 -0.614844
v -0.002028 0.139133 -0.619116
v -0.001527 0.140000 -0.627501
v -0.002086 0.140000 -0.627501
v -0.001527 0.140000 -0.627501
v -0.014846 0.121049 -0.614056
v -0.013212 0.138691 -0.614844
v -0.014734 0.122668 -0.626619
v -0.013212 0.140000 -0.627501
v -0.001036 0.121911 -0.613476
v -0.001527 0.138691 -0.614844
v -0.002434 0.136112 -0.614561
v -0.002928 0.134748 -0.614411
v -0.008995 0.121911 -0.613476
v -0.009052 0.121911 -0.613451
v -0.009257 0.121911 -0.613429
v -0.009614 0.121911 -0.613411
v -0.003592 0.133552 -0.614279
v -0.010112 0.121911 -0.613399
v -0.004402 0.132570 -0.614172
v -0.013703 0.121911 -0.613470
v -0.005325 0.131841 -0.614092
v -0.006327 0.131392 -0.614042
v -0.007369 0.131240 -0.614025
v -0.002130 0.137593 -0.614724
v -0.002057 0.138691 -0.614844
v -0.013212 0.138691 -0.614844
v -0.013703 0.111950 -0.612750
v -0.013703 0.111991 -0.612745
v -0.013703 0.112147 -0.612748
v -0.012305 0.136112 -0.614561
v -0.011811 0.134748 -0.614411
v -0.011147 0.133552 -0.614279
v -0.010337 0.132570 -0.614172
v -0.009414 0.131841 -0.614092
v -0.008411 0.131392 -0.614042
v -0.012608 0.137593 -0.614724
v -0.012682 0.138691 -0.614844
v -0.013703 0.121911 -0.628935
v -0.013212 0.140000 -0.627501
v -0.013703 0.111950 -0.629615
v -0.013703 0.111991 -0.629621
v -0.013703 0.112147 -0.629618
v -0.010112 0.121911 -0.629002
v -0.009614 0.121911 -0.628991
v -0.009257 0.121911 -0.628975
v -0.009052 0.121911 -0.628953
v -0.008995 0.121911 -0.628930
v -0.012305 0.136112 -0.627904
v -0.011811 0.134748 -0.628046
v -0.011147 0.133552 -0.628170
v -0.010337 0.132570 -0.628272
v -0.001036 0.121911 -0.628930
v -0.009414 0.131841 -0.628348
v -0.008411 0.131392 -0.628395
v -0.007369 0.131240 -0.628411
v -0.012608 0.137593 -0.627751
v -0.012711 0.139133 -0.627591
v -0.012653 0.140000 -0.627501
v -0.001527 0.140000 -0.627501
v -0.002434 0.136112 -0.627904
v -0.002928 0.134748 -0.628046
v -0.003592 0.133552 -0.628170
v -0.004402 0.132570 -0.628272
v -0.005325 0.131841 -0.628348
v -0.006327 0.131392 -0.628395
v -0.002130 0.137593 -0.627751
v -0.002028 0.139133 -0.627591
v -0.002086 0.140000 -0.627501
v -0.012682 0.138691 -0.614844
v -0.002057 0.138691 -0.614844
v 0.000015 0.122668 -0.626619
v -0.001036 0.110105 -0.628238
v 0.001132 0.110105 -0.628238
v -0.001036 0.121911 -0.626716
v -0.001036 0.121911 -0.626716
v 0.000015 0.122668 -0.626619
v -0.013703 0.121911 -0.626716
v -0.013703 0.121911 -0.626716
v -0.015859 0.110105 -0.628238
v -0.013703 0.110105 -0.628238
v -0.014734 0.122668 -0.626619
v -0.014734 0.122668 -0.626619
v -0.013703 0.121911 -0.626716
v 0.000015 0.122668 -0.626619
v -0.014846 0.121049 -0.614056
v -0.013703 0.109243 -0.615577
v -0.016009 0.108486 -0.615674
v -0.013703 0.121049 -0.614056
v 0.001276 0.108486 -0.615674
v -0.001036 0.109243 -0.615577
v 0.000112 0.121049 -0.614056
v -0.001036 0.109243 -0.615577
v 0.001276 0.108486 -0.615674
v -0.016009 0.108486 -0.615674
v -0.001036 0.109243 -0.615577
v -0.016009 0.108486 -0.615674
v -0.013703 0.109243 -0.615577
v -0.001036 0.121049 -0.614056
v -0.016009 0.108486 -0.615674
v -0.013703 0.109243 -0.621553
v -0.015859 0.110105 -0.628238
v -0.013703 0.109243 -0.621553
v -0.016009 0.108486 -0.615674
v 0.001276 0.108486 -0.615674
v -0.013703 0.109243 -0.621553
v 0.001276 0.108486 -0.615674
v -0.001036 0.109243 -0.621553
v -0.001036 0.109243 -0.621553
v 0.001276 0.108486 -0.615674
v -0.001036 0.110105 -0.628238
v 0.001132 0.110105 -0.628238
v -0.013703 0.110105 -0.628238
v 0.000015 0.122668 -0.626619
v -0.013703 0.121911 -0.620740
v -0.014734 0.122668 -0.626619
v -0.013703 0.121911 -0.620740
v 0.000015 0.122668 -0.626619
v -0.001036 0.121911 -0.620740
v -0.001036 0.121911 -0.620740
v 0.000015 0.122668 -0.626619
v -0.001036 0.121049 -0.614056
v 0.000112 0.121049 -0.614056
v -0.014734 0.122668 -0.626619
v -0.013703 0.121049 -0.614056
v -0.014846 0.121049 -0.614056
v -0.013703 0.121911 -0.620740
v -0.013703 0.111950 -0.612750
v -0.013703 0.112147 -0.612748
v -0.013703 0.111991 -0.612745
v -0.013703 0.121911 -0.613470
v -0.013703 0.109243 -0.615577
v -0.013703 0.109243 -0.612553
v -0.013703 0.121049 -0.614056
v -0.013703 0.121911 -0.620740
v -0.013703 0.121911 -0.628935
v -0.013703 0.121911 -0.626716
v -0.013703 0.110105 -0.628238
v -0.013703 0.109243 -0.629802
v -0.013703 0.110105 -0.628238
v -0.013703 0.109243 -0.621553
v -0.013703 0.109243 -0.629802
v -0.013703 0.111950 -0.629615
v -0.013703 0.112147 -0.629618
v -0.013703 0.111991 -0.629621
v -0.001036 0.121911 -0.628930
v -0.001036 0.110105 -0.628238
v -0.001036 0.121911 -0.626716
v -0.001036 0.110105 -0.628238
v -0.001036 0.109243 -0.629802
v -0.001036 0.109243 -0.621553
v -0.001036 0.109243 -0.629802
v -0.001036 0.121911 -0.620740
v -0.001036 0.121049 -0.614056
v -0.001036 0.121911 -0.613476
v -0.001036 0.121911 -0.613476
v -0.001036 0.109243 -0.615577
v -0.001036 0.109243 -0.612553
v -0.001036 0.121049 -0.614056
v -0.010112 0.121911 -0.629002
v -0.013703 0.121911 -0.626716
v -0.013703 0.121911 -0.628935
v -0.001036 0.121911 -0.626716
v -0.001036 0.121911 -0.626716
v -0.010112 0.121911 -0.629002
v -0.009614 0.121911 -0.628991
v -0.001036 0.121911 -0.626716
v -0.009614 0.121911 -0.628991
v -0.009257 0.121911 -0.628975
v -0.008995 0.121911 -0.628930
v -0.008995 0.121911 -0.628930
v -0.009257 0.121911 -0.628975
v -0.009052 0.121911 -0.628953
v -0.001036 0.121911 -0.628930
v -0.001036 0.121911 -0.620740
v -0.013703 0.121911 -0.613470
v -0.013703 0.121911 -0.620740
v -0.010112 0.121911 -0.613399
v -0.009614 0.121911 -0.613411
v -0.009614 0.121911 -0.613411
v -0.001036 0.121911 -0.620740
v -0.009257 0.121911 -0.613429
v -0.009257 0.121911 -0.613429
v -0.009052 0.121911 -0.613451
v -0.009052 0.121911 -0.613451
v -0.001036 0.121911 -0.620740
v -0.008995 0.121911 -0.613476
v -0.008995 0.121911 -0.613476
v -0.001036 0.121911 -0.613476
v -0.008877 0.087775 -0.631368
v -0.005862 0.087775 -0.631368
v -0.007369 0.087626 -0.631368
v -0.010326 0.088214 -0.631368
v -0.004413 0.088214 -0.631368
v -0.011662 0.088929 -0.631368
v -0.003077 0.088929 -0.631368
v -0.007369 0.088944 -0.631368
v -0.007369 0.088944 -0.631368
v -0.011662 0.088929 -0.631368
v -0.008620 0.089067 -0.631368
v -0.008620 0.089067 -0.631368
v -0.011662 0.088929 -0.631368
v -0.012833 0.089889 -0.631368
v -0.008620 0.089067 -0.631368
v -0.012833 0.089889 -0.631368
v -0.009822 0.089432 -0.631368
v -0.009822 0.089432 -0.631368
v -0.012833 0.089889 -0.631368
v -0.010930 0.090024 -0.631368
v -0.010930 0.090024 -0.631368
v -0.012833 0.089889 -0.631368
v -0.013793 0.091060 -0.631368
v -0.010930 0.090024 -0.631368
v -0.013793 0.091060 -0.631368
v -0.011901 0.090821 -0.631368
v -0.011901 0.090821 -0.631368
v -0.013793 0.091060 -0.631368
v -0.012698 0.091792 -0.631368
v -0.014508 0.092396 -0.631368
v -0.013290 0.092900 -0.631368
v -0.014947 0.093845 -0.631368
v -0.013290 0.092900 -0.631368
v -0.014947 0.093845 -0.631368
v -0.013655 0.094102 -0.631368
v -0.013655 0.094102 -0.631368
v -0.014947 0.093845 -0.631368
v -0.015096 0.095353 -0.631368
v -0.013655 0.094102 -0.631368
v -0.015096 0.095353 -0.631368
v -0.013778 0.095353 -0.631368
v -0.014947 0.096860 -0.631368
v -0.013778 0.095353 -0.631368
v -0.014947 0.096860 -0.631368
v -0.013655 0.096603 -0.631368
v -0.013655 0.096603 -0.631368
v -0.013290 0.097805 -0.631368
v -0.014508 0.098309 -0.631368
v -0.012698 0.098913 -0.631368
v -0.013793 0.099645 -0.631368
v -0.012698 0.098913 -0.631368
v -0.013793 0.099645 -0.631368
v -0.011901 0.099884 -0.631368
v -0.011901 0.099884 -0.631368
v -0.012833 0.100816 -0.631368
v -0.011901 0.099884 -0.631368
v -0.012833 0.100816 -0.631368
v -0.010930 0.100681 -0.631368
v -0.010930 0.100681 -0.631368
v -0.009822 0.101273 -0.631368
v -0.011662 0.101777 -0.631368
v -0.009822 0.101273 -0.631368
v -0.011662 0.101777 -0.631368
v -0.010326 0.102491 -0.631368
v -0.003077 0.088929 -0.631368
v -0.006119 0.089067 -0.631368
v -0.001906 0.089889 -0.631368
v -0.006119 0.089067 -0.631368
v -0.003077 0.088929 -0.631368
v -0.007369 0.088944 -0.631368
v -0.001906 0.089889 -0.631368
v -0.006119 0.089067 -0.631368
v -0.004917 0.089432 -0.631368
v -0.001906 0.089889 -0.631368
v -0.004917 0.089432 -0.631368
v -0.003809 0.090024 -0.631368
v -0.001906 0.089889 -0.631368
v -0.003809 0.090024 -0.631368
v -0.000946 0.091060 -0.631368
v -0.000946 0.091060 -0.631368
v -0.003809 0.090024 -0.631368
v -0.002838 0.090821 -0.631368
v -0.000946 0.091060 -0.631368
v -0.002838 0.090821 -0.631368
v -0.002041 0.091792 -0.631368
v -0.000231 0.092396 -0.631368
v -0.001449 0.092900 -0.631368
v 0.000208 0.093845 -0.631368
v 0.000208 0.093845 -0.631368
v -0.001449 0.092900 -0.631368
v -0.001084 0.094102 -0.631368
v 0.000208 0.093845 -0.631368
v -0.001084 0.094102 -0.631368
v 0.000357 0.095353 -0.631368
v 0.000357 0.095353 -0.631368
v -0.001084 0.094102 -0.631368
v -0.000961 0.095353 -0.631368
v -0.001084 0.096603 -0.631368
v 0.000357 0.095353 -0.631368
v -0.001084 0.096603 -0.631368
v 0.000208 0.096860 -0.631368
v 0.000208 0.096860 -0.631368
v -0.001449 0.097805 -0.631368
v -0.000231 0.098309 -0.631368
v -0.002041 0.098913 -0.631368
v -0.000231 0.098309 -0.631368
v -0.002041 0.098913 -0.631368
v -0.000946 0.099645 -0.631368
v -0.000946 0.099645 -0.631368
v -0.002041 0.098913 -0.631368
v -0.002838 0.099884 -0.631368
v -0.000946 0.099645 -0.631368
v -0.002838 0.099884 -0.631368
v -0.001906 0.100816 -0.631368
v -0.001906 0.100816 -0.631368
v -0.002838 0.099884 -0.631368
v -0.003809 0.100681 -0.631368
v -0.003809 0.100681 -0.631368
v -0.004917 0.101273 -0.631368
v -0.001906 0.100816 -0.631368
v -0.004917 0.101273 -0.631368
v -0.003077 0.101777 -0.631368
v -0.003077 0.101777 -0.631368
v -0.004413 0.102491 -0.631368
v -0.010326 0.102491 -0.631368
v -0.008620 0.101638 -0.631368
v -0.009822 0.101273 -0.631368
v -0.008620 0.101638 -0.631368
v -0.010326 0.102491 -0.631368
v -0.007369 0.101761 -0.631368
v -0.006119 0.101638 -0.631368
v -0.004413 0.102491 -0.631368
v -0.006119 0.101638 -0.631368
v -0.007369 0.101761 -0.631368
v -0.008877 0.102930 -0.631368
v -0.005862 0.102930 -0.631368
v -0.007369 0.103079 -0.631368
v -0.000946 0.099645 -0.610146
v -0.002838 0.099884 -0.610146
v -0.002041 0.098913 -0.610146
v -0.002838 0.099884 -0.610146
v -0.000946 0.099645 -0.610146
v -0.001906 0.100816 -0.610146
v -0.002838 0.099884 -0.610146
v -0.001906 0.100816 -0.610146
v -0.003809 0.100681 -0.610146
v -0.003809 0.100681 -0.610146
v -0.004917 0.101273 -0.610146
v -0.004917 0.101273 -0.610146
v -0.001906 0.100816 -0.610146
v -0.003077 0.101777 -0.610146
v -0.003077 0.101777 -0.610146
v -0.006119 0.101638 -0.610146
v -0.007369 0.101761 -0.610146
v -0.009822 0.101273 -0.610146
v -0.011662 0.101777 -0.610146
v -0.010930 0.100681 -0.610146
v -0.011662 0.101777 -0.610146
v -0.009822 0.101273 -0.610146
v -0.008620 0.101638 -0.610146
v -0.004413 0.102491 -0.610146
v -0.010326 0.102491 -0.610146
v -0.005862 0.102930 -0.610146
v -0.008877 0.102930 -0.610146
v -0.007369 0.103079 -0.610146
v -0.005862 0.087775 -0.610146
v -0.008877 0.087775 -0.610146
v -0.007369 0.087626 -0.610146
v -0.004413 0.088214 -0.610146
v -0.010326 0.088214 -0.610146
v -0.003077 0.088929 -0.610146
v -0.011662 0.088929 -0.610146
v -0.007369 0.088944 -0.610146
v -0.006119 0.089067 -0.610146
v -0.001906 0.089889 -0.610146
v -0.004917 0.089432 -0.610146
v -0.004917 0.089432 -0.610146
v -0.001906 0.089889 -0.610146
v -0.003809 0.090024 -0.610146
v -0.003809 0.090024 -0.610146
v -0.000946 0.091060 -0.610146
v -0.003809 0.090024 -0.610146
v -0.000946 0.091060 -0.610146
v -0.002838 0.090821 -0.610146
v -0.002838 0.090821 -0.610146
v -0.000946 0.091060 -0.610146
v -0.002041 0.091792 -0.610146
v -0.002041 0.091792 -0.610146
v -0.000231 0.092396 -0.610146
v -0.001449 0.092900 -0.610146
v 0.000208 0.093845 -0.610146
v -0.001449 0.092900 -0.610146
v 0.000208 0.093845 -0.610146
v -0.001084 0.094102 -0.610146
v -0.001084 0.094102 -0.610146
v 0.000357 0.095353 -0.610146
v -0.000961 0.095353 -0.610146
v 0.000208 0.096860 -0.610146
v -0.001084 0.096603 -0.610146
v -0.001084 0.096603 -0.610146
v 0.000208 0.096860 -0.610146
v -0.001449 0.097805 -0.610146
v -0.001449 0.097805 -0.610146
v -0.000231 0.098309 -0.610146
v -0.001449 0.097805 -0.610146
v -0.000231 0.098309 -0.610146
v -0.002041 0.098913 -0.610146
v -0.002041 0.098913 -0.610146
v -0.011662 0.088929 -0.610146
v -0.008620 0.089067 -0.610146
v -0.012833 0.089889 -0.610146
v -0.008620 0.089067 -0.610146
v -0.012833 0.089889 -0.610146
v -0.009822 0.089432 -0.610146
v -0.010930 0.090024 -0.610146
v -0.013793 0.091060 -0.610146
v -0.013793 0.091060 -0.610146
v -0.010930 0.090024 -0.610146
v -0.011901 0.090821 -0.610146
v -0.011901 0.090821 -0.610146
v -0.012698 0.091792 -0.610146
v -0.014508 0.092396 -0.610146
v -0.013290 0.092900 -0.610146
v -0.014947 0.093845 -0.610146
v -0.014947 0.093845 -0.610146
v -0.013290 0.092900 -0.610146
v -0.013655 0.094102 -0.610146
v -0.013655 0.094102 -0.610146
v -0.015096 0.095353 -0.610146
v -0.013778 0.095353 -0.610146
v -0.013655 0.096603 -0.610146
v -0.014947 0.096860 -0.610146
v -0.014947 0.096860 -0.610146
v -0.013655 0.096603 -0.610146
v -0.013290 0.097805 -0.610146
v -0.014947 0.096860 -0.610146
v -0.013290 0.097805 -0.610146
v -0.014508 0.098309 -0.610146
v -0.014508 0.098309 -0.610146
v -0.013290 0.097805 -0.610146
v -0.012698 0.098913 -0.610146
v -0.014508 0.098309 -0.610146
v -0.012698 0.098913 -0.610146
v -0.013793 0.099645 -0.610146
v -0.013793 0.099645 -0.610146
v -0.011901 0.099884 -0.610146
v -0.013793 0.099645 -0.610146
v -0.011901 0.099884 -0.610146
v -0.012833 0.100816 -0.610146
v -0.012833 0.100816 -0.610146
v -0.011901 0.099884 -0.610146
v -0.010930 0.100681 -0.610146
v -0.010930 0.100681 -0.610146
v -0.007369 0.128557 -0.497117
v -0.007369 0.131161 -0.322600
v -0.005830 0.131010 -0.322598
v -0.005830 0.128406 -0.497115
v -0.004350 0.130561 -0.322593
v -0.004350 0.127957 -0.497110
v -0.002986 0.129832 -0.322584
v -0.002986 0.127228 -0.497102
v -0.001791 0.128851 -0.322573
v -0.001791 0.126247 -0.497090
v -0.000810 0.127655 -0.322559
v -0.000810 0.125051 -0.497077
v -0.000081 0.126291 -0.322544
v -0.000081 0.123687 -0.497061
v 0.000368 0.124811 -0.322527
v 0.000368 0.122207 -0.497044
v 0.000520 0.123272 -0.322509
v 0.000520 0.120668 -0.497026
v 0.000368 0.121734 -0.322491
v 0.000368 0.119130 -0.497009
v -0.000081 0.120254 -0.322474
v -0.000081 0.117650 -0.496992
v -0.000810 0.118890 -0.322459
v -0.000810 0.116286 -0.496976
v -0.001791 0.117694 -0.322445
v -0.001791 0.115090 -0.496963
v -0.002986 0.116713 -0.322434
v -0.002986 0.114109 -0.496951
v -0.004350 0.115984 -0.322426
v -0.004350 0.113380 -0.496943
v -0.005830 0.115535 -0.322420
v -0.005830 0.112931 -0.496938
v -0.007369 0.115384 -0.322419
v -0.007369 0.112780 -0.496936
v -0.008909 0.115535 -0.322420
v -0.008909 0.112931 -0.496938
v -0.010389 0.115984 -0.322426
v -0.010389 0.113380 -0.496943
v -0.011752 0.116713 -0.322434
v -0.011752 0.114109 -0.496951
v -0.012948 0.117694 -0.322445
v -0.012948 0.115090 -0.496963
v -0.013929 0.118890 -0.322459
v -0.013929 0.116286 -0.496976
v -0.014658 0.120254 -0.322474
v -0.014658 0.117650 -0.496992
v -0.015107 0.121734 -0.322491
v -0.015107 0.119130 -0.497009
v -0.015259 0.123272 -0.322509
v -0.015259 0.120668 -0.497026
v -0.015107 0.124811 -0.322527
v -0.015107 0.122207 -0.497044
v -0.014658 0.126291 -0.322544
v -0.014658 0.123687 -0.497061
v -0.013929 0.127655 -0.322559
v -0.013929 0.125051 -0.497077
v -0.012948 0.128851 -0.322573
v -0.012948 0.126247 -0.497090
v -0.011752 0.129832 -0.322584
v -0.011752 0.127228 -0.497102
v -0.010389 0.130561 -0.322593
v -0.010389 0.127957 -0.497110
v -0.000081 0.126291 -0.322544
v -0.000810 0.127655 -0.322559
v 0.002677 0.129989 -0.322251
v 0.003794 0.127900 -0.322226
v -0.008909 0.131010 -0.322598
v -0.008909 0.128406 -0.497115
v -0.007369 0.131161 -0.322600
v -0.007369 0.128557 -0.497117
v -0.002746 0.134439 -0.322302
v -0.005012 0.135126 -0.322309
v -0.005012 0.135223 -0.313897
v -0.002746 0.134535 -0.313889
v -0.005830 0.115535 -0.322420
v -0.004350 0.115984 -0.322426
v -0.002746 0.112114 -0.322046
v -0.005012 0.111426 -0.322038
v -0.015259 0.123272 -0.322509
v -0.015107 0.121734 -0.322491
v -0.019220 0.120919 -0.322147
v -0.019453 0.123276 -0.322174
v -0.004350 0.130561 -0.322593
v -0.005830 0.131010 -0.322598
v -0.005012 0.135126 -0.322309
v -0.002746 0.134439 -0.322302
v -0.000810 0.118890 -0.322459
v -0.000081 0.120254 -0.322474
v 0.003794 0.118653 -0.322120
v 0.002677 0.116564 -0.322097
v -0.012948 0.117694 -0.322445
v -0.011752 0.116713 -0.322434
v -0.014082 0.113230 -0.322058
v -0.015913 0.114733 -0.322076
v -0.011752 0.129832 -0.322584
v -0.012948 0.128851 -0.322573
v -0.015913 0.131820 -0.322271
v -0.014082 0.133322 -0.322289
v 0.000368 0.124811 -0.322527
v 0.004481 0.125633 -0.322201
v -0.007369 0.115384 -0.322419
v -0.007369 0.111194 -0.322035
v -0.015107 0.124811 -0.322527
v -0.019220 0.125633 -0.322201
v -0.002986 0.129832 -0.322584
v -0.000657 0.133322 -0.322289
v -0.001791 0.117694 -0.322445
v 0.001174 0.114733 -0.322076
v -0.013929 0.118890 -0.322459
v -0.017416 0.116564 -0.322097
v -0.010389 0.130561 -0.322593
v -0.011993 0.134439 -0.322302
v 0.000520 0.123272 -0.322509
v 0.004714 0.123276 -0.322174
v -0.008909 0.115535 -0.322420
v -0.009727 0.111426 -0.322038
v -0.014658 0.126291 -0.322544
v -0.018533 0.127900 -0.322226
v -0.001791 0.128851 -0.322573
v 0.001174 0.131820 -0.322271
v -0.002986 0.116713 -0.322434
v -0.000657 0.113230 -0.322058
v -0.014658 0.120254 -0.322474
v -0.018533 0.118653 -0.322120
v -0.008909 0.131010 -0.322598
v -0.009727 0.135126 -0.322309
v 0.000368 0.121734 -0.322491
v 0.004481 0.120919 -0.322147
v -0.010389 0.115984 -0.322426
v -0.011993 0.112114 -0.322046
v -0.013929 0.127655 -0.322559
v -0.017416 0.129989 -0.322251
v -0.007369 0.131161 -0.322600
v -0.007369 0.135358 -0.322312
v -0.007369 0.131161 -0.322600
v -0.007369 0.135358 -0.322312
v -0.014082 0.133322 -0.322289
v -0.015913 0.131820 -0.322271
v -0.015913 0.131916 -0.313859
v -0.014082 0.133419 -0.313877
v -0.007369 0.111194 -0.322035
v -0.005012 0.111426 -0.322038
v -0.005012 0.111523 -0.313626
v -0.007369 0.111291 -0.313623
v -0.000657 0.133322 -0.322289
v -0.000657 0.133419 -0.313877
v -0.011993 0.134439 -0.322302
v -0.011993 0.134535 -0.313889
v -0.009727 0.111426 -0.322038
v -0.009727 0.111523 -0.313626
v 0.001174 0.131820 -0.322271
v 0.001174 0.131916 -0.313859
v -0.009727 0.135126 -0.322309
v -0.009727 0.135223 -0.313897
v -0.011993 0.112114 -0.322046
v -0.011993 0.112210 -0.313634
v 0.002677 0.129989 -0.322251
v 0.002677 0.130085 -0.313838
v -0.007369 0.135358 -0.322312
v -0.007369 0.135455 -0.313900
v -0.014082 0.113230 -0.322058
v -0.014082 0.113327 -0.313646
v 0.003794 0.127900 -0.322226
v 0.003794 0.127996 -0.313815
v -0.015913 0.114733 -0.322076
v -0.015913 0.114829 -0.313664
v 0.004481 0.125633 -0.322201
v 0.004481 0.125730 -0.313789
v -0.017416 0.116564 -0.322097
v -0.017416 0.116660 -0.313685
v 0.004714 0.123276 -0.322174
v 0.004714 0.123373 -0.313762
v -0.018533 0.118653 -0.322120
v -0.018533 0.118749 -0.313709
v 0.004481 0.120919 -0.322147
v 0.004481 0.121016 -0.313735
v -0.019220 0.120919 -0.322147
v -0.019220 0.121016 -0.313735
v 0.003794 0.118653 -0.322120
v 0.003794 0.118749 -0.313709
v -0.019453 0.123276 -0.322174
v -0.019453 0.123373 -0.313762
v 0.002677 0.116564 -0.322097
v 0.002677 0.116660 -0.313685
v -0.019220 0.125633 -0.322201
v -0.019220 0.125730 -0.313789
v 0.001174 0.114733 -0.322076
v 0.001174 0.114829 -0.313664
v -0.018533 0.127900 -0.322226
v -0.018533 0.127996 -0.313815
v -0.000657 0.113230 -0.322058
v -0.000657 0.113327 -0.313646
v -0.017416 0.129989 -0.322251
v -0.017416 0.130085 -0.313838
v -0.002746 0.112114 -0.322046
v -0.002746 0.112210 -0.313634
v -0.007369 0.135358 -0.322312
v -0.007369 0.135455 -0.313900
v -0.016534 0.095353 -0.511687
v -0.016534 0.095353 -0.495584
v -0.016358 0.093565 -0.495584
v -0.016358 0.093565 -0.511687
v -0.015837 0.091845 -0.495584
v -0.015837 0.091845 -0.511687
v -0.014990 0.090261 -0.495584
v -0.014990 0.090261 -0.511687
v -0.013850 0.088872 -0.495584
v -0.013850 0.088872 -0.511687
v -0.012461 0.087732 -0.495584
v -0.012461 0.087732 -0.511687
v -0.010877 0.086885 -0.495584
v -0.010877 0.086885 -0.511687
v -0.009158 0.086364 -0.495584
v -0.009158 0.086364 -0.511687
v -0.007369 0.086188 -0.495584
v -0.007369 0.086188 -0.511687
v -0.005581 0.086364 -0.495584
v -0.005581 0.086364 -0.511687
v -0.003862 0.086885 -0.495584
v -0.003862 0.086885 -0.511687
v -0.002278 0.087732 -0.495584
v -0.002278 0.087732 -0.511687
v -0.000889 0.088872 -0.495584
v -0.000889 0.088872 -0.511687
v 0.000251 0.090261 -0.495584
v 0.000251 0.090261 -0.511687
v 0.001098 0.091845 -0.495584
v 0.001098 0.091845 -0.511687
v 0.001619 0.093565 -0.495584
v 0.001619 0.093565 -0.511687
v 0.001795 0.095353 -0.495584
v 0.001795 0.095353 -0.511687
v 0.001619 0.097141 -0.495584
v 0.001619 0.097141 -0.511687
v 0.001098 0.098860 -0.495584
v 0.001098 0.098860 -0.511687
v 0.000251 0.100444 -0.495584
v 0.000251 0.100444 -0.511687
v -0.000889 0.101833 -0.495584
v -0.000889 0.101833 -0.511687
v -0.002278 0.102973 -0.495584
v -0.002278 0.102973 -0.511687
v -0.003862 0.103820 -0.495584
v -0.003862 0.103820 -0.511687
v -0.005581 0.104341 -0.495584
v -0.005581 0.104341 -0.511687
v -0.007369 0.104517 -0.495584
v -0.007369 0.104517 -0.511687
v -0.009158 0.104341 -0.495584
v -0.009158 0.104341 -0.511687
v -0.010877 0.103820 -0.495584
v -0.010877 0.103820 -0.511687
v -0.012461 0.102973 -0.495584
v -0.012461 0.102973 -0.511687
v -0.013850 0.101833 -0.495584
v -0.013850 0.101833 -0.511687
v -0.014990 0.100444 -0.495584
v -0.014990 0.100444 -0.511687
v -0.015837 0.098860 -0.495584
v -0.015837 0.098860 -0.511687
v -0.016358 0.097141 -0.495584
v -0.016358 0.097141 -0.511687
v -0.016534 0.095353 -0.495584
v -0.016534 0.095353 -0.511687
v -0.016609 0.120260 -0.494879
v -0.016534 0.120260 -0.478425
v -0.016358 0.118472 -0.478425
v -0.016432 0.118564 -0.493687
v -0.015837 0.116753 -0.478425
v -0.015906 0.116934 -0.492540
v -0.014990 0.115168 -0.478425
v -0.015052 0.115432 -0.491484
v -0.013850 0.113779 -0.478425
v -0.013903 0.114115 -0.490558
v -0.012461 0.112640 -0.478425
v -0.012503 0.113034 -0.489798
v -0.010877 0.111793 -0.478425
v -0.010905 0.112231 -0.489233
v -0.009158 0.111271 -0.478425
v -0.009172 0.111736 -0.488885
v -0.007369 0.111095 -0.478425
v -0.007369 0.111569 -0.488768
v -0.005581 0.111271 -0.478425
v -0.005567 0.111736 -0.488885
v -0.003862 0.111793 -0.478425
v -0.003834 0.112231 -0.489233
v -0.002278 0.112640 -0.478425
v -0.002236 0.113034 -0.489798
v -0.000889 0.113779 -0.478425
v -0.000836 0.114115 -0.490558
v 0.000251 0.115168 -0.478425
v 0.000313 0.115432 -0.491484
v 0.001098 0.116753 -0.478425
v 0.001167 0.116934 -0.492540
v 0.001619 0.118472 -0.478425
v 0.001692 0.118564 -0.493687
v 0.001795 0.120260 -0.478425
v 0.001870 0.120260 -0.494879
v 0.001619 0.122048 -0.478425
v 0.001692 0.121955 -0.496071
v 0.001098 0.123767 -0.478425
v 0.001167 0.123586 -0.497217
v 0.000251 0.125352 -0.478425
v 0.000313 0.125088 -0.498274
v -0.000889 0.126740 -0.478425
v -0.000836 0.126405 -0.499200
v -0.002278 0.127880 -0.478425
v -0.002236 0.127486 -0.499960
v -0.003862 0.128727 -0.478425
v -0.003834 0.128289 -0.500525
v -0.005581 0.129249 -0.478425
v -0.005567 0.128784 -0.500872
v -0.007369 0.129425 -0.478425
v -0.007369 0.128951 -0.500990
v -0.009158 0.129249 -0.478425
v -0.009172 0.128784 -0.500872
v -0.010877 0.128727 -0.478425
v -0.010905 0.128289 -0.500525
v -0.012461 0.127880 -0.478425
v -0.012503 0.127486 -0.499960
v -0.013850 0.126740 -0.478425
v -0.013903 0.126405 -0.499200
v -0.014990 0.125352 -0.478425
v -0.015052 0.125088 -0.498274
v -0.015837 0.123767 -0.478425
v -0.015906 0.123586 -0.497217
v -0.016358 0.122048 -0.478425
v -0.016432 0.121955 -0.496071
v -0.016534 0.120260 -0.478425
v -0.016609 0.120260 -0.494879
v -0.013903 0.114115 -0.490558
v -0.012503 0.113034 -0.489798
v -0.011109 0.099583 -0.497359
v -0.012129 0.099664 -0.498196
v 0.000313 0.115432 -0.491484
v 0.001167 0.116934 -0.492540
v -0.001152 0.099877 -0.500379
v -0.001773 0.099764 -0.499215
v -0.003834 0.128289 -0.500525
v -0.005567 0.128784 -0.500872
v -0.006056 0.100770 -0.509556
v -0.004794 0.100732 -0.509173
v -0.013970 0.100000 -0.501642
v -0.014100 0.100127 -0.502955
v -0.016432 0.121955 -0.496071
v -0.016609 0.120260 -0.494879
v -0.014100 0.100127 -0.502955
v -0.013970 0.100255 -0.504268
v -0.005567 0.111736 -0.488885
v -0.003834 0.112231 -0.489233
v -0.004794 0.099522 -0.496737
v -0.006056 0.099485 -0.496354
v 0.001167 0.123586 -0.497217
v 0.000313 0.125088 -0.498274
v -0.001773 0.100491 -0.506694
v -0.001152 0.100378 -0.505530
v -0.012503 0.127486 -0.499960
v -0.013903 0.126405 -0.499200
v -0.012129 0.100590 -0.507714
v -0.011109 0.100672 -0.508551
v -0.010905 0.112231 -0.489233
v -0.009945 0.099522 -0.496737
v 0.001692 0.118564 -0.493687
v -0.000769 0.100000 -0.501642
v -0.007369 0.128951 -0.500990
v -0.007369 0.100782 -0.509685
v -0.016432 0.118564 -0.493687
v -0.015906 0.116934 -0.492540
v -0.013587 0.099877 -0.500379
v -0.013970 0.100000 -0.501642
v -0.002236 0.113034 -0.489798
v -0.003630 0.099583 -0.497359
v -0.000836 0.126405 -0.499200
v -0.002610 0.100590 -0.507714
v -0.015052 0.125088 -0.498274
v -0.012966 0.100491 -0.506694
v -0.009172 0.111736 -0.488885
v -0.008683 0.099485 -0.496354
v -0.000639 0.100127 -0.502955
v -0.000769 0.100000 -0.501642
v -0.009172 0.128784 -0.500872
v -0.008683 0.100770 -0.509556
v -0.015052 0.115432 -0.491484
v -0.012966 0.099764 -0.499215
v -0.000836 0.114115 -0.490558
v -0.002610 0.099664 -0.498196
v -0.002236 0.127486 -0.499960
v -0.003630 0.100672 -0.508551
v -0.015906 0.123586 -0.497217
v -0.013587 0.100378 -0.505530
v -0.007369 0.111569 -0.488768
v -0.007369 0.099473 -0.496224
v 0.001870 0.120260 -0.494879
v 0.001692 0.121955 -0.496071
v -0.000769 0.100255 -0.504268
v -0.000639 0.100127 -0.502955
v -0.010905 0.128289 -0.500525
v -0.009945 0.100732 -0.509173
v -0.008909 0.112931 -0.496938
v -0.005830 0.112931 -0.496938
v -0.007369 0.112780 -0.496936
v -0.005830 0.112931 -0.496938
v -0.008909 0.112931 -0.496938
v -0.010389 0.113380 -0.496943
v -0.005830 0.112931 -0.496938
v -0.010389 0.113380 -0.496943
v -0.004350 0.113380 -0.496943
v -0.004350 0.113380 -0.496943
v -0.010389 0.113380 -0.496943
v -0.011752 0.114109 -0.496951
v -0.004350 0.113380 -0.496943
v -0.011752 0.114109 -0.496951
v -0.002986 0.114109 -0.496951
v -0.002986 0.114109 -0.496951
v -0.011752 0.114109 -0.496951
v -0.012948 0.115090 -0.496963
v -0.001791 0.115090 -0.496963
v -0.001791 0.115090 -0.496963
v -0.012948 0.115090 -0.496963
v -0.013929 0.116286 -0.496976
v -0.000810 0.116286 -0.496976
v -0.000810 0.116286 -0.496976
v -0.013929 0.116286 -0.496976
v -0.014658 0.117650 -0.496992
v -0.000810 0.116286 -0.496976
v -0.014658 0.117650 -0.496992
v -0.000081 0.117650 -0.496992
v -0.000081 0.117650 -0.496992
v -0.014658 0.117650 -0.496992
v -0.015107 0.119130 -0.497009
v 0.000368 0.119130 -0.497009
v 0.000368 0.119130 -0.497009
v -0.015107 0.119130 -0.497009
v -0.015259 0.120668 -0.497026
v 0.000520 0.120668 -0.497026
v 0.000520 0.120668 -0.497026
v -0.015259 0.120668 -0.497026
v -0.015107 0.122207 -0.497044
v 0.000368 0.122207 -0.497044
v 0.000368 0.122207 -0.497044
v -0.015107 0.122207 -0.497044
v -0.014658 0.123687 -0.497061
v -0.000081 0.123687 -0.497061
v -0.000081 0.123687 -0.497061
v -0.014658 0.123687 -0.497061
v -0.013929 0.125051 -0.497077
v -0.000081 0.123687 -0.497061
v -0.013929 0.125051 -0.497077
v -0.000810 0.125051 -0.497077
v -0.000810 0.125051 -0.497077
v -0.013929 0.125051 -0.497077
v -0.012948 0.126247 -0.497090
v -0.001791 0.126247 -0.497090
v -0.001791 0.126247 -0.497090
v -0.012948 0.126247 -0.497090
v -0.011752 0.127228 -0.497102
v -0.002986 0.127228 -0.497102
v -0.002986 0.127228 -0.497102
v -0.011752 0.127228 -0.497102
v -0.010389 0.127957 -0.497110
v -0.004350 0.127957 -0.497110
v -0.004350 0.127957 -0.497110
v -0.010389 0.127957 -0.497110
v -0.008909 0.128406 -0.497115
v -0.005830 0.128406 -0.497115
v -0.005830 0.128406 -0.497115
v -0.008909 0.128406 -0.497115
v -0.007369 0.128557 -0.497117
v -0.005012 0.111523 -0.313626
v -0.009727 0.111523 -0.313626
v -0.007369 0.111291 -0.313623
v -0.009727 0.111523 -0.313626
v -0.005012 0.111523 -0.313626
v -0.002746 0.112210 -0.313634
v -0.009727 0.111523 -0.313626
v -0.002746 0.112210 -0.313634
v -0.011993 0.112210 -0.313634
v -0.011993 0.112210 -0.313634
v -0.002746 0.112210 -0.313634
v -0.000657 0.113327 -0.313646
v -0.011993 0.112210 -0.313634
v -0.000657 0.113327 -0.313646
v -0.014082 0.113327 -0.313646
v -0.014082 0.113327 -0.313646
v -0.000657 0.113327 -0.313646
v 0.001174 0.114829 -0.313664
v -0.015913 0.114829 -0.313664
v -0.015913 0.114829 -0.313664
v 0.001174 0.114829 -0.313664
v 0.002677 0.116660 -0.313685
v -0.017416 0.116660 -0.313685
v -0.017416 0.116660 -0.313685
v 0.002677 0.116660 -0.313685
v 0.003794 0.118749 -0.313709
v -0.018533 0.118749 -0.313709
v -0.018533 0.118749 -0.313709
v 0.003794 0.118749 -0.313709
v 0.004481 0.121016 -0.313735
v -0.019220 0.121016 -0.313735
v -0.019220 0.121016 -0.313735
v 0.004481 0.121016 -0.313735
v 0.004714 0.123373 -0.313762
v -0.019453 0.123373 -0.313762
v -0.019453 0.123373 -0.313762
v 0.004714 0.123373 -0.313762
v 0.004481 0.125730 -0.313789
v -0.019220 0.125730 -0.313789
v -0.019220 0.125730 -0.313789
v 0.004481 0.125730 -0.313789
v 0.003794 0.127996 -0.313815
v -0.018533 0.127996 -0.313815
v -0.018533 0.127996 -0.313815
v 0.003794 0.127996 -0.313815
v 0.002677 0.130085 -0.313838
v -0.017416 0.130085 -0.313838
v -0.017416 0.130085 -0.313838
v 0.002677 0.130085 -0.313838
v 0.001174 0.131916 -0.313859
v -0.015913 0.131916 -0.313859
v -0.015913 0.131916 -0.313859
v 0.001174 0.131916 -0.313859
v -0.000657 0.133419 -0.313877
v -0.014082 0.133419 -0.313877
v -0.014082 0.133419 -0.313877
v -0.000657 0.133419 -0.313877
v -0.002746 0.134535 -0.313889
v -0.011993 0.134535 -0.313889
v -0.011993 0.134535 -0.313889
v -0.002746 0.134535 -0.313889
v -0.005012 0.135223 -0.313897
v -0.009727 0.135223 -0.313897
v -0.009727 0.135223 -0.313897
v -0.005012 0.135223 -0.313897
v -0.007369 0.135455 -0.313900
v -0.009158 0.086364 -0.495584
v -0.005581 0.086364 -0.495584
v -0.007369 0.086188 -0.495584
v -0.010877 0.086885 -0.495584
v -0.003862 0.086885 -0.495584
v -0.012461 0.087732 -0.495584
v -0.002278 0.087732 -0.495584
v -0.013850 0.088872 -0.495584
v -0.000889 0.088872 -0.495584
v -0.014990 0.090261 -0.495584
v 0.000251 0.090261 -0.495584
v -0.015837 0.091845 -0.495584
v 0.001098 0.091845 -0.495584
v -0.016358 0.093565 -0.495584
v 0.001619 0.093565 -0.495584
v -0.016534 0.095353 -0.495584
v 0.001795 0.095353 -0.495584
v -0.016358 0.097141 -0.495584
v 0.001619 0.097141 -0.495584
v -0.015837 0.098860 -0.495584
v 0.001098 0.098860 -0.495584
v -0.014990 0.100444 -0.495584
v 0.000251 0.100444 -0.495584
v -0.013850 0.101833 -0.495584
v -0.000889 0.101833 -0.495584
v -0.012461 0.102973 -0.495584
v -0.002278 0.102973 -0.495584
v -0.010877 0.103820 -0.495584
v -0.003862 0.103820 -0.495584
v -0.009158 0.104341 -0.495584
v -0.005581 0.104341 -0.495584
v -0.007369 0.104517 -0.495584
v -0.005581 0.086364 -0.511687
v -0.009158 0.086364 -0.511687
v -0.007369 0.086188 -0.511687
v -0.003862 0.086885 -0.511687
v -0.010877 0.086885 -0.511687
v -0.002278 0.087732 -0.511687
v -0.012461 0.087732 -0.511687
v -0.000889 0.088872 -0.511687
v -0.013850 0.088872 -0.511687
v 0.000251 0.090261 -0.511687
v -0.014990 0.090261 -0.511687
v 0.001098 0.091845 -0.511687
v -0.015837 0.091845 -0.511687
v 0.001619 0.093565 -0.511687
v -0.016358 0.093565 -0.511687
v 0.001795 0.095353 -0.511687
v -0.016534 0.095353 -0.511687
v 0.001619 0.097141 -0.511687
v -0.016358 0.097141 -0.511687
v 0.001098 0.098860 -0.511687
v -0.015837 0.098860 -0.511687
v 0.000251 0.100444 -0.511687
v -0.014990 0.100444 -0.511687
v -0.000889 0.101833 -0.511687
v -0.013850 0.101833 -0.511687
v -0.002278 0.102973 -0.511687
v -0.012461 0.102973 -0.511687
v -0.003862 0.103820 -0.511687
v -0.010877 0.103820 -0.511687
v -0.005581 0.104341 -0.511687
v -0.009158 0.104341 -0.511687
v -0.007369 0.104517 -0.511687
v -0.009158 0.111271 -0.478425
v -0.005581 0.111271 -0.478425
v -0.007369 0.111095 -0.478425
v -0.005581 0.111271 -0.478425
v -0.009158 0.111271 -0.478425
v -0.010877 0.111793 -0.478425
v -0.003862 0.111793 -0.478425
v -0.003862 0.111793 -0.478425
v -0.010877 0.111793 -0.478425
v -0.012461 0.112640 -0.478425
v -0.003862 0.111793 -0.478425
v -0.012461 0.112640 -0.478425
v -0.002278 0.112640 -0.478425
v -0.002278 0.112640 -0.478425
v -0.012461 0.112640 -0.478425
v -0.013850 0.113779 -0.478425
v -0.000889 0.113779 -0.478425
v -0.000889 0.113779 -0.478425
v -0.013850 0.113779 -0.478425
v -0.014990 0.115168 -0.478425
v -0.000889 0.113779 -0.478425
v -0.014990 0.115168 -0.478425
v 0.000251 0.115168 -0.478425
v 0.000251 0.115168 -0.478425
v -0.014990 0.115168 -0.478425
v -0.015837 0.116753 -0.478425
v 0.000251 0.115168 -0.478425
v -0.015837 0.116753 -0.478425
v 0.001098 0.116753 -0.478425
v 0.001098 0.116753 -0.478425
v -0.015837 0.116753 -0.478425
v -0.016358 0.118472 -0.478425
v 0.001619 0.118472 -0.478425
v 0.001619 0.118472 -0.478425
v -0.016358 0.118472 -0.478425
v -0.016534 0.120260 -0.478425
v 0.001795 0.120260 -0.478425
v -0.016358 0.122048 -0.478425
v 0.001619 0.122048 -0.478425
v 0.001619 0.122048 -0.478425
v -0.016358 0.122048 -0.478425
v -0.015837 0.123767 -0.478425
v 0.001098 0.123767 -0.478425
v 0.001098 0.123767 -0.478425
v -0.015837 0.123767 -0.478425
v -0.014990 0.125352 -0.478425
v 0.000251 0.125352 -0.478425
v 0.000251 0.125352 -0.478425
v -0.014990 0.125352 -0.478425
v -0.013850 0.126740 -0.478425
v 0.000251 0.125352 -0.478425
v -0.013850 0.126740 -0.478425
v -0.000889 0.126740 -0.478425
v -0.000889 0.126740 -0.478425
v -0.013850 0.126740 -0.478425
v -0.012461 0.127880 -0.478425
v -0.002278 0.127880 -0.478425
v -0.002278 0.127880 -0.478425
v -0.012461 0.127880 -0.478425
v -0.010877 0.128727 -0.478425
v -0.002278 0.127880 -0.478425
v -0.010877 0.128727 -0.478425
v -0.003862 0.128727 -0.478425
v -0.009158 0.129249 -0.478425
v -0.003862 0.128727 -0.478425
v -0.009158 0.129249 -0.478425
v -0.005581 0.129249 -0.478425
v -0.005581 0.129249 -0.478425
v -0.009158 0.129249 -0.478425
v -0.007369 0.129425 -0.478425
v -0.013970 0.100000 -0.501642
v -0.013970 0.100255 -0.504268
v -0.014100 0.100127 -0.502955
v -0.013970 0.100255 -0.504268
v -0.013970 0.100000 -0.501642
v -0.013587 0.099877 -0.500379
v -0.013970 0.100255 -0.504268
v -0.013587 0.099877 -0.500379
v -0.013587 0.100378 -0.505530
v -0.013587 0.100378 -0.505530
v -0.013587 0.099877 -0.500379
v -0.012966 0.099764 -0.499215
v -0.013587 0.100378 -0.505530
v -0.012966 0.099764 -0.499215
v -0.012966 0.100491 -0.506694
v -0.012966 0.100491 -0.506694
v -0.012966 0.099764 -0.499215
v -0.012129 0.099664 -0.498196
v -0.012966 0.100491 -0.506694
v -0.012129 0.099664 -0.498196
v -0.012129 0.100590 -0.507714
v -0.012129 0.100590 -0.507714
v -0.012129 0.099664 -0.498196
v -0.011109 0.099583 -0.497359
v -0.012129 0.100590 -0.507714
v -0.011109 0.099583 -0.497359
v -0.011109 0.100672 -0.508551
v -0.011109 0.100672 -0.508551
v -0.011109 0.099583 -0.497359
v -0.009945 0.099522 -0.496737
v -0.011109 0.100672 -0.508551
v -0.009945 0.099522 -0.496737
v -0.009945 0.100732 -0.509173
v -0.009945 0.100732 -0.509173
v -0.009945 0.099522 -0.496737
v -0.008683 0.099485 -0.496354
v -0.009945 0.100732 -0.509173
v -0.008683 0.099485 -0.496354
v -0.008683 0.100770 -0.509556
v -0.008683 0.100770 -0.509556
v -0.008683 0.099485 -0.496354
v -0.007369 0.099473 -0.496224
v -0.008683 0.100770 -0.509556
v -0.007369 0.099473 -0.496224
v -0.007369 0.100782 -0.509685
v -0.007369 0.100782 -0.509685
v -0.007369 0.099473 -0.496224
v -0.006056 0.099485 -0.496354
v -0.007369 0.100782 -0.509685
v -0.006056 0.099485 -0.496354
v -0.006056 0.100770 -0.509556
v -0.006056 0.100770 -0.509556
v -0.006056 0.099485 -0.496354
v -0.004794 0.099522 -0.496737
v -0.006056 0.100770 -0.509556
v -0.004794 0.099522 -0.496737
v -0.004794 0.100732 -0.509173
v -0.004794 0.100732 -0.509173
v -0.004794 0.099522 -0.496737
v -0.003630 0.099583 -0.497359
v -0.004794 0.100732 -0.509173
v -0.003630 0.099583 -0.497359
v -0.003630 0.100672 -0.508551
v -0.003630 0.100672 -0.508551
v -0.003630 0.099583 -0.497359
v -0.002610 0.099664 -0.498196
v -0.003630 0.100672 -0.508551
v -0.002610 0.099664 -0.498196
v -0.002610 0.100590 -0.507714
v -0.002610 0.100590 -0.507714
v -0.002610 0.099664 -0.498196
v -0.001773 0.099764 -0.499215
v -0.002610 0.100590 -0.507714
v -0.001773 0.099764 -0.499215
v -0.001773 0.100491 -0.506694
v -0.001773 0.100491 -0.506694
v -0.001773 0.099764 -0.499215
v -0.001152 0.099877 -0.500379
v -0.001773 0.100491 -0.506694
v -0.001152 0.099877 -0.500379
v -0.001152 0.100378 -0.505530
v -0.001152 0.100378 -0.505530
v -0.001152 0.099877 -0.500379
v -0.000769 0.100000 -0.501642
v -0.001152 0.100378 -0.505530
v -0.000769 0.100000 -0.501642
v -0.000769 0.100255 -0.504268
v -0.000769 0.100255 -0.504268
v -0.000769 0.100000 -0.501642
v -0.000639 0.100127 -0.502955
v -0.012567 0.135187 -0.248950
v -0.012567 0.137685 -0.248950
v -0.012567 0.137685 -0.287953
v -0.012567 0.135187 -0.287953
v -0.012567 0.135187 -0.287953
v -0.012567 0.137685 -0.287953
v -0.002172 0.137685 -0.287953
v -0.002172 0.135187 -0.287953
v -0.002172 0.135187 -0.287953
v -0.002172 0.137685 -0.287953
v -0.002172 0.137685 -0.248950
v -0.002172 0.135187 -0.248950
v -0.005125 0.139898 -0.248380
v -0.005554 0.137685 -0.248380
v -0.005554 0.137685 -0.249540
v -0.005125 0.139898 -0.248380
v -0.005554 0.137685 -0.249540
v -0.005125 0.139898 -0.249540
v -0.012567 0.135187 -0.287953
v -0.002172 0.135187 -0.287953
v -0.002172 0.135187 -0.248950
v -0.012567 0.135187 -0.248950
v -0.002172 0.137685 -0.287953
v -0.012567 0.137685 -0.287953
v -0.012567 0.137685 -0.248950
v -0.002172 0.137685 -0.248950
v -0.005554 0.137685 -0.248380
v -0.009185 0.137685 -0.248380
v -0.009697 0.136957 -0.246850
v -0.006066 0.136957 -0.246850
v -0.002172 0.135187 -0.248950
v -0.002172 0.137685 -0.248950
v -0.005554 0.135187 -0.248380
v -0.012567 0.137685 -0.248950
v -0.012567 0.135187 -0.248950
v -0.009185 0.135187 -0.248380
v -0.009185 0.137685 -0.248380
v -0.005554 0.135187 -0.248380
v -0.009185 0.135187 -0.248380
v -0.009697 0.134918 -0.248292
v -0.006066 0.134918 -0.248292
v -0.006066 0.131351 -0.248618
v -0.009697 0.131351 -0.248618
v -0.006066 0.134918 -0.248292
v -0.009185 0.135187 -0.248380
v -0.005554 0.135187 -0.248380
v -0.009185 0.137685 -0.248380
v -0.009185 0.135187 -0.248380
v -0.009697 0.134918 -0.248292
v -0.009697 0.136957 -0.246850
v -0.006066 0.126419 -0.251664
v -0.009697 0.126419 -0.251664
v -0.009697 0.136957 -0.246850
v -0.009697 0.134918 -0.248292
v -0.009697 0.131351 -0.248618
v -0.009697 0.129554 -0.246883
v -0.009697 0.129554 -0.246883
v -0.006066 0.129554 -0.246883
v -0.006066 0.134918 -0.248292
v -0.006066 0.136957 -0.246850
v -0.006066 0.129554 -0.246883
v -0.006066 0.131351 -0.248618
v -0.006066 0.126419 -0.251664
v -0.006066 0.124622 -0.249930
v -0.009697 0.124622 -0.249930
v -0.009697 0.126419 -0.251664
v -0.009697 0.126419 -0.251664
v -0.009697 0.124622 -0.249930
v -0.009697 0.124622 -0.249930
v -0.006066 0.124622 -0.249930
v -0.006066 0.124622 -0.249930
v -0.006066 0.126419 -0.251664
v -0.009185 0.137685 -0.248380
v -0.005554 0.137685 -0.248380
v -0.005554 0.137685 -0.249540
v -0.009185 0.137685 -0.249540
v -0.009185 0.137685 -0.248380
v -0.009614 0.139898 -0.248380
v -0.009614 0.139898 -0.249540
v -0.009185 0.137685 -0.248380
v -0.009614 0.139898 -0.249540
v -0.009185 0.137685 -0.249540
v -0.002172 0.137685 -0.250110
v -0.012567 0.137685 -0.250110
v -0.009185 0.137685 -0.249540
v -0.002172 0.137685 -0.250110
v -0.005554 0.137685 -0.249540
v -0.002172 0.137685 -0.250110
v -0.002172 0.139898 -0.250110
v -0.005125 0.139898 -0.249540
v -0.012567 0.137685 -0.250110
v -0.009185 0.137685 -0.249540
v -0.009614 0.139898 -0.249540
v -0.012567 0.139898 -0.250110
v -0.002172 0.137685 -0.248950
v -0.012567 0.137685 -0.248950
v -0.012567 0.137685 -0.250110
v -0.002172 0.137685 -0.250110
v -0.002172 0.139898 -0.248950
v -0.005125 0.139898 -0.248380
v -0.005125 0.139898 -0.249540
v -0.002172 0.139898 -0.250110
v -0.012567 0.139898 -0.248950
v -0.012567 0.137685 -0.248950
v -0.012567 0.137685 -0.250110
v -0.012567 0.139898 -0.250110
v -0.009614 0.139898 -0.248380
v -0.012567 0.139898 -0.248950
v -0.012567 0.139898 -0.250110
v -0.009614 0.139898 -0.249540
v -0.002172 0.137685 -0.248950
v -0.002172 0.139898 -0.248950
v -0.002172 0.139898 -0.250110
v -0.002172 0.137685 -0.250110
v -0.002172 0.137685 -0.248950
v -0.002172 0.139898 -0.248950
v -0.005125 0.139898 -0.248380
v -0.005554 0.137685 -0.248380
v -0.009185 0.137685 -0.248380
v -0.009614 0.139898 -0.248380
v -0.012567 0.139898 -0.248950
v -0.012567 0.137685 -0.248950
v -0.021657 0.090457 -0.247100
v 0.006918 0.090457 -0.247100
v 0.006918 0.090457 -0.131275
v -0.021657 0.090457 -0.131275
v -0.007369 0.124606 -0.203663
v -0.021657 0.119096 -0.203663
v -0.021657 0.119096 -0.131275
v -0.007369 0.124606 -0.131275
v 0.006918 0.119096 -0.203663
v -0.007369 0.124606 -0.203663
v -0.007369 0.124606 -0.131275
v 0.006918 0.119096 -0.131275
v 0.006918 0.119096 -0.247100
v -0.007369 0.124606 -0.247100
v -0.007369 0.124606 -0.247100
v -0.021657 0.119096 -0.247100
v 0.004796 0.103493 -0.232902
v 0.004796 0.115508 -0.232902
v 0.004796 0.115508 -0.236439
v 0.004796 0.103493 -0.236439
v 0.004796 0.103493 -0.236439
v 0.004796 0.115508 -0.236439
v 0.022909 0.113715 -0.236439
v 0.022909 0.105286 -0.236439
v 0.022909 0.113715 -0.236439
v 0.022909 0.113715 -0.232902
v 0.026558 0.111447 -0.232902
v 0.026558 0.111447 -0.236439
v 0.022909 0.105286 -0.232902
v 0.022909 0.113715 -0.232902
v 0.004796 0.115508 -0.232902
v 0.004796 0.103493 -0.232902
v 0.004796 0.103493 -0.236439
v 0.022909 0.105286 -0.236439
v 0.022909 0.105286 -0.232902
v 0.004796 0.103493 -0.232902
v 0.004796 0.115508 -0.236439
v 0.004796 0.115508 -0.232902
v 0.026558 0.107554 -0.236439
v 0.026558 0.111447 -0.236439
v 0.026558 0.111447 -0.232902
v 0.026558 0.107554 -0.232902
v 0.022909 0.105286 -0.236439
v 0.022909 0.113715 -0.236439
v 0.026558 0.111447 -0.236439
v 0.026558 0.111447 -0.236439
v 0.026558 0.107554 -0.236439
v 0.022909 0.113715 -0.232902
v 0.022909 0.105286 -0.232902
v 0.026558 0.107554 -0.232902
v 0.022909 0.113715 -0.232902
v 0.026558 0.107554 -0.232902
v 0.026558 0.111447 -0.232902
v 0.026558 0.107554 -0.236439
v 0.026558 0.107554 -0.232902
v -0.021657 0.119096 -0.203663
v -0.021657 0.090457 -0.131275
v -0.021657 0.119096 -0.131275
v -0.021657 0.090457 -0.247100
v -0.021657 0.119096 -0.247100
v -0.021657 0.119096 -0.247100
v 0.006918 0.090457 -0.247100
v -0.021657 0.090457 -0.247100
v 0.006918 0.119096 -0.247100
v -0.007369 0.124606 -0.247100
v 0.006918 0.090457 -0.247100
v 0.006918 0.119096 -0.131275
v 0.006918 0.090457 -0.131275
v 0.006918 0.119096 -0.203663
v 0.006918 0.119096 -0.247100
v 0.006918 0.119096 -0.131275
v -0.021657 0.090457 -0.131275
v 0.006918 0.090457 -0.131275
v -0.021657 0.119096 -0.131275
v -0.007369 0.124606 -0.131275
vt 0.200906 0.781250
vt 0.201172 0.781250
vt 0.201172 0.781250
vt 0.122917 0.968535
vt 0.143578 0.968370
vt 0.141093 0.921875
vt 0.117552 0.921875
vt 0.148438 0.921875
vt 0.148438 0.968295
vt 0.148438 0.968281
vt 0.148438 0.921875
vt 0.143578 0.828505
vt 0.122917 0.828340
vt 0.119394 0.858977
vt 0.141976 0.858467
vt 0.148438 0.968275
vt 0.148438 0.921875
vt 0.148438 0.784172
vt 0.148438 0.825203
vt 0.148438 0.824443
vt 0.148438 0.784932
vt 0.153107 0.875000
vt 0.190643 0.875000
vt 0.190643 0.828615
vt 0.153107 0.828615
vt 0.148438 0.823833
vt 0.148438 0.785542
vt 0.148438 0.781250
vt 0.148438 0.781250
vt 0.148438 0.781383
vt 0.148438 0.968272
vt 0.148438 0.968519
vt 0.148438 0.968750
vt 0.147691 0.968750
vt 0.148438 0.968750
vt 0.148438 0.828580
vt 0.148438 0.828125
vt 0.148438 0.828202
vt 0.148438 0.828603
vt 0.148438 0.825203
vt 0.147691 0.828125
vt 0.148438 0.828202
vt 0.153955 0.826820
vt 0.147691 0.828125
vt 0.148438 0.968750
vt 0.148438 0.968750
vt 0.148438 0.968469
vt 0.148438 0.785380
vt 0.148438 0.782775
vt 0.148438 0.781250
vt 0.195312 0.828406
vt 0.195312 0.828173
vt 0.191182 0.828125
vt 0.148438 0.828600
vt 0.148438 0.828406
vt 0.148946 0.828141
vt 0.148438 0.828125
vt 0.152568 0.828125
vt 0.148438 0.828125
vt 0.148946 0.828141
vt 0.148438 0.823995
vt 0.148438 0.921875
vt 0.148438 0.828594
vt 0.148438 0.828125
vt 0.148438 0.968750
vt 0.148438 0.781250
vt 0.195312 0.875000
vt 0.148438 0.921875
vt 0.148438 0.875000
vt 0.148438 0.875000
vt 0.148438 0.875000
vt 0.117360 0.921875
vt 0.141093 0.921875
vt 0.143578 0.968370
vt 0.122951 0.968535
vt 0.148438 0.921875
vt 0.148438 0.921875
vt 0.148438 0.968281
vt 0.148438 0.968295
vt 0.122951 0.828340
vt 0.143578 0.828505
vt 0.141977 0.858462
vt 0.119281 0.858976
vt 0.148438 0.921875
vt 0.148438 0.968275
vt 0.148438 0.784172
vt 0.148438 0.784932
vt 0.148438 0.824443
vt 0.148438 0.825203
vt 0.153107 0.875000
vt 0.153107 0.828615
vt 0.190643 0.828615
vt 0.190643 0.875000
vt 0.148438 0.785542
vt 0.148438 0.823833
vt 0.148438 0.781383
vt 0.148438 0.781250
vt 0.148438 0.781250
vt 0.148438 0.968750
vt 0.148438 0.968519
vt 0.148438 0.968272
vt 0.148438 0.968750
vt 0.147691 0.968750
vt 0.148438 0.828580
vt 0.148438 0.828603
vt 0.148438 0.828202
vt 0.148438 0.828125
vt 0.148438 0.825203
vt 0.153955 0.826820
vt 0.148438 0.828202
vt 0.147691 0.828125
vt 0.147691 0.828125
vt 0.148438 0.968469
vt 0.148438 0.968750
vt 0.148438 0.968750
vt 0.148438 0.781250
vt 0.148438 0.782775
vt 0.148438 0.785380
vt 0.191182 0.828125
vt 0.195312 0.828173
vt 0.195312 0.828406
vt 0.148438 0.828600
vt 0.148438 0.828125
vt 0.148946 0.828141
vt 0.148438 0.828406
vt 0.148438 0.828406
vt 0.148946 0.828141
vt 0.152568 0.828125
vt 0.148438 0.823995
vt 0.148946 0.828141
vt 0.148438 0.828125
vt 0.148438 0.921875
vt 0.148438 0.828125
vt 0.148438 0.828594
vt 0.148438 0.968750
vt 0.148438 0.781250
vt 0.195312 0.875000
vt 0.148438 0.921875
vt 0.148438 0.875000
vt 0.148438 0.875000
vt 0.148438 0.875000
vt 0.148438 0.784172
vt 0.148438 0.781383
vt 0.148438 0.781383
vt 0.148438 0.784172
vt 0.147691 0.968750
vt 0.143578 0.968370
vt 0.143578 0.968370
vt 0.147691 0.968750
vt 0.147691 0.828125
vt 0.148438 0.825203
vt 0.148438 0.825203
vt 0.147691 0.828125
vt 0.143578 0.828505
vt 0.143578 0.828505
vt 0.148438 0.921875
vt 0.148438 0.921875
vt 0.148438 0.921875
vt 0.148438 0.921875
vt 0.148438 0.921875
vt 0.148438 0.921875
vt 0.141093 0.921875
vt 0.148438 0.921875
vt 0.148438 0.921875
vt 0.141093 0.921875
vt 0.148438 0.921875
vt 0.141093 0.921875
vt 0.195312 0.875000
vt 0.190643 0.875000
vt 0.190643 0.875000
vt 0.195312 0.875000
vt 0.190643 0.875000
vt 0.195312 0.875000
vt 0.148438 0.921875
vt 0.148438 0.921875
vt 0.148438 0.921875
vt 0.148438 0.921875
vt 0.148438 0.921875
vt 0.148438 0.921875
vt 0.153107 0.875000
vt 0.148438 0.875000
vt 0.148438 0.875000
vt 0.153107 0.875000
vt 0.148438 0.875000
vt 0.153107 0.875000
vt 0.148438 0.875000
vt 0.148438 0.875000
vt 0.148438 0.875000
vt 0.148438 0.875000
vt 0.148438 0.875000
vt 0.148438 0.875000
vt 0.117552 0.921875
vt 0.141093 0.921875
vt 0.141093 0.921875
vt 0.117552 0.921875
vt 0.141093 0.921875
vt 0.117360 0.921875
vt 0.148438 0.921875
vt 0.148438 0.921875
vt 0.148438 0.921875
vt 0.148438 0.921875
vt 0.148438 0.921875
vt 0.148438 0.921875
vt 0.148438 0.921875
vt 0.148438 0.921875
vt 0.148438 0.921875
vt 0.148438 0.921875
vt 0.148438 0.921875
vt 0.148438 0.921875
vt 0.190643 0.875000
vt 0.153107 0.875000
vt 0.153107 0.875000
vt 0.190643 0.875000
vt 0.031250 0.968750
vt 0.031250 0.968750
vt 0.031250 0.968750
vt 0.031250 0.968750
vt 0.202150 0.781250
vt 0.202159 0.869000
vt 0.201172 0.869000
vt 0.200906 0.869000
vt 0.207031 0.781250
vt 0.207031 0.781250
vt 0.207642 0.781250
vt 0.208876 0.781250
vt 0.148438 0.858230
vt 0.148438 0.858191
vt 0.148438 0.858298
vt 0.148438 0.858768
vt 0.148438 0.858874
vt 0.148438 0.860131
vt 0.148438 0.860264
vt 0.148438 0.875000
vt 0.148438 0.858367
vt 0.148438 0.858267
vt 0.146612 0.858396
vt 0.148438 0.858538
vt 0.148438 0.858211
vt 0.148438 0.858787
vt 0.148438 0.858221
vt 0.148438 0.858876
vt 0.148438 0.860263
vt 0.148438 0.875000
vt 0.148438 0.858359
vt 0.148438 0.858257
vt 0.146721 0.858387
vt 0.143578 0.968370
vt 0.122926 0.968535
vt 0.122951 0.968535
vt 0.122917 0.968535
vt 0.143578 0.968370
vt 0.143578 0.828505
vt 0.122943 0.828340
vt 0.122917 0.828340
vt 0.122951 0.828340
vt 0.143578 0.828505
vt 0.148438 0.875000
vt 0.148438 0.875000
vt 0.148438 0.875000
vt 0.148438 0.875000
vt 0.148438 0.875000
vt 0.148438 0.875000
vt 0.148438 0.875000
vt 0.148438 0.875000
vt 0.148438 0.875000
vt 0.148438 0.861172
vt 0.148438 0.829527
vt 0.148438 0.832571
vt 0.148438 0.859194
vt 0.148438 0.829223
vt 0.148438 0.920743
vt 0.148438 0.967652
vt 0.148438 0.922007
vt 0.148438 0.964606
vt 0.148438 0.964304
vt 0.031250 0.968750
vt 0.031250 0.968750
vt 0.031250 0.968750
vt 0.031250 0.968750
vt 0.031250 0.968750
vt 0.031250 0.968750
vt 0.031250 0.968750
vt 0.205174 0.781250
vt 0.203919 0.781250
vt 0.036417 0.905095
vt 0.035739 0.907329
vt 0.036415 0.905100
vt 0.035739 0.907329
vt 0.036417 0.905095
vt 0.035739 0.907329
vt 0.035739 0.907329
vt 0.095251 0.880272
vt 0.035739 0.907329
vt 0.095251 0.880272
vt 0.035930 0.906699
vt 0.035930 0.906699
vt 0.095064 0.880215
vt 0.035999 0.906473
vt 0.093397 0.879709
vt 0.035999 0.906473
vt 0.093397 0.879709
vt 0.036458 0.904960
vt 0.036458 0.904960
vt 0.092861 0.879547
vt 0.092687 0.879494
vt 0.095114 0.880230
vt 0.094466 0.880034
vt 0.204718 0.781250
vt 0.205842 0.781250
vt 0.108048 0.828464
vt 0.148438 0.828464
vt 0.148438 0.828125
vt 0.108035 0.828125
vt 0.108048 0.968411
vt 0.148438 0.968411
vt 0.148438 0.921875
vt 0.109816 0.921875
vt 0.056328 0.828464
vt 0.056328 0.828125
vt 0.054688 0.828135
vt 0.054688 0.828473
vt 0.101562 0.968402
vt 0.101562 0.968740
vt 0.108035 0.968750
vt 0.099922 0.828464
vt 0.099922 0.875000
vt 0.101562 0.875000
vt 0.101562 0.828473
vt 0.101562 0.828473
vt 0.101562 0.875000
vt 0.109816 0.875000
vt 0.099922 0.828125
vt 0.148438 0.828464
vt 0.148438 0.875000
vt 0.148438 0.877137
vt 0.148438 0.834843
vt 0.148438 0.968411
vt 0.148438 0.968750
vt 0.148438 0.962340
vt 0.148438 0.962032
vt 0.108057 0.828701
vt 0.108045 0.828366
vt 0.146637 0.828366
vt 0.146633 0.828701
vt 0.146633 0.968174
vt 0.108057 0.968174
vt 0.109807 0.922116
vt 0.146176 0.922116
vt 0.056328 0.828701
vt 0.056328 0.874759
vt 0.054688 0.874759
vt 0.054688 0.828711
vt 0.101562 0.968164
vt 0.108057 0.968174
vt 0.108045 0.968509
vt 0.101562 0.968499
vt 0.101562 0.828711
vt 0.101562 0.874759
vt 0.099922 0.874759
vt 0.099922 0.828701
vt 0.108057 0.828701
vt 0.109807 0.874759
vt 0.101562 0.874759
vt 0.101562 0.828711
vt 0.099922 0.828366
vt 0.099922 0.828701
vt 0.056328 0.828701
vt 0.056328 0.828366
vt 0.101562 0.828711
vt 0.101562 0.828376
vt 0.101562 0.828376
vt 0.101562 0.828711
vt 0.101562 0.922116
vt 0.101562 0.968164
vt 0.054688 0.828711
vt 0.054688 0.828376
vt 0.146637 0.968509
vt 0.146176 0.874759
vt 0.148438 0.921875
vt 0.148438 0.919738
vt 0.148438 0.828125
vt 0.148438 0.834535
vt 0.101562 0.828135
vt 0.101562 0.828135
vt 0.101562 0.921875
vt 0.056328 0.875000
vt 0.054688 0.875000
vt 0.148438 0.968750
vt 0.148438 0.875000
vt 0.031250 0.968750
vt 0.031250 0.968750
vt 0.031250 0.968750
vt 0.031250 0.968750
vt 0.136420 0.816875
vt 0.136420 0.827188
vt 0.133366 0.827188
vt 0.133366 0.816875
vt 0.124950 0.910156
vt 0.127963 0.910156
vt 0.127963 0.920938
vt 0.124950 0.920938
vt 0.125118 0.922812
vt 0.128133 0.922812
vt 0.136251 0.967813
vt 0.125118 0.922812
vt 0.136251 0.967813
vt 0.133198 0.967813
vt 0.136251 0.829062
vt 0.128133 0.874063
vt 0.125118 0.874063
vt 0.136251 0.829062
vt 0.125118 0.874063
vt 0.133198 0.829062
vt 0.136420 0.782187
vt 0.136420 0.792969
vt 0.133366 0.792969
vt 0.133366 0.782187
vt 0.124950 0.898438
vt 0.127963 0.898438
vt 0.127963 0.910156
vt 0.124950 0.910156
vt 0.124950 0.886250
vt 0.127963 0.886250
vt 0.124950 0.875937
vt 0.127963 0.875937
vt 0.127963 0.886250
vt 0.124950 0.886250
vt 0.137435 0.803811
vt 0.134448 0.803811
vt 0.137438 0.805568
vt 0.134452 0.805568
vt 0.136251 0.967813
vt 0.136420 0.968750
vt 0.133366 0.968750
vt 0.133198 0.967813
vt 0.128133 0.922812
vt 0.125118 0.922812
vt 0.125118 0.874063
vt 0.128133 0.874063
vt 0.136251 0.829062
vt 0.133198 0.829062
vt 0.069955 0.864848
vt 0.078125 0.864848
vt 0.078125 0.864848
vt 0.069955 0.864848
vt 0.078739 0.853479
vt 0.077514 0.853481
vt 0.077514 0.853481
vt 0.078739 0.853479
vt 0.062439 0.864848
vt 0.062439 0.864848
vt 0.094464 0.854598
vt 0.093811 0.854389
vt 0.093811 0.854389
vt 0.094464 0.854598
vt 0.069955 0.854389
vt 0.062439 0.854389
vt 0.062439 0.854389
vt 0.069955 0.854389
vt 0.094464 0.864639
vt 0.094464 0.854598
vt 0.094464 0.854598
vt 0.094464 0.864639
vt 0.086622 0.854389
vt 0.086622 0.854389
vt 0.086622 0.864848
vt 0.086622 0.864848
vt 0.078125 0.864848
vt 0.086622 0.864848
vt 0.078125 0.864848
vt 0.086622 0.864848
vt 0.093811 0.864848
vt 0.093811 0.864848
vt 0.061785 0.864639
vt 0.061785 0.864639
vt 0.061785 0.854598
vt 0.061785 0.864639
vt 0.061785 0.864639
vt 0.061785 0.854598
vt 0.094464 0.864639
vt 0.094464 0.864639
vt 0.061785 0.854598
vt 0.061785 0.854598
vt 0.136719 0.781250
vt 0.148438 0.792969
vt 0.148438 0.787109
vt 0.136719 0.781250
vt 0.148438 0.787109
vt 0.148438 0.781250
vt 0.101562 0.804688
vt 0.125000 0.804688
vt 0.125000 0.781250
vt 0.101562 0.781250
vt 0.101562 0.828125
vt 0.125000 0.828125
vt 0.136719 0.828125
vt 0.148438 0.828125
vt 0.148438 0.822266
vt 0.136719 0.828125
vt 0.148438 0.822266
vt 0.148438 0.816406
vt 0.101562 0.898438
vt 0.125000 0.898438
vt 0.125000 0.875000
vt 0.101562 0.875000
vt 0.101562 0.921875
vt 0.125000 0.921875
vt 0.101562 0.968750
vt 0.148438 0.968750
vt 0.148438 0.921875
vt 0.101562 0.921875
vt 0.101562 0.921875
vt 0.148438 0.921875
vt 0.148438 0.875000
vt 0.101562 0.875000
vt 0.101562 0.875000
vt 0.148438 0.875000
vt 0.148438 0.828125
vt 0.101562 0.828125
vt 0.101562 0.828125
vt 0.148438 0.828125
vt 0.148438 0.781250
vt 0.101562 0.828125
vt 0.148438 0.781250
vt 0.101562 0.781250
vt 0.054688 0.875000
vt 0.101562 0.875000
vt 0.101562 0.828125
vt 0.054688 0.828125
vt 0.148438 0.875000
vt 0.195312 0.875000
vt 0.195312 0.828125
vt 0.148438 0.875000
vt 0.195312 0.828125
vt 0.148438 0.828125
vt 0.101562 0.968750
vt 0.148438 0.968750
vt 0.148438 0.921875
vt 0.101562 0.921875
vt 0.101562 0.921875
vt 0.148438 0.921875
vt 0.148438 0.875000
vt 0.101562 0.875000
vt 0.101562 0.875000
vt 0.148438 0.875000
vt 0.148438 0.828125
vt 0.101562 0.828125
vt 0.101562 0.828125
vt 0.148438 0.828125
vt 0.148438 0.781250
vt 0.101562 0.781250
vt 0.101562 0.781250
vt 0.101562 0.828125
vt 0.148438 0.875000
vt 0.195312 0.875000
vt 0.195312 0.828125
vt 0.148438 0.828125
vt 0.054688 0.875000
vt 0.101562 0.875000
vt 0.101562 0.828125
vt 0.054688 0.828125
vt 0.101562 0.875000
vt 0.101562 0.921875
vt 0.101562 0.921875
vt 0.101562 0.968750
vt 0.101562 0.828125
vt 0.101562 0.875000
vt 0.148438 0.863281
vt 0.195312 0.863281
vt 0.195312 0.863281
vt 0.148438 0.863281
vt 0.195312 0.863281
vt 0.195312 0.851562
vt 0.195312 0.851562
vt 0.195312 0.863281
vt 0.148438 0.851562
vt 0.148438 0.863281
vt 0.148438 0.863281
vt 0.148438 0.851562
vt 0.148438 0.863281
vt 0.195312 0.863281
vt 0.195312 0.851562
vt 0.148438 0.863281
vt 0.195312 0.851562
vt 0.148438 0.851562
vt 0.195312 0.851562
vt 0.148438 0.851562
vt 0.148438 0.851562
vt 0.195312 0.851562
vt 0.056328 0.875000
vt 0.064420 0.878941
vt 0.099922 0.875000
vt 0.101562 0.921875
vt 0.073760 0.887125
vt 0.109816 0.921875
vt 0.094434 0.902542
vt 0.148438 0.921875
vt 0.148438 0.919738
vt 0.100415 0.875300
vt 0.101562 0.875000
vt 0.103930 0.875482
vt 0.101562 0.875000
vt 0.103930 0.875482
vt 0.109816 0.875000
vt 0.109816 0.875000
vt 0.110380 0.875754
vt 0.148438 0.875000
vt 0.148438 0.877137
vt 0.101562 0.828135
vt 0.056328 0.828125
vt 0.099922 0.828125
vt 0.056328 0.828125
vt 0.101562 0.828135
vt 0.100042 0.829006
vt 0.100042 0.829006
vt 0.103062 0.829527
vt 0.103062 0.829527
vt 0.101562 0.828135
vt 0.108035 0.828125
vt 0.108035 0.828125
vt 0.108265 0.830302
vt 0.148438 0.828125
vt 0.148438 0.834535
vt 0.056328 0.828125
vt 0.064022 0.839858
vt 0.101562 0.968740
vt 0.064022 0.839858
vt 0.101562 0.968740
vt 0.072849 0.864334
vt 0.101562 0.968740
vt 0.072849 0.864334
vt 0.108035 0.968750
vt 0.108035 0.968750
vt 0.092101 0.910013
vt 0.108035 0.968750
vt 0.092101 0.910013
vt 0.148438 0.968750
vt 0.148438 0.968750
vt 0.148438 0.962340
vt 0.062439 0.864848
vt 0.069955 0.864848
vt 0.078125 0.864848
vt 0.086622 0.864848
vt 0.093811 0.864848
vt 0.061785 0.854598
vt 0.062439 0.854389
vt 0.069955 0.854389
vt 0.077514 0.853481
vt 0.078739 0.853479
vt 0.086622 0.854389
vt 0.093811 0.854389
vt 0.094464 0.854598
vt 0.094464 0.864639
vt 0.061785 0.864639
vt 0.031250 0.968750
vt 0.031250 0.968750
vt 0.031250 0.968750
vt 0.031250 0.968750
vt 0.031250 0.968750
vt 0.031250 0.968750
vt 0.031250 0.968750
vt 0.031250 0.968750
vt 0.063869 0.865016
vt 0.070700 0.865016
vt 0.078125 0.865016
vt 0.085847 0.865016
vt 0.092381 0.865016
vt 0.063275 0.864805
vt 0.092975 0.864805
vt 0.092975 0.854661
vt 0.063275 0.854661
vt 0.063869 0.854449
vt 0.070700 0.854449
vt 0.077570 0.853532
vt 0.078683 0.853530
vt 0.085847 0.854449
vt 0.092381 0.854449
vt 0.031250 0.968750
vt 0.031250 0.968750
vt 0.031250 0.968750
vt 0.031250 0.968750
vt 0.031250 0.968750
vt 0.031250 0.968750
vt 0.031250 0.968750
vt 0.031250 0.968750
vt 0.148438 0.945312
vt 0.136719 0.968750
vt 0.148438 0.968750
vt 0.125000 0.968750
vt 0.101562 0.921875
vt 0.101562 0.968750
vt 0.148438 0.933594
vt 0.125000 0.921875
vt 0.148438 0.921875
vt 0.148438 0.898438
vt 0.148438 0.875000
vt 0.101562 0.875000
vt 0.125000 0.828125
vt 0.101562 0.828125
vt 0.136719 0.828125
vt 0.148438 0.828125
vt 0.148438 0.851562
vt 0.148438 0.863281
vt 0.125000 0.875000
vt 0.148438 0.875000
vt 0.054688 0.875000
vt 0.078125 0.828125
vt 0.054688 0.828125
vt 0.078125 0.875000
vt 0.101562 0.875000
vt 0.101562 0.828125
vt 0.195312 0.851562
vt 0.148438 0.863281
vt 0.195312 0.863281
vt 0.195312 0.828125
vt 0.189453 0.828125
vt 0.183594 0.828125
vt 0.177734 0.828125
vt 0.171875 0.828125
vt 0.166016 0.828125
vt 0.160156 0.828125
vt 0.154297 0.828125
vt 0.148438 0.851562
vt 0.148438 0.828125
vt 0.148438 0.804688
vt 0.136719 0.828125
vt 0.148438 0.816406
vt 0.136719 0.781250
vt 0.148438 0.792969
vt 0.148438 0.921875
vt 0.195312 0.863281
vt 0.183594 0.875000
vt 0.195312 0.875000
vt 0.183594 0.875000
vt 0.195312 0.863281
vt 0.148438 0.863281
vt 0.183594 0.875000
vt 0.148438 0.863281
vt 0.171875 0.875000
vt 0.171875 0.875000
vt 0.148438 0.863281
vt 0.160156 0.875000
vt 0.160156 0.875000
vt 0.148438 0.863281
vt 0.148438 0.875000
vt 0.380859 0.842993
vt 0.380859 0.842993
vt 0.380859 0.875000
vt 0.380859 0.875000
vt 0.380859 0.875000
vt 0.380859 0.781250
vt 0.375000 0.781250
vt 0.375000 0.875000
vt 0.375000 0.813257
vt 0.375000 0.842993
vt 0.375000 0.842993
vt 0.375000 0.813257
vt 0.380859 0.813257
vt 0.380859 0.781250
vt 0.380859 0.781250
vt 0.380859 0.813257
vt 0.380859 0.875000
vt 0.380859 0.842993
vt 0.380859 0.813257
vt 0.380859 0.781250
vt 0.380859 0.842993
vt 0.380859 0.813257
vt 0.380859 0.813257
vt 0.380859 0.842993
vt 0.380859 0.875000
vt 0.380859 0.781250
vt 0.375000 0.875000
vt 0.375000 0.842993
vt 0.375000 0.813257
vt 0.375000 0.781250
vt 0.375000 0.875000
vt 0.375000 0.781250
vt 0.375000 0.813257
vt 0.375000 0.875000
vt 0.375000 0.813257
vt 0.375000 0.842993
vt 0.375000 0.813257
vt 0.375000 0.781250
vt 0.375000 0.875000
vt 0.375000 0.842993
vt 0.375000 0.781250
vt 0.375000 0.875000
vt 0.410156 0.875000
vt 0.410156 0.781250
vt 0.404297 0.781250
vt 0.404297 0.875000
vt 0.398438 0.781250
vt 0.398438 0.875000
vt 0.392578 0.781250
vt 0.392578 0.875000
vt 0.386719 0.781250
vt 0.386719 0.875000
vt 0.380859 0.781250
vt 0.380859 0.875000
vt 0.375000 0.781250
vt 0.375000 0.875000
vt 0.410156 0.875000
vt 0.410156 0.842993
vt 0.410156 0.813257
vt 0.410156 0.875000
vt 0.410156 0.813257
vt 0.410156 0.781250
vt 0.375000 0.875000
vt 0.375000 0.781250
vt 0.375000 0.813257
vt 0.375000 0.842993
vt 0.392578 0.813257
vt 0.398438 0.813257
vt 0.398438 0.842993
vt 0.392578 0.842993
vt 0.386719 0.813257
vt 0.386719 0.842993
vt 0.380859 0.813257
vt 0.380859 0.842993
vt 0.375000 0.813257
vt 0.375000 0.842993
vt 0.410156 0.813257
vt 0.410156 0.842993
vt 0.380859 0.781250
vt 0.375000 0.813257
vt 0.375000 0.781250
vt 0.386719 0.781250
vt 0.392578 0.781250
vt 0.380859 0.813257
vt 0.398438 0.781250
vt 0.386719 0.813257
vt 0.392578 0.813257
vt 0.404297 0.781250
vt 0.398438 0.813257
vt 0.410156 0.813257
vt 0.410156 0.781250
vt 0.375000 0.842993
vt 0.380859 0.875000
vt 0.375000 0.875000
vt 0.386719 0.875000
vt 0.392578 0.875000
vt 0.380859 0.842993
vt 0.398438 0.875000
vt 0.386719 0.842993
vt 0.392578 0.842993
vt 0.404297 0.875000
vt 0.398438 0.842993
vt 0.410156 0.842993
vt 0.410156 0.875000
vt 0.718750 0.875000
vt 0.718750 0.781250
vt 0.712891 0.781250
vt 0.712891 0.875000
vt 0.707031 0.781250
vt 0.707031 0.875000
vt 0.701172 0.781250
vt 0.701172 0.875000
vt 0.701172 0.875000
vt 0.701172 0.781250
vt 0.695312 0.781250
vt 0.695312 0.875000
vt 0.689453 0.781250
vt 0.689453 0.875000
vt 0.683594 0.781250
vt 0.683594 0.875000
vt 0.677734 0.781250
vt 0.677734 0.875000
vt 0.677734 0.875000
vt 0.677734 0.781250
vt 0.572266 0.781250
vt 0.677734 0.875000
vt 0.572266 0.781250
vt 0.572266 0.875000
vt 0.572266 0.875000
vt 0.572266 0.781250
vt 0.566406 0.781250
vt 0.566406 0.875000
vt 0.560547 0.781250
vt 0.560547 0.875000
vt 0.554688 0.781250
vt 0.554688 0.875000
vt 0.548828 0.781250
vt 0.548828 0.875000
vt 0.548828 0.875000
vt 0.548828 0.781250
vt 0.542969 0.781250
vt 0.542969 0.875000
vt 0.537109 0.781250
vt 0.537109 0.875000
vt 0.531250 0.781250
vt 0.531250 0.875000
vt 0.718750 0.875000
vt 0.718750 0.781250
vt 0.712891 0.781250
vt 0.712891 0.875000
vt 0.707031 0.781250
vt 0.707031 0.875000
vt 0.701172 0.781250
vt 0.701172 0.875000
vt 0.701172 0.875000
vt 0.701172 0.781250
vt 0.695312 0.781250
vt 0.695312 0.875000
vt 0.689453 0.781250
vt 0.689453 0.875000
vt 0.683594 0.781250
vt 0.683594 0.875000
vt 0.677734 0.781250
vt 0.677734 0.875000
vt 0.677734 0.875000
vt 0.677734 0.781250
vt 0.572266 0.781250
vt 0.572266 0.875000
vt 0.572266 0.875000
vt 0.572266 0.781250
vt 0.566406 0.781250
vt 0.566406 0.875000
vt 0.560547 0.781250
vt 0.560547 0.875000
vt 0.554688 0.781250
vt 0.554688 0.875000
vt 0.548828 0.781250
vt 0.548828 0.875000
vt 0.548828 0.875000
vt 0.548828 0.781250
vt 0.542969 0.781250
vt 0.542969 0.875000
vt 0.537109 0.781250
vt 0.537109 0.875000
vt 0.531250 0.781250
vt 0.531250 0.875000
vt 0.689453 0.781250
vt 0.683594 0.781250
vt 0.566406 0.781250
vt 0.572266 0.781250
vt 0.572266 0.781250
vt 0.566406 0.781250
vt 0.560547 0.781250
vt 0.554688 0.781250
vt 0.701172 0.781250
vt 0.695312 0.781250
vt 0.542969 0.781250
vt 0.537109 0.781250
vt 0.712891 0.781250
vt 0.707031 0.781250
vt 0.677734 0.781250
vt 0.548828 0.781250
vt 0.531250 0.781250
vt 0.531250 0.781250
vt 0.701172 0.781250
vt 0.677734 0.781250
vt 0.572266 0.781250
vt 0.718750 0.781250
vt 0.718750 0.781250
vt 0.548828 0.781250
vt 0.566406 0.781250
vt 0.572266 0.781250
vt 0.572266 0.781250
vt 0.566406 0.781250
vt 0.712891 0.781250
vt 0.707031 0.781250
vt 0.560547 0.781250
vt 0.701172 0.781250
vt 0.554688 0.781250
vt 0.701172 0.781250
vt 0.695312 0.781250
vt 0.548828 0.781250
vt 0.689453 0.781250
vt 0.548828 0.781250
vt 0.542969 0.781250
vt 0.683594 0.781250
vt 0.537109 0.781250
vt 0.677734 0.781250
vt 0.531250 0.781250
vt 0.531250 0.781250
vt 0.677734 0.781250
vt 0.572266 0.781250
vt 0.718750 0.781250
vt 0.718750 0.781250
vt 0.707031 0.781250
vt 0.712891 0.781250
vt 0.712891 0.781250
vt 0.707031 0.781250
vt 0.560547 0.781250
vt 0.560547 0.781250
vt 0.701172 0.781250
vt 0.701172 0.781250
vt 0.554688 0.781250
vt 0.554688 0.781250
vt 0.695312 0.781250
vt 0.695312 0.781250
vt 0.548828 0.781250
vt 0.548828 0.781250
vt 0.689453 0.781250
vt 0.689453 0.781250
vt 0.542969 0.781250
vt 0.542969 0.781250
vt 0.683594 0.781250
vt 0.683594 0.781250
vt 0.537109 0.781250
vt 0.537109 0.781250
vt 0.677734 0.781250
vt 0.677734 0.781250
vt 0.531250 0.781250
vt 0.531250 0.781250
vt 0.677734 0.781250
vt 0.572266 0.781250
vt 0.718750 0.781250
vt 0.718750 0.781250
vt 0.566406 0.875000
vt 0.677734 0.875000
vt 0.572266 0.875000
vt 0.683594 0.875000
vt 0.560547 0.875000
vt 0.689453 0.875000
vt 0.554688 0.875000
vt 0.695312 0.875000
vt 0.548828 0.875000
vt 0.701172 0.875000
vt 0.542969 0.875000
vt 0.707031 0.875000
vt 0.537109 0.875000
vt 0.712891 0.875000
vt 0.531250 0.875000
vt 0.683594 0.781250
vt 0.572266 0.781250
vt 0.677734 0.781250
vt 0.566406 0.781250
vt 0.689453 0.781250
vt 0.560547 0.781250
vt 0.695312 0.781250
vt 0.554688 0.781250
vt 0.701172 0.781250
vt 0.548828 0.781250
vt 0.707031 0.781250
vt 0.542969 0.781250
vt 0.712891 0.781250
vt 0.537109 0.781250
vt 0.531250 0.781250
vt 0.712891 0.875000
vt 0.537109 0.875000
vt 0.531250 0.875000
vt 0.707031 0.875000
vt 0.542969 0.875000
vt 0.701172 0.875000
vt 0.548828 0.875000
vt 0.695312 0.875000
vt 0.554688 0.875000
vt 0.689453 0.875000
vt 0.560547 0.875000
vt 0.683594 0.875000
vt 0.566406 0.875000
vt 0.677734 0.875000
vt 0.572266 0.875000
vt 0.537109 0.781250
vt 0.712891 0.781250
vt 0.531250 0.781250
vt 0.542969 0.781250
vt 0.707031 0.781250
vt 0.548828 0.781250
vt 0.701172 0.781250
vt 0.554688 0.781250
vt 0.695312 0.781250
vt 0.560547 0.781250
vt 0.689453 0.781250
vt 0.566406 0.781250
vt 0.683594 0.781250
vt 0.572266 0.781250
vt 0.677734 0.781250
vt 0.862067 0.817621
vt 0.887933 0.817621
vt 0.887933 0.791754
vt 0.862067 0.791754
vt 0.851562 0.958246
vt 0.851562 0.932379
vt 0.851562 0.932379
vt 0.851562 0.958246
vt 0.851562 0.817621
vt 0.851562 0.791754
vt 0.851562 0.791754
vt 0.851562 0.817621
vt 0.851562 0.864496
vt 0.851562 0.838629
vt 0.851562 0.838629
vt 0.851562 0.864496
vt 0.851562 0.958246
vt 0.887933 0.958246
vt 0.887933 0.932379
vt 0.851562 0.932379
vt 0.887933 0.864496
vt 0.887933 0.838629
vt 0.851562 0.958246
vt 0.851562 0.932379
vt 0.851562 0.932379
vt 0.851562 0.958246
vt 0.851562 0.838629
vt 0.851562 0.864496
vt 0.851562 0.817621
vt 0.851562 0.791754
vt 0.851562 0.791754
vt 0.851562 0.817621
vt 0.851562 0.911371
vt 0.851562 0.885504
vt 0.851562 0.885504
vt 0.851562 0.911371
vt 0.851562 0.791754
vt 0.851562 0.817621
vt 0.851562 0.911371
vt 0.851562 0.885504
vt 0.851562 0.885504
vt 0.851562 0.911371
vt 0.851562 0.838629
vt 0.851562 0.864496
vt 0.851562 0.864496
vt 0.851562 0.838629
vt 0.851562 0.838392
vt 0.851562 0.864771
vt 0.851562 0.932104
vt 0.851562 0.958483
vt 0.851562 0.791754
vt 0.851562 0.817621
vt 0.815192 0.864496
vt 0.841058 0.864496
vt 0.841058 0.838629
vt 0.815192 0.838629
vt 0.851562 0.817621
vt 0.851562 0.791754
vt 0.851562 0.791754
vt 0.851562 0.817621
vt 0.851562 0.911371
vt 0.851562 0.885504
vt 0.851562 0.885504
vt 0.851562 0.911371
vt 0.862067 0.791754
vt 0.858223 0.781250
vt 0.851721 0.781250
vt 0.851562 0.791754
vt 0.851562 0.968750
vt 0.851562 0.968750
vt 0.851562 0.967927
vt 0.851562 0.791754
vt 0.851562 0.791754
vt 0.851562 0.785689
vt 0.851562 0.781250
vt 0.862067 0.817621
vt 0.851562 0.817621
vt 0.851615 0.826645
vt 0.858223 0.828125
vt 0.851562 0.817621
vt 0.851562 0.828125
vt 0.851615 0.826645
vt 0.851562 0.817621
vt 0.858223 0.828125
vt 0.851615 0.826645
vt 0.836820 0.830199
vt 0.851562 0.791754
vt 0.851562 0.791754
vt 0.851562 0.785689
vt 0.851562 0.781250
vt 0.851562 0.791754
vt 0.851562 0.781250
vt 0.851562 0.781250
vt 0.851562 0.791754
vt 0.851562 0.968750
vt 0.851562 0.968750
vt 0.851562 0.968750
vt 0.851562 0.921875
vt 0.851562 0.920395
vt 0.851562 0.925912
vt 0.851562 0.817621
vt 0.851562 0.828125
vt 0.851562 0.826645
vt 0.851562 0.817621
vt 0.851562 0.828125
vt 0.851562 0.826645
vt 0.851562 0.827592
vt 0.851562 0.817621
vt 0.851562 0.828125
vt 0.851562 0.875000
vt 0.851562 0.876480
vt 0.851562 0.873975
vt 0.851562 0.921875
vt 0.851562 0.920395
vt 0.851562 0.911371
vt 0.851562 0.921875
vt 0.851562 0.920395
vt 0.851562 0.921349
vt 0.851562 0.921875
vt 0.851562 0.885504
vt 0.851562 0.876480
vt 0.851562 0.875000
vt 0.851562 0.875000
vt 0.851562 0.875000
vt 0.851562 0.876480
vt 0.851562 0.879425
vt 0.851562 0.791754
vt 0.851562 0.785689
vt 0.851562 0.781250
vt 0.851562 0.791754
vt 0.851562 0.781250
vt 0.851562 0.781250
vt 0.851562 0.791754
vt 0.851562 0.968750
vt 0.851562 0.968750
vt 0.851562 0.968606
vt 0.851562 0.921875
vt 0.851562 0.920395
vt 0.851562 0.911371
vt 0.851562 0.921875
vt 0.851562 0.920395
vt 0.851562 0.926602
vt 0.851562 0.911371
vt 0.851562 0.920395
vt 0.851562 0.921875
vt 0.851562 0.828125
vt 0.851562 0.826645
vt 0.851562 0.817621
vt 0.851562 0.828125
vt 0.851562 0.826645
vt 0.851562 0.830399
vt 0.851562 0.817621
vt 0.851562 0.817621
vt 0.851562 0.826645
vt 0.851562 0.828125
vt 0.851562 0.885504
vt 0.851562 0.876480
vt 0.851562 0.875000
vt 0.851562 0.875000
vt 0.851562 0.876480
vt 0.851562 0.885504
vt 0.851562 0.875000
vt 0.851562 0.876480
vt 0.851562 0.870815
vt 0.851562 0.958483
vt 0.851562 0.958938
vt 0.851562 0.964674
vt 0.851562 0.968750
vt 0.815192 0.828125
vt 0.809127 0.828125
vt 0.804688 0.837937
vt 0.851562 0.781250
vt 0.851562 0.781250
vt 0.851562 0.791754
vt 0.851562 0.932104
vt 0.851562 0.921875
vt 0.851562 0.921875
vt 0.851562 0.931497
vt 0.851562 0.911371
vt 0.851562 0.917436
vt 0.851562 0.921875
vt 0.804688 0.865378
vt 0.804688 0.871296
vt 0.815192 0.875000
vt 0.851562 0.838392
vt 0.851562 0.828125
vt 0.851562 0.828004
vt 0.851562 0.837937
vt 0.851562 0.817621
vt 0.841058 0.828125
vt 0.851562 0.875000
vt 0.850083 0.873765
vt 0.851562 0.885504
vt 0.851562 0.864771
vt 0.851562 0.865378
vt 0.850083 0.873765
vt 0.851562 0.875000
vt 0.841058 0.875000
vt 0.887933 0.791754
vt 0.887933 0.781250
vt 0.858223 0.968750
vt 0.887933 0.968750
vt 0.887933 0.921875
vt 0.851562 0.921875
vt 0.851562 0.875000
vt 0.887933 0.875000
vt 0.887933 0.817621
vt 0.887933 0.828125
vt 0.887933 0.828125
vt 0.851562 0.817621
vt 0.851562 0.791754
vt 0.851562 0.817621
vt 0.851562 0.791754
vt 0.851562 0.875000
vt 0.851562 0.828125
vt 0.851562 0.968750
vt 0.851562 0.781250
vt 0.851562 0.828125
vt 0.851562 0.828125
vt 0.851562 0.828125
vt 0.851562 0.875000
vt 0.851562 0.921875
vt 0.851562 0.921875
vt 0.851562 0.920395
vt 0.851562 0.921875
vt 0.851562 0.873975
vt 0.851562 0.876480
vt 0.851562 0.911371
vt 0.851562 0.885504
vt 0.851562 0.828125
vt 0.851562 0.828125
vt 0.851562 0.875000
vt 0.851562 0.875000
vt 0.851562 0.921875
vt 0.851562 0.781250
vt 0.851562 0.968750
vt 0.851562 0.968750
vt 0.851562 0.875000
vt 0.851562 0.921875
vt 0.851562 0.875000
vt 0.851562 0.875000
vt 0.851562 0.921875
vt 0.851562 0.921875
vt 0.851562 0.921875
vt 0.851562 0.828125
vt 0.851562 0.828125
vt 0.851562 0.828125
vt 0.851562 0.781250
vt 0.851562 0.968750
vt 0.851562 0.968750
vt 0.898438 0.968750
vt 0.898438 0.921875
vt 0.851562 0.921875
vt 0.945312 0.875000
vt 0.898438 0.875000
vt 0.898438 0.875000
vt 0.945312 0.875000
vt 0.851562 0.875000
vt 0.898438 0.875000
vt 0.898438 0.828125
vt 0.851562 0.828125
vt 0.851562 0.968750
vt 0.898438 0.968750
vt 0.804688 0.875000
vt 0.851562 0.875000
vt 0.851562 0.828125
vt 0.804688 0.828125
vt 0.945312 0.828125
vt 0.898438 0.828125
vt 0.898438 0.875000
vt 0.945312 0.875000
vt 0.898438 0.921875
vt 0.851562 0.921875
vt 0.851562 0.875000
vt 0.898438 0.875000
vt 0.804688 0.875000
vt 0.851562 0.875000
vt 0.898438 0.828125
vt 0.945312 0.828125
vt 0.945312 0.828125
vt 0.898438 0.828125
vt 0.851562 0.828125
vt 0.804688 0.828125
vt 0.898438 0.828125
vt 0.851562 0.828125
vt 0.804688 0.828125
vt 0.851562 0.828125
vt 0.851562 0.828125
vt 0.804688 0.828125
vt 0.898438 0.828125
vt 0.851562 0.828125
vt 0.851562 0.968750
vt 0.898438 0.968750
vt 0.851562 0.828125
vt 0.804688 0.828125
vt 0.851562 0.968750
vt 0.898438 0.968750
vt 0.945312 0.828125
vt 0.898438 0.828125
vt 0.898438 0.828125
vt 0.851562 0.828125
vt 0.851562 0.828125
vt 0.898438 0.828125
vt 0.898438 0.781250
vt 0.851562 0.828125
vt 0.898438 0.781250
vt 0.851562 0.781250
vt 0.851562 0.968750
vt 0.898438 0.968750
vt 0.945312 0.828125
vt 0.898438 0.828125
vt 0.898438 0.828125
vt 0.851562 0.828125
vt 0.898438 0.875000
vt 0.945312 0.875000
vt 0.898438 0.921875
vt 0.851562 0.921875
vt 0.851562 0.875000
vt 0.898438 0.875000
vt 0.804688 0.875000
vt 0.851562 0.875000
vt 0.851562 0.921875
vt 0.898438 0.921875
vt 0.898438 0.875000
vt 0.851562 0.921875
vt 0.898438 0.875000
vt 0.851562 0.875000
vt 0.898438 0.921875
vt 0.851562 0.921875
vt 0.851562 0.875000
vt 0.898438 0.875000
vt 0.804688 0.875000
vt 0.851562 0.875000
vt 0.851562 0.921875
vt 0.851562 0.875000
vt 0.851562 0.875000
vt 0.887933 0.921875
vt 0.887933 0.875000
vt 0.851562 0.921875
vt 0.851562 0.921875
vt 0.851562 0.920395
vt 0.851562 0.876480
vt 0.851562 0.875000
vt 0.851562 0.875000
vt 0.147500 0.718750
vt 0.148438 0.717813
vt 0.147500 0.717813
vt 0.148438 0.672812
vt 0.147500 0.671875
vt 0.147500 0.672812
vt 0.148438 0.577188
vt 0.147500 0.577188
vt 0.147500 0.578125
vt 0.148438 0.625937
vt 0.147500 0.625000
vt 0.147500 0.625937
vt 0.101562 0.532187
vt 0.101562 0.532187
vt 0.101562 0.531250
vt 0.101562 0.671259
vt 0.101562 0.670938
vt 0.101562 0.669040
vt 0.101562 0.578789
vt 0.101562 0.577188
vt 0.101562 0.577945
vt 0.101562 0.625180
vt 0.101562 0.625937
vt 0.101562 0.624336
vt 0.147525 0.554688
vt 0.148437 0.554379
vt 0.147517 0.553810
vt 0.101562 0.553851
vt 0.101562 0.555908
vt 0.101562 0.555531
vt 0.101562 0.542969
vt 0.101562 0.532187
vt 0.101562 0.532187
vt 0.101562 0.542969
vt 0.101562 0.636250
vt 0.101562 0.625937
vt 0.101562 0.625937
vt 0.101562 0.636250
vt 0.101562 0.577188
vt 0.147500 0.577188
vt 0.147500 0.566875
vt 0.101562 0.566875
vt 0.183594 0.624063
vt 0.194375 0.624063
vt 0.194375 0.579062
vt 0.183594 0.579062
vt 0.101562 0.670938
vt 0.147500 0.670938
vt 0.147500 0.660156
vt 0.101562 0.660156
vt 0.101562 0.717813
vt 0.147500 0.717813
vt 0.147500 0.672812
vt 0.101562 0.672812
vt 0.101562 0.624113
vt 0.101562 0.579012
vt 0.101562 0.578901
vt 0.101562 0.624224
vt 0.101562 0.624063
vt 0.147500 0.624063
vt 0.147500 0.579062
vt 0.101562 0.579062
vt 0.147500 0.542969
vt 0.147500 0.532187
vt 0.101562 0.625937
vt 0.101562 0.636250
vt 0.101562 0.532187
vt 0.101562 0.542969
vt 0.101562 0.577188
vt 0.101562 0.566875
vt 0.101562 0.566875
vt 0.101562 0.577188
vt 0.101562 0.717974
vt 0.101562 0.672651
vt 0.101562 0.672539
vt 0.101562 0.718086
vt 0.101562 0.670938
vt 0.101562 0.660156
vt 0.101562 0.660156
vt 0.101562 0.670938
vt 0.101562 0.672539
vt 0.101562 0.718086
vt 0.101562 0.532187
vt 0.101562 0.542969
vt 0.101562 0.566875
vt 0.101562 0.577188
vt 0.101562 0.566875
vt 0.101562 0.577188
vt 0.101562 0.532187
vt 0.101562 0.542969
vt 0.101562 0.660156
vt 0.101562 0.658495
vt 0.101562 0.544630
vt 0.101562 0.534085
vt 0.171875 0.624143
vt 0.171875 0.578982
vt 0.101562 0.647217
vt 0.101562 0.635266
vt 0.101562 0.567859
vt 0.101562 0.555908
vt 0.101562 0.648438
vt 0.101562 0.636250
vt 0.101562 0.636250
vt 0.101562 0.648438
vt 0.101562 0.648438
vt 0.101562 0.553841
vt 0.101562 0.553851
vt 0.101562 0.553829
vt 0.101562 0.660156
vt 0.101562 0.648438
vt 0.101562 0.553820
vt 0.101562 0.648438
vt 0.147500 0.648438
vt 0.101562 0.553814
vt 0.147500 0.636250
vt 0.147500 0.625937
vt 0.149375 0.624063
vt 0.159688 0.624063
vt 0.159688 0.579062
vt 0.149375 0.579062
vt 0.101562 0.670938
vt 0.101562 0.625937
vt 0.147517 0.553810
vt 0.101562 0.717863
vt 0.101562 0.672762
vt 0.101562 0.578789
vt 0.101562 0.624336
vt 0.101562 0.578789
vt 0.101562 0.624336
vt 0.101562 0.577945
vt 0.101562 0.555540
vt 0.101562 0.555531
vt 0.101562 0.555551
vt 0.101562 0.555559
vt 0.101562 0.555565
vt 0.159688 0.624063
vt 0.171875 0.624143
vt 0.171875 0.578982
vt 0.171875 0.578982
vt 0.147517 0.555569
vt 0.101562 0.718750
vt 0.147500 0.718750
vt 0.147500 0.717813
vt 0.101562 0.717813
vt 0.148438 0.717813
vt 0.148438 0.672812
vt 0.147500 0.672812
vt 0.148438 0.717813
vt 0.147500 0.672812
vt 0.147500 0.717813
vt 0.147500 0.670938
vt 0.101562 0.670938
vt 0.101562 0.672812
vt 0.147500 0.672812
vt 0.148438 0.636250
vt 0.148438 0.625937
vt 0.147500 0.625937
vt 0.147500 0.636250
vt 0.147500 0.624063
vt 0.101562 0.624063
vt 0.101562 0.625937
vt 0.147500 0.625937
vt 0.149375 0.624063
vt 0.149375 0.579062
vt 0.147500 0.579062
vt 0.149375 0.624063
vt 0.147500 0.579062
vt 0.147500 0.624063
vt 0.147500 0.577188
vt 0.101562 0.577188
vt 0.101562 0.579062
vt 0.147500 0.579062
vt 0.148438 0.542969
vt 0.148438 0.532187
vt 0.147500 0.532187
vt 0.147500 0.542969
vt 0.101562 0.672762
vt 0.101562 0.670938
vt 0.101562 0.717863
vt 0.101562 0.718750
vt 0.101562 0.624113
vt 0.101562 0.625937
vt 0.101562 0.579012
vt 0.101562 0.577188
vt 0.101562 0.672651
vt 0.101562 0.670938
vt 0.101562 0.577188
vt 0.101562 0.578901
vt 0.101562 0.531250
vt 0.101562 0.531250
vt 0.101562 0.532187
vt 0.101562 0.532187
vt 0.101562 0.625937
vt 0.101562 0.624224
vt 0.101562 0.531250
vt 0.101562 0.532187
vt 0.101562 0.578789
vt 0.101562 0.577188
vt 0.101562 0.624336
vt 0.101562 0.625937
vt 0.101562 0.672539
vt 0.101562 0.670938
vt 0.101562 0.534085
vt 0.101562 0.534621
vt 0.101562 0.577945
vt 0.101562 0.578789
vt 0.101562 0.567859
vt 0.101562 0.577945
vt 0.101562 0.577188
vt 0.101562 0.566875
vt 0.101562 0.577188
vt 0.101562 0.578789
vt 0.101562 0.670938
vt 0.101562 0.672539
vt 0.101562 0.532187
vt 0.101562 0.531250
vt 0.148438 0.660156
vt 0.148438 0.648438
vt 0.147500 0.648438
vt 0.148438 0.660156
vt 0.147500 0.648438
vt 0.147500 0.660156
vt 0.148438 0.566875
vt 0.148438 0.554987
vt 0.147517 0.555569
vt 0.147500 0.566875
vt 0.101562 0.544630
vt 0.101562 0.555908
vt 0.101562 0.553851
vt 0.101562 0.542969
vt 0.148438 0.648438
vt 0.148438 0.636250
vt 0.147500 0.636250
vt 0.148438 0.648438
vt 0.147500 0.636250
vt 0.147500 0.648438
vt 0.101562 0.555908
vt 0.101562 0.555531
vt 0.148438 0.577188
vt 0.147500 0.577188
vt 0.148438 0.554379
vt 0.147517 0.553810
vt 0.148438 0.670938
vt 0.148438 0.660156
vt 0.147500 0.660156
vt 0.148438 0.670938
vt 0.147500 0.660156
vt 0.147500 0.670938
vt 0.101562 0.534085
vt 0.101562 0.532187
vt 0.351562 0.718750
vt 0.398438 0.718750
vt 0.398438 0.671875
vt 0.351562 0.671875
vt 0.351562 0.671875
vt 0.398438 0.671875
vt 0.398438 0.625000
vt 0.351562 0.625000
vt 0.351562 0.625000
vt 0.398438 0.625000
vt 0.398438 0.578125
vt 0.351562 0.578125
vt 0.351562 0.578125
vt 0.398438 0.578125
vt 0.398438 0.531250
vt 0.351562 0.531250
vt 0.304688 0.625000
vt 0.351562 0.625000
vt 0.351562 0.578125
vt 0.304688 0.578125
vt 0.398438 0.671875
vt 0.398438 0.625000
vt 0.398438 0.613232
vt 0.398438 0.625000
vt 0.398438 0.625000
vt 0.398438 0.613232
vt 0.398438 0.578125
vt 0.398438 0.578125
vt 0.398438 0.589893
vt 0.398438 0.589893
vt 0.398438 0.578125
vt 0.398438 0.531250
vt 0.398438 0.531250
vt 0.398438 0.578125
vt 0.398438 0.578125
vt 0.398438 0.531250
vt 0.398438 0.718750
vt 0.398438 0.718750
vt 0.398438 0.706982
vt 0.398438 0.706982
vt 0.398438 0.683643
vt 0.398438 0.671875
vt 0.398438 0.671875
vt 0.398438 0.683643
vt 0.398438 0.671875
vt 0.398438 0.625000
vt 0.445312 0.589893
vt 0.445312 0.578125
vt 0.398438 0.578125
vt 0.398438 0.589893
vt 0.398438 0.613232
vt 0.398438 0.625000
vt 0.445312 0.625000
vt 0.445312 0.613232
vt 0.398438 0.671875
vt 0.398438 0.625000
vt 0.398438 0.625000
vt 0.398438 0.613232
vt 0.398438 0.578125
vt 0.398438 0.589893
vt 0.398438 0.718750
vt 0.398438 0.706982
vt 0.398438 0.683643
vt 0.398438 0.671875
vt 0.343509 0.578125
vt 0.343509 0.625000
vt 0.312741 0.625000
vt 0.312741 0.578125
vt 0.351562 0.718750
vt 0.398438 0.718750
vt 0.398438 0.671875
vt 0.351562 0.671875
vt 0.351562 0.671875
vt 0.398438 0.671875
vt 0.398438 0.625000
vt 0.351562 0.625000
vt 0.351562 0.625000
vt 0.398438 0.625000
vt 0.398438 0.578125
vt 0.351562 0.578125
vt 0.351562 0.578125
vt 0.398438 0.578125
vt 0.398438 0.531250
vt 0.351562 0.531250
vt 0.304688 0.625000
vt 0.351562 0.625000
vt 0.351562 0.578125
vt 0.304688 0.578125
vt 0.398438 0.671875
vt 0.398438 0.625000
vt 0.398438 0.613232
vt 0.398438 0.625000
vt 0.398438 0.625000
vt 0.398438 0.613232
vt 0.398438 0.578125
vt 0.398438 0.578125
vt 0.398438 0.589893
vt 0.398438 0.589893
vt 0.398438 0.578125
vt 0.398438 0.531250
vt 0.398438 0.531250
vt 0.398438 0.578125
vt 0.398438 0.578125
vt 0.398438 0.531250
vt 0.398438 0.718750
vt 0.398438 0.718750
vt 0.398438 0.706982
vt 0.398438 0.706982
vt 0.398438 0.683643
vt 0.398438 0.671875
vt 0.398438 0.671875
vt 0.398438 0.683643
vt 0.398438 0.671875
vt 0.398438 0.625000
vt 0.445312 0.589893
vt 0.445312 0.578125
vt 0.398438 0.578125
vt 0.398438 0.589893
vt 0.398438 0.613232
vt 0.398438 0.625000
vt 0.445312 0.625000
vt 0.445312 0.613232
vt 0.398438 0.671875
vt 0.398438 0.625000
vt 0.398438 0.625000
vt 0.398438 0.613232
vt 0.398438 0.578125
vt 0.398438 0.589893
vt 0.398438 0.718750
vt 0.398438 0.706982
vt 0.398438 0.683643
vt 0.398438 0.671875
vt 0.343509 0.578125
vt 0.343509 0.625000
vt 0.312741 0.625000
vt 0.312741 0.578125
vt 0.351562 0.718750
vt 0.398438 0.718750
vt 0.398438 0.671875
vt 0.351562 0.671875
vt 0.351562 0.671875
vt 0.398438 0.671875
vt 0.398438 0.625000
vt 0.351562 0.625000
vt 0.351562 0.625000
vt 0.398438 0.625000
vt 0.398438 0.578125
vt 0.351562 0.578125
vt 0.351562 0.578125
vt 0.398438 0.578125
vt 0.398438 0.531250
vt 0.351562 0.531250
vt 0.304688 0.625000
vt 0.351562 0.625000
vt 0.351562 0.578125
vt 0.304688 0.578125
vt 0.398438 0.671875
vt 0.398438 0.625000
vt 0.398438 0.613232
vt 0.398438 0.625000
vt 0.398438 0.625000
vt 0.398438 0.613232
vt 0.398438 0.578125
vt 0.398438 0.578125
vt 0.398438 0.589893
vt 0.398438 0.589893
vt 0.398438 0.578125
vt 0.398438 0.531250
vt 0.398438 0.531250
vt 0.398438 0.578125
vt 0.398438 0.578125
vt 0.398438 0.531250
vt 0.398438 0.718750
vt 0.398438 0.718750
vt 0.398438 0.706982
vt 0.398438 0.706982
vt 0.398438 0.683643
vt 0.398438 0.671875
vt 0.398438 0.671875
vt 0.398438 0.683643
vt 0.398438 0.671875
vt 0.398438 0.625000
vt 0.445312 0.589893
vt 0.445312 0.578125
vt 0.398438 0.578125
vt 0.398438 0.589893
vt 0.398438 0.613232
vt 0.398438 0.625000
vt 0.445312 0.625000
vt 0.445312 0.613232
vt 0.398438 0.671875
vt 0.398438 0.625000
vt 0.398438 0.625000
vt 0.398438 0.613232
vt 0.398438 0.578125
vt 0.398438 0.589893
vt 0.398438 0.718750
vt 0.398438 0.706982
vt 0.398438 0.683643
vt 0.398438 0.671875
vt 0.343509 0.578125
vt 0.343509 0.625000
vt 0.312741 0.625000
vt 0.312741 0.578125
vt 0.351562 0.718750
vt 0.398438 0.718750
vt 0.398438 0.671875
vt 0.351562 0.671875
vt 0.351562 0.671875
vt 0.398438 0.671875
vt 0.398438 0.625000
vt 0.351562 0.625000
vt 0.351562 0.625000
vt 0.398438 0.625000
vt 0.398438 0.578125
vt 0.351562 0.578125
vt 0.351562 0.578125
vt 0.398438 0.578125
vt 0.398438 0.531250
vt 0.351562 0.531250
vt 0.304688 0.625000
vt 0.351562 0.625000
vt 0.351562 0.578125
vt 0.304688 0.578125
vt 0.398438 0.671875
vt 0.398438 0.625000
vt 0.398438 0.613232
vt 0.398438 0.625000
vt 0.398438 0.625000
vt 0.398438 0.613232
vt 0.398438 0.578125
vt 0.398438 0.578125
vt 0.398438 0.589893
vt 0.398438 0.589893
vt 0.398438 0.578125
vt 0.398438 0.531250
vt 0.398438 0.531250
vt 0.398438 0.578125
vt 0.398438 0.578125
vt 0.398438 0.531250
vt 0.398438 0.718750
vt 0.398438 0.718750
vt 0.398438 0.706982
vt 0.398438 0.706982
vt 0.398438 0.683643
vt 0.398438 0.671875
vt 0.398438 0.671875
vt 0.398438 0.683643
vt 0.398438 0.671875
vt 0.398438 0.625000
vt 0.445312 0.589893
vt 0.445312 0.578125
vt 0.398438 0.578125
vt 0.398438 0.589893
vt 0.398438 0.613232
vt 0.398438 0.625000
vt 0.445312 0.625000
vt 0.445312 0.613232
vt 0.398438 0.671875
vt 0.398438 0.625000
vt 0.398438 0.625000
vt 0.398438 0.613232
vt 0.398438 0.578125
vt 0.398438 0.589893
vt 0.398438 0.718750
vt 0.398438 0.706982
vt 0.398438 0.683643
vt 0.398438 0.671875
vt 0.343509 0.578125
vt 0.343509 0.625000
vt 0.312741 0.625000
vt 0.312741 0.578125
vt 0.351562 0.718750
vt 0.398438 0.718750
vt 0.398438 0.671875
vt 0.351562 0.671875
vt 0.351562 0.671875
vt 0.398438 0.671875
vt 0.398438 0.625000
vt 0.351562 0.625000
vt 0.351562 0.625000
vt 0.398438 0.625000
vt 0.398438 0.578125
vt 0.351562 0.578125
vt 0.351562 0.578125
vt 0.398438 0.578125
vt 0.398438 0.531250
vt 0.351562 0.531250
vt 0.304688 0.625000
vt 0.351562 0.625000
vt 0.351562 0.578125
vt 0.304688 0.578125
vt 0.398438 0.671875
vt 0.398438 0.625000
vt 0.398438 0.613232
vt 0.398438 0.625000
vt 0.398438 0.625000
vt 0.398438 0.613232
vt 0.398438 0.578125
vt 0.398438 0.578125
vt 0.398438 0.589893
vt 0.398438 0.589893
vt 0.398438 0.578125
vt 0.398438 0.531250
vt 0.398438 0.531250
vt 0.398438 0.578125
vt 0.398438 0.578125
vt 0.398438 0.531250
vt 0.398438 0.718750
vt 0.398438 0.718750
vt 0.398438 0.706982
vt 0.398438 0.706982
vt 0.398438 0.683643
vt 0.398438 0.671875
vt 0.398438 0.671875
vt 0.398438 0.683643
vt 0.398438 0.671875
vt 0.398438 0.625000
vt 0.445312 0.589893
vt 0.445312 0.578125
vt 0.398438 0.578125
vt 0.398438 0.589893
vt 0.398438 0.613232
vt 0.398438 0.625000
vt 0.445312 0.625000
vt 0.445312 0.613232
vt 0.398438 0.671875
vt 0.398438 0.625000
vt 0.398438 0.625000
vt 0.398438 0.613232
vt 0.398438 0.578125
vt 0.398438 0.589893
vt 0.398438 0.718750
vt 0.398438 0.706982
vt 0.398438 0.683643
vt 0.398438 0.671875
vt 0.343509 0.578125
vt 0.343509 0.625000
vt 0.312741 0.625000
vt 0.312741 0.578125
vt 0.351562 0.718750
vt 0.398438 0.718750
vt 0.398438 0.671875
vt 0.351562 0.671875
vt 0.351562 0.671875
vt 0.398438 0.671875
vt 0.398438 0.625000
vt 0.351562 0.625000
vt 0.351562 0.625000
vt 0.398438 0.625000
vt 0.398438 0.578125
vt 0.351562 0.578125
vt 0.351562 0.578125
vt 0.398438 0.578125
vt 0.398438 0.531250
vt 0.351562 0.531250
vt 0.304688 0.625000
vt 0.351562 0.625000
vt 0.351562 0.578125
vt 0.304688 0.578125
vt 0.398438 0.671875
vt 0.398438 0.625000
vt 0.398438 0.613232
vt 0.398438 0.625000
vt 0.398438 0.625000
vt 0.398438 0.613232
vt 0.398438 0.578125
vt 0.398438 0.578125
vt 0.398438 0.589893
vt 0.398438 0.589893
vt 0.398438 0.578125
vt 0.398438 0.531250
vt 0.398438 0.531250
vt 0.398438 0.578125
vt 0.398438 0.578125
vt 0.398438 0.531250
vt 0.398438 0.718750
vt 0.398438 0.718750
vt 0.398438 0.706982
vt 0.398438 0.706982
vt 0.398438 0.683643
vt 0.398438 0.671875
vt 0.398438 0.671875
vt 0.398438 0.683643
vt 0.398438 0.671875
vt 0.398438 0.625000
vt 0.445312 0.589893
vt 0.445312 0.578125
vt 0.398438 0.578125
vt 0.398438 0.589893
vt 0.398438 0.613232
vt 0.398438 0.625000
vt 0.445312 0.625000
vt 0.445312 0.613232
vt 0.398438 0.671875
vt 0.398438 0.625000
vt 0.398438 0.625000
vt 0.398438 0.613232
vt 0.398438 0.578125
vt 0.398438 0.589893
vt 0.398438 0.718750
vt 0.398438 0.706982
vt 0.398438 0.683643
vt 0.398438 0.671875
vt 0.343509 0.578125
vt 0.343509 0.625000
vt 0.312741 0.625000
vt 0.312741 0.578125
vt 0.351562 0.718750
vt 0.398438 0.718750
vt 0.398438 0.671875
vt 0.351562 0.671875
vt 0.351562 0.671875
vt 0.398438 0.671875
vt 0.398438 0.625000
vt 0.351562 0.625000
vt 0.351562 0.625000
vt 0.398438 0.625000
vt 0.398438 0.578125
vt 0.351562 0.578125
vt 0.351562 0.578125
vt 0.398438 0.578125
vt 0.398438 0.531250
vt 0.351562 0.531250
vt 0.304688 0.625000
vt 0.351562 0.625000
vt 0.351562 0.578125
vt 0.304688 0.578125
vt 0.398438 0.671875
vt 0.398438 0.625000
vt 0.398438 0.613232
vt 0.398438 0.625000
vt 0.398438 0.625000
vt 0.398438 0.613232
vt 0.398438 0.578125
vt 0.398438 0.578125
vt 0.398438 0.589893
vt 0.398438 0.589893
vt 0.398438 0.578125
vt 0.398438 0.531250
vt 0.398438 0.531250
vt 0.398438 0.578125
vt 0.398438 0.578125
vt 0.398438 0.531250
vt 0.398438 0.718750
vt 0.398438 0.718750
vt 0.398438 0.706982
vt 0.398438 0.706982
vt 0.398438 0.683643
vt 0.398438 0.671875
vt 0.398438 0.671875
vt 0.398438 0.683643
vt 0.398438 0.671875
vt 0.398438 0.625000
vt 0.445312 0.589893
vt 0.445312 0.578125
vt 0.398438 0.578125
vt 0.398438 0.589893
vt 0.398438 0.613232
vt 0.398438 0.625000
vt 0.445312 0.625000
vt 0.445312 0.613232
vt 0.398438 0.671875
vt 0.398438 0.625000
vt 0.398438 0.625000
vt 0.398438 0.613232
vt 0.398438 0.578125
vt 0.398438 0.589893
vt 0.398438 0.718750
vt 0.398438 0.706982
vt 0.398438 0.683643
vt 0.398438 0.671875
vt 0.343509 0.578125
vt 0.343509 0.625000
vt 0.312741 0.625000
vt 0.312741 0.578125
vt 0.351562 0.718750
vt 0.398438 0.718750
vt 0.398438 0.671875
vt 0.351562 0.671875
vt 0.351562 0.671875
vt 0.398438 0.671875
vt 0.398438 0.625000
vt 0.351562 0.625000
vt 0.351562 0.625000
vt 0.398438 0.625000
vt 0.398438 0.578125
vt 0.351562 0.578125
vt 0.351562 0.578125
vt 0.398438 0.578125
vt 0.398438 0.531250
vt 0.351562 0.531250
vt 0.304688 0.625000
vt 0.351562 0.625000
vt 0.351562 0.578125
vt 0.304688 0.578125
vt 0.398438 0.671875
vt 0.398438 0.625000
vt 0.398438 0.613232
vt 0.398438 0.625000
vt 0.398438 0.625000
vt 0.398438 0.613232
vt 0.398438 0.578125
vt 0.398438 0.578125
vt 0.398438 0.589893
vt 0.398438 0.589893
vt 0.398438 0.578125
vt 0.398438 0.531250
vt 0.398438 0.531250
vt 0.398438 0.578125
vt 0.398438 0.578125
vt 0.398438 0.531250
vt 0.398438 0.718750
vt 0.398438 0.718750
vt 0.398438 0.706982
vt 0.398438 0.706982
vt 0.398438 0.683643
vt 0.398438 0.671875
vt 0.398438 0.671875
vt 0.398438 0.683643
vt 0.398438 0.671875
vt 0.398438 0.625000
vt 0.445312 0.589893
vt 0.445312 0.578125
vt 0.398438 0.578125
vt 0.398438 0.589893
vt 0.398438 0.613232
vt 0.398438 0.625000
vt 0.445312 0.625000
vt 0.445312 0.613232
vt 0.398438 0.671875
vt 0.398438 0.625000
vt 0.398438 0.625000
vt 0.398438 0.613232
vt 0.398438 0.578125
vt 0.398438 0.589893
vt 0.398438 0.718750
vt 0.398438 0.706982
vt 0.398438 0.683643
vt 0.398438 0.671875
vt 0.343509 0.578125
vt 0.343509 0.625000
vt 0.312741 0.625000
vt 0.312741 0.578125
vt 0.351562 0.718750
vt 0.398438 0.718750
vt 0.398438 0.671875
vt 0.351562 0.671875
vt 0.351562 0.671875
vt 0.398438 0.671875
vt 0.398438 0.625000
vt 0.351562 0.625000
vt 0.351562 0.625000
vt 0.398438 0.625000
vt 0.398438 0.578125
vt 0.351562 0.578125
vt 0.351562 0.578125
vt 0.398438 0.578125
vt 0.398438 0.531250
vt 0.351562 0.531250
vt 0.304688 0.625000
vt 0.351562 0.625000
vt 0.351562 0.578125
vt 0.304688 0.578125
vt 0.398438 0.671875
vt 0.398438 0.625000
vt 0.398438 0.613232
vt 0.398438 0.625000
vt 0.398438 0.625000
vt 0.398438 0.613232
vt 0.398438 0.578125
vt 0.398438 0.578125
vt 0.398438 0.589893
vt 0.398438 0.589893
vt 0.398438 0.578125
vt 0.398438 0.531250
vt 0.398438 0.531250
vt 0.398438 0.578125
vt 0.398438 0.578125
vt 0.398438 0.531250
vt 0.398438 0.718750
vt 0.398438 0.718750
vt 0.398438 0.706982
vt 0.398438 0.706982
vt 0.398438 0.683643
vt 0.398438 0.671875
vt 0.398438 0.671875
vt 0.398438 0.683643
vt 0.398438 0.671875
vt 0.398438 0.625000
vt 0.445312 0.589893
vt 0.445312 0.578125
vt 0.398438 0.578125
vt 0.398438 0.589893
vt 0.398438 0.613232
vt 0.398438 0.625000
vt 0.445312 0.625000
vt 0.445312 0.613232
vt 0.398438 0.671875
vt 0.398438 0.625000
vt 0.398438 0.625000
vt 0.398438 0.613232
vt 0.398438 0.578125
vt 0.398438 0.589893
vt 0.398438 0.718750
vt 0.398438 0.706982
vt 0.398438 0.683643
vt 0.398438 0.671875
vt 0.343509 0.578125
vt 0.343509 0.625000
vt 0.312741 0.625000
vt 0.312741 0.578125
vt 0.398438 0.613232
vt 0.398438 0.589893
vt 0.398438 0.683643
vt 0.398438 0.706982
vt 0.351777 0.632954
vt 0.351562 0.663821
vt 0.351562 0.633054
vt 0.351777 0.663921
vt 0.356141 0.632954
vt 0.356141 0.663921
vt 0.359259 0.634570
vt 0.359259 0.662305
vt 0.351777 0.539204
vt 0.351562 0.570071
vt 0.351562 0.539304
vt 0.351777 0.570171
vt 0.356141 0.539204
vt 0.356141 0.570171
vt 0.359259 0.540820
vt 0.359259 0.568555
vt 0.398438 0.613232
vt 0.398438 0.589893
vt 0.398438 0.683643
vt 0.398438 0.706982
vt 0.351777 0.632954
vt 0.351562 0.663821
vt 0.351562 0.633054
vt 0.351777 0.663921
vt 0.356141 0.632954
vt 0.356141 0.663921
vt 0.359259 0.634570
vt 0.359259 0.662305
vt 0.351777 0.539204
vt 0.351562 0.570071
vt 0.351562 0.539304
vt 0.351777 0.570171
vt 0.356141 0.539204
vt 0.356141 0.570171
vt 0.359259 0.540820
vt 0.359259 0.568555
vt 0.398438 0.613232
vt 0.398438 0.589893
vt 0.398438 0.683643
vt 0.398438 0.706982
vt 0.351777 0.632954
vt 0.351562 0.663821
vt 0.351562 0.633054
vt 0.351777 0.663921
vt 0.356141 0.632954
vt 0.356141 0.663921
vt 0.359259 0.634570
vt 0.359259 0.662305
vt 0.351777 0.539204
vt 0.351562 0.570071
vt 0.351562 0.539304
vt 0.351777 0.570171
vt 0.356141 0.539204
vt 0.356141 0.570171
vt 0.359259 0.540820
vt 0.359259 0.568555
vt 0.398438 0.613232
vt 0.398438 0.589893
vt 0.398438 0.683643
vt 0.398438 0.706982
vt 0.351777 0.632954
vt 0.351562 0.663821
vt 0.351562 0.633054
vt 0.351777 0.663921
vt 0.356141 0.632954
vt 0.356141 0.663921
vt 0.359259 0.634570
vt 0.359259 0.662305
vt 0.351777 0.539204
vt 0.351562 0.570071
vt 0.351562 0.539304
vt 0.351777 0.570171
vt 0.356141 0.539204
vt 0.356141 0.570171
vt 0.359259 0.540820
vt 0.359259 0.568555
vt 0.398438 0.613232
vt 0.398438 0.589893
vt 0.398438 0.683643
vt 0.398438 0.706982
vt 0.351777 0.632954
vt 0.351562 0.663821
vt 0.351562 0.633054
vt 0.351777 0.663921
vt 0.356141 0.632954
vt 0.356141 0.663921
vt 0.359259 0.634570
vt 0.359259 0.662305
vt 0.351777 0.539204
vt 0.351562 0.570071
vt 0.351562 0.539304
vt 0.351777 0.570171
vt 0.356141 0.539204
vt 0.356141 0.570171
vt 0.359259 0.540820
vt 0.359259 0.568555
vt 0.398438 0.613232
vt 0.398438 0.589893
vt 0.398438 0.683643
vt 0.398438 0.706982
vt 0.351777 0.632954
vt 0.351562 0.663821
vt 0.351562 0.633054
vt 0.351777 0.663921
vt 0.356141 0.632954
vt 0.356141 0.663921
vt 0.359259 0.634570
vt 0.359259 0.662305
vt 0.351777 0.539204
vt 0.351562 0.570071
vt 0.351562 0.539304
vt 0.351777 0.570171
vt 0.356141 0.539204
vt 0.356141 0.570171
vt 0.359259 0.540820
vt 0.359259 0.568555
vt 0.398438 0.613232
vt 0.398438 0.589893
vt 0.398438 0.683643
vt 0.398438 0.706982
vt 0.351777 0.632954
vt 0.351562 0.663821
vt 0.351562 0.633054
vt 0.351777 0.663921
vt 0.356141 0.632954
vt 0.356141 0.663921
vt 0.359259 0.634570
vt 0.359259 0.662305
vt 0.351777 0.539204
vt 0.351562 0.570071
vt 0.351562 0.539304
vt 0.351777 0.570171
vt 0.356141 0.539204
vt 0.356141 0.570171
vt 0.359259 0.540820
vt 0.359259 0.568555
vt 0.398438 0.613232
vt 0.398438 0.589893
vt 0.398438 0.683643
vt 0.398438 0.706982
vt 0.351777 0.632954
vt 0.351562 0.663821
vt 0.351562 0.633054
vt 0.351777 0.663921
vt 0.356141 0.632954
vt 0.356141 0.663921
vt 0.359259 0.634570
vt 0.359259 0.662305
vt 0.351777 0.539204
vt 0.351562 0.570071
vt 0.351562 0.539304
vt 0.351777 0.570171
vt 0.356141 0.539204
vt 0.356141 0.570171
vt 0.359259 0.540820
vt 0.359259 0.568555
vt 0.398438 0.613232
vt 0.398438 0.589893
vt 0.398438 0.683643
vt 0.398438 0.706982
vt 0.351777 0.632954
vt 0.351562 0.663821
vt 0.351562 0.633054
vt 0.351777 0.663921
vt 0.356141 0.632954
vt 0.356141 0.663921
vt 0.359259 0.634570
vt 0.359259 0.662305
vt 0.351777 0.539204
vt 0.351562 0.570071
vt 0.351562 0.539304
vt 0.351777 0.570171
vt 0.356141 0.539204
vt 0.356141 0.570171
vt 0.359259 0.540820
vt 0.359259 0.568555
vt 0.718750 0.625000
vt 0.718750 0.531250
vt 0.712891 0.531250
vt 0.712891 0.625000
vt 0.707031 0.531250
vt 0.707031 0.625000
vt 0.701172 0.531250
vt 0.701172 0.625000
vt 0.695312 0.531250
vt 0.695312 0.625000
vt 0.689453 0.531250
vt 0.689453 0.625000
vt 0.683594 0.531250
vt 0.683594 0.625000
vt 0.677734 0.531250
vt 0.677734 0.625000
vt 0.671875 0.531250
vt 0.671875 0.625000
vt 0.666016 0.531250
vt 0.666016 0.625000
vt 0.660156 0.531250
vt 0.660156 0.625000
vt 0.654297 0.531250
vt 0.654297 0.625000
vt 0.648438 0.531250
vt 0.648438 0.625000
vt 0.642578 0.531250
vt 0.642578 0.625000
vt 0.636719 0.531250
vt 0.636719 0.625000
vt 0.630859 0.531250
vt 0.630859 0.625000
vt 0.625000 0.531250
vt 0.625000 0.625000
vt 0.619141 0.531250
vt 0.619141 0.625000
vt 0.613281 0.531250
vt 0.613281 0.625000
vt 0.607422 0.531250
vt 0.607422 0.625000
vt 0.601562 0.531250
vt 0.601562 0.625000
vt 0.595703 0.531250
vt 0.595703 0.625000
vt 0.589844 0.531250
vt 0.589844 0.625000
vt 0.583984 0.531250
vt 0.583984 0.625000
vt 0.578125 0.531250
vt 0.578125 0.625000
vt 0.572266 0.531250
vt 0.572266 0.625000
vt 0.566406 0.531250
vt 0.566406 0.625000
vt 0.560547 0.531250
vt 0.560547 0.625000
vt 0.554688 0.531250
vt 0.554688 0.625000
vt 0.548828 0.531250
vt 0.548828 0.625000
vt 0.542969 0.531250
vt 0.542969 0.625000
vt 0.671875 0.531250
vt 0.677734 0.531250
vt 0.677734 0.531250
vt 0.671875 0.531250
vt 0.537109 0.531250
vt 0.537109 0.625000
vt 0.531250 0.531250
vt 0.531250 0.625000
vt 0.619141 0.531250
vt 0.625000 0.531250
vt 0.625000 0.531250
vt 0.619141 0.531250
vt 0.566406 0.531250
vt 0.572266 0.531250
vt 0.572266 0.531250
vt 0.566406 0.531250
vt 0.695312 0.531250
vt 0.701172 0.531250
vt 0.701172 0.531250
vt 0.695312 0.531250
vt 0.642578 0.531250
vt 0.648438 0.531250
vt 0.648438 0.531250
vt 0.642578 0.531250
vt 0.589844 0.531250
vt 0.595703 0.531250
vt 0.595703 0.531250
vt 0.589844 0.531250
vt 0.537109 0.531250
vt 0.542969 0.531250
vt 0.542969 0.531250
vt 0.537109 0.531250
vt 0.666016 0.531250
vt 0.666016 0.531250
vt 0.613281 0.531250
vt 0.613281 0.531250
vt 0.560547 0.531250
vt 0.560547 0.531250
vt 0.689453 0.531250
vt 0.689453 0.531250
vt 0.636719 0.531250
vt 0.636719 0.531250
vt 0.583984 0.531250
vt 0.583984 0.531250
vt 0.712891 0.531250
vt 0.718750 0.531250
vt 0.718750 0.531250
vt 0.712891 0.531250
vt 0.531250 0.531250
vt 0.531250 0.531250
vt 0.660156 0.531250
vt 0.660156 0.531250
vt 0.607422 0.531250
vt 0.607422 0.531250
vt 0.554688 0.531250
vt 0.554688 0.531250
vt 0.683594 0.531250
vt 0.683594 0.531250
vt 0.630859 0.531250
vt 0.630859 0.531250
vt 0.578125 0.531250
vt 0.578125 0.531250
vt 0.707031 0.531250
vt 0.707031 0.531250
vt 0.654297 0.531250
vt 0.654297 0.531250
vt 0.601562 0.531250
vt 0.601562 0.531250
vt 0.548828 0.531250
vt 0.548828 0.531250
vt 0.601562 0.718750
vt 0.648438 0.718750
vt 0.648438 0.671875
vt 0.601562 0.671875
vt 0.601562 0.671875
vt 0.648438 0.671875
vt 0.648438 0.625000
vt 0.601562 0.625000
vt 0.601562 0.625000
vt 0.648438 0.625000
vt 0.648438 0.578125
vt 0.601562 0.625000
vt 0.648438 0.578125
vt 0.601562 0.578125
vt 0.601562 0.578125
vt 0.648438 0.578125
vt 0.648438 0.531250
vt 0.601562 0.531250
vt 0.554688 0.625000
vt 0.601562 0.625000
vt 0.601562 0.578125
vt 0.554688 0.578125
vt 0.648438 0.625000
vt 0.695312 0.625000
vt 0.695312 0.578125
vt 0.648438 0.578125
vt 0.663096 0.716010
vt 0.680654 0.716010
vt 0.671875 0.716875
vt 0.680654 0.716010
vt 0.663096 0.716010
vt 0.654654 0.713450
vt 0.680654 0.716010
vt 0.654654 0.713450
vt 0.689096 0.713450
vt 0.689096 0.713450
vt 0.654654 0.713450
vt 0.646874 0.709291
vt 0.696876 0.709291
vt 0.640055 0.703695
vt 0.703695 0.703695
vt 0.634459 0.696876
vt 0.709291 0.696876
vt 0.630300 0.689096
vt 0.713450 0.689096
vt 0.627740 0.680654
vt 0.716010 0.680654
vt 0.626875 0.671875
vt 0.716875 0.671875
vt 0.627740 0.663096
vt 0.716010 0.663096
vt 0.630300 0.654654
vt 0.713450 0.654654
vt 0.634459 0.646874
vt 0.709291 0.646874
vt 0.640055 0.640055
vt 0.703695 0.640055
vt 0.646874 0.634459
vt 0.696876 0.634459
vt 0.696876 0.634459
vt 0.646874 0.634459
vt 0.654654 0.630300
vt 0.654654 0.630300
vt 0.689096 0.630300
vt 0.689096 0.630300
vt 0.663096 0.627740
vt 0.663096 0.627740
vt 0.680654 0.627740
vt 0.671875 0.626875
vt 0.586904 0.716010
vt 0.569346 0.716010
vt 0.578125 0.716875
vt 0.569346 0.716010
vt 0.586904 0.716010
vt 0.560904 0.713450
vt 0.560904 0.713450
vt 0.586904 0.716010
vt 0.595346 0.713450
vt 0.553124 0.709291
vt 0.603126 0.709291
vt 0.546305 0.703695
vt 0.546305 0.703695
vt 0.603126 0.709291
vt 0.609945 0.703695
vt 0.609945 0.703695
vt 0.540709 0.696876
vt 0.615541 0.696876
vt 0.536550 0.689096
vt 0.619700 0.689096
vt 0.533990 0.680654
vt 0.622260 0.680654
vt 0.533125 0.671875
vt 0.623125 0.671875
vt 0.533990 0.663096
vt 0.622260 0.663096
vt 0.536550 0.654654
vt 0.619700 0.654654
vt 0.540709 0.646874
vt 0.615541 0.646874
vt 0.546305 0.640055
vt 0.609945 0.640055
vt 0.553124 0.634459
vt 0.553124 0.634459
vt 0.609945 0.640055
vt 0.603126 0.634459
vt 0.603126 0.634459
vt 0.560904 0.630300
vt 0.595346 0.630300
vt 0.569346 0.627740
vt 0.586904 0.627740
vt 0.569346 0.627740
vt 0.586904 0.627740
vt 0.578125 0.626875
vt 0.813125 0.578125
vt 0.843125 0.578125
vt 0.843125 0.578125
vt 0.813125 0.578125
vt 0.859343 0.605889
vt 0.890645 0.606104
vt 0.890690 0.578125
vt 0.859310 0.578125
vt 0.890518 0.578125
vt 0.859482 0.578125
vt 0.859310 0.718750
vt 0.890690 0.718750
vt 0.890645 0.690771
vt 0.859343 0.690986
vt 0.906875 0.578125
vt 0.936875 0.578125
vt 0.936875 0.578125
vt 0.906875 0.578125
vt 0.891091 0.578125
vt 0.858909 0.578125
vt 0.890518 0.718750
vt 0.859482 0.718750
vt 0.858909 0.718750
vt 0.891091 0.718750
vt 0.906875 0.606151
vt 0.936875 0.606151
vt 0.906875 0.578125
vt 0.936875 0.578125
vt 0.936875 0.578125
vt 0.906875 0.578125
vt 0.857676 0.718750
vt 0.892324 0.718750
vt 0.843125 0.578125
vt 0.813125 0.578125
vt 0.936875 0.578125
vt 0.906875 0.578125
vt 0.843125 0.578125
vt 0.813125 0.578125
vt 0.892324 0.578125
vt 0.857676 0.578125
vt 0.855515 0.718750
vt 0.894485 0.718750
vt 0.855515 0.578125
vt 0.894485 0.578125
vt 0.894592 0.578125
vt 0.855408 0.578125
vt 0.843125 0.578125
vt 0.813125 0.578125
vt 0.855408 0.718750
vt 0.894592 0.718750
vt 0.906875 0.578125
vt 0.936875 0.578125
vt 0.936875 0.578125
vt 0.906875 0.578125
vt 0.855401 0.718750
vt 0.894597 0.718750
vt 0.843125 0.578125
vt 0.813125 0.578125
vt 0.843125 0.578125
vt 0.813125 0.578125
vt 0.894597 0.578125
vt 0.855401 0.578125
vt 0.855396 0.569687
vt 0.894604 0.569687
vt 0.894604 0.539688
vt 0.855396 0.539688
vt 0.851562 0.718750
vt 0.851562 0.718750
vt 0.855489 0.718750
vt 0.813125 0.578125
vt 0.808254 0.578125
vt 0.804688 0.578125
vt 0.855489 0.531250
vt 0.853314 0.531250
vt 0.851562 0.539688
vt 0.894691 0.718750
vt 0.896946 0.718750
vt 0.898438 0.718750
vt 0.898438 0.539688
vt 0.898438 0.534816
vt 0.894691 0.531250
vt 0.945312 0.578125
vt 0.945312 0.578125
vt 0.936875 0.578125
vt 0.855489 0.578125
vt 0.852146 0.576936
vt 0.851562 0.578125
vt 0.851562 0.569687
vt 0.852146 0.576936
vt 0.855489 0.578125
vt 0.851562 0.578125
vt 0.852146 0.576936
vt 0.843125 0.578125
vt 0.898438 0.578125
vt 0.899129 0.578125
vt 0.894691 0.578125
vt 0.906875 0.578125
vt 0.899129 0.578125
vt 0.898438 0.578125
vt 0.894691 0.578125
vt 0.899129 0.578125
vt 0.898438 0.569687
vt 0.813125 0.605815
vt 0.804688 0.579289
vt 0.804688 0.607022
vt 0.851562 0.689853
vt 0.851562 0.717586
vt 0.945312 0.605106
vt 0.945312 0.578125
vt 0.898438 0.718750
vt 0.898438 0.691769
vt 0.843125 0.605815
vt 0.851562 0.607022
vt 0.851562 0.578707
vt 0.851562 0.578707
vt 0.851562 0.607022
vt 0.898438 0.578125
vt 0.898438 0.605106
vt 0.898438 0.605106
vt 0.898438 0.578125
vt 0.898438 0.718750
vt 0.945312 0.578125
vt 0.898438 0.578125
vt 0.898438 0.578125
vt 0.851562 0.578125
vt 0.851562 0.578125
vt 0.804688 0.578125
vt 0.804688 0.578125
vt 0.851562 0.718750
vt 0.851562 0.718750
vt 0.898438 0.718750
vt 0.945312 0.578125
vt 0.898438 0.578125
vt 0.898438 0.578125
vt 0.851562 0.578125
vt 0.851562 0.578125
vt 0.851562 0.718750
vt 0.804688 0.578125
vt 0.851562 0.578125
vt 0.851562 0.578125
vt 0.851562 0.718750
vt 0.804688 0.578125
vt 0.945312 0.578125
vt 0.898438 0.718750
vt 0.898438 0.578125
vt 0.898438 0.578125
vt 0.851562 0.578125
vt 0.851562 0.578125
vt 0.851562 0.718750
vt 0.804688 0.578125
vt 0.945312 0.578125
vt 0.898438 0.718750
vt 0.898438 0.578125
vt 0.898438 0.578125
vt 0.898438 0.718750
vt 0.945312 0.578125
vt 0.898438 0.578125
vt 0.898438 0.578125
vt 0.851562 0.578125
vt 0.851562 0.578125
vt 0.851562 0.718750
vt 0.804688 0.578125
vt 0.851562 0.689853
vt 0.843125 0.605815
vt 0.813125 0.605815
vt 0.851562 0.607022
vt 0.859343 0.690986
vt 0.859343 0.605889
vt 0.859343 0.605889
vt 0.859343 0.690986
vt 0.890645 0.690771
vt 0.890645 0.606104
vt 0.890645 0.606104
vt 0.890645 0.690771
vt 0.945312 0.605106
vt 0.890645 0.606104
vt 0.945312 0.605106
vt 0.898438 0.605106
vt 0.898438 0.605106
vt 0.945312 0.605106
vt 0.936875 0.606151
vt 0.906875 0.606151
vt 0.168575 0.323441
vt 0.171875 0.323695
vt 0.171875 0.323438
vt 0.081425 0.323441
vt 0.078125 0.323438
vt 0.078125 0.323695
vt 0.218750 0.375000
vt 0.218750 0.281250
vt 0.212891 0.281250
vt 0.212891 0.375000
vt 0.207031 0.281250
vt 0.207031 0.375000
vt 0.201172 0.281250
vt 0.201172 0.375000
vt 0.195312 0.281250
vt 0.195312 0.375000
vt 0.189453 0.281250
vt 0.189453 0.375000
vt 0.183594 0.281250
vt 0.183594 0.375000
vt 0.177734 0.281250
vt 0.177734 0.375000
vt 0.171875 0.281250
vt 0.171875 0.375000
vt 0.166016 0.281250
vt 0.166016 0.375000
vt 0.160156 0.281250
vt 0.160156 0.375000
vt 0.154297 0.281250
vt 0.154297 0.375000
vt 0.148438 0.281250
vt 0.148438 0.375000
vt 0.142578 0.281250
vt 0.142578 0.375000
vt 0.136719 0.281250
vt 0.136719 0.375000
vt 0.130859 0.281250
vt 0.130859 0.375000
vt 0.125000 0.281250
vt 0.125000 0.375000
vt 0.119141 0.281250
vt 0.119141 0.375000
vt 0.113281 0.281250
vt 0.113281 0.375000
vt 0.107422 0.281250
vt 0.107422 0.375000
vt 0.101562 0.281250
vt 0.101562 0.375000
vt 0.095703 0.281250
vt 0.095703 0.375000
vt 0.089844 0.281250
vt 0.089844 0.375000
vt 0.083984 0.281250
vt 0.083984 0.375000
vt 0.078125 0.281250
vt 0.078125 0.375000
vt 0.072266 0.281250
vt 0.072266 0.375000
vt 0.066406 0.281250
vt 0.066406 0.375000
vt 0.060547 0.281250
vt 0.060547 0.375000
vt 0.054688 0.281250
vt 0.054688 0.375000
vt 0.048828 0.281250
vt 0.048828 0.375000
vt 0.042969 0.281250
vt 0.042969 0.375000
vt 0.037109 0.281250
vt 0.037109 0.375000
vt 0.031250 0.281250
vt 0.031250 0.375000
vt 0.212891 0.374269
vt 0.212891 0.281981
vt 0.218750 0.281981
vt 0.218750 0.374269
vt 0.207031 0.374269
vt 0.207031 0.281981
vt 0.201172 0.374269
vt 0.201172 0.281981
vt 0.195312 0.374269
vt 0.195312 0.281981
vt 0.189453 0.281981
vt 0.189453 0.374269
vt 0.183594 0.281981
vt 0.183594 0.374269
vt 0.177734 0.281981
vt 0.177734 0.374269
vt 0.171875 0.281981
vt 0.171875 0.374269
vt 0.166016 0.281981
vt 0.166016 0.374269
vt 0.160156 0.281981
vt 0.160156 0.374269
vt 0.154297 0.281981
vt 0.154297 0.374269
vt 0.148438 0.281981
vt 0.148438 0.374269
vt 0.142578 0.281981
vt 0.142578 0.374269
vt 0.136719 0.281981
vt 0.136719 0.374269
vt 0.130859 0.281981
vt 0.130859 0.374269
vt 0.125000 0.281981
vt 0.125000 0.374269
vt 0.119141 0.281981
vt 0.119141 0.374269
vt 0.113281 0.281981
vt 0.113281 0.374269
vt 0.107422 0.281981
vt 0.107422 0.374269
vt 0.101562 0.281981
vt 0.101562 0.374269
vt 0.095703 0.374269
vt 0.095703 0.281981
vt 0.089844 0.374269
vt 0.089844 0.281981
vt 0.083984 0.374269
vt 0.083984 0.281981
vt 0.078125 0.374269
vt 0.078125 0.281981
vt 0.072266 0.374269
vt 0.072266 0.281981
vt 0.066406 0.374269
vt 0.066406 0.281981
vt 0.060547 0.374269
vt 0.060547 0.281981
vt 0.054688 0.374269
vt 0.054688 0.281981
vt 0.048828 0.374269
vt 0.048828 0.281981
vt 0.042969 0.374269
vt 0.042969 0.281981
vt 0.037109 0.374269
vt 0.037109 0.281981
vt 0.031250 0.374269
vt 0.031250 0.281981
vt 0.101562 0.468750
vt 0.148438 0.468750
vt 0.148438 0.421875
vt 0.101562 0.421875
vt 0.101562 0.421875
vt 0.148438 0.421875
vt 0.148438 0.375000
vt 0.101562 0.375000
vt 0.101562 0.375000
vt 0.148438 0.375000
vt 0.148438 0.328125
vt 0.101562 0.328125
vt 0.101562 0.328125
vt 0.148438 0.328125
vt 0.148438 0.281250
vt 0.101562 0.281250
vt 0.054688 0.375000
vt 0.101562 0.375000
vt 0.101562 0.328125
vt 0.054688 0.328125
vt 0.148438 0.336800
vt 0.148438 0.370817
vt 0.148438 0.460075
vt 0.148438 0.426058
vt 0.148438 0.287500
vt 0.148438 0.321875
vt 0.148438 0.415613
vt 0.148438 0.381262
vt 0.212891 0.323414
vt 0.212891 0.323849
vt 0.218750 0.323850
vt 0.218750 0.323413
vt 0.207031 0.323415
vt 0.207031 0.323848
vt 0.201172 0.323418
vt 0.201172 0.323845
vt 0.195312 0.323421
vt 0.195312 0.323842
vt 0.189453 0.323424
vt 0.189453 0.323838
vt 0.183594 0.323429
vt 0.183594 0.323833
vt 0.177734 0.323433
vt 0.177734 0.323828
vt 0.072266 0.323828
vt 0.072266 0.323433
vt 0.066406 0.323429
vt 0.066406 0.323833
vt 0.060547 0.323424
vt 0.060547 0.323838
vt 0.054688 0.323421
vt 0.054688 0.323842
vt 0.048828 0.323418
vt 0.048828 0.323845
vt 0.042969 0.323415
vt 0.042969 0.323848
vt 0.037109 0.323414
vt 0.037109 0.323849
vt 0.031250 0.323413
vt 0.031250 0.323850
vt 0.101562 0.468750
vt 0.148438 0.468750
vt 0.148438 0.421875
vt 0.101562 0.421875
vt 0.101562 0.421875
vt 0.148438 0.421875
vt 0.148438 0.375000
vt 0.101562 0.375000
vt 0.101562 0.375000
vt 0.148438 0.375000
vt 0.148438 0.328125
vt 0.101562 0.328125
vt 0.101562 0.328125
vt 0.148438 0.328125
vt 0.148438 0.281250
vt 0.101562 0.281250
vt 0.101562 0.421875
vt 0.101562 0.468750
vt 0.148438 0.375000
vt 0.195312 0.375000
vt 0.195312 0.328125
vt 0.148438 0.328125
vt 0.054688 0.375000
vt 0.101562 0.375000
vt 0.101562 0.328125
vt 0.054688 0.328125
vt 0.101562 0.328125
vt 0.101562 0.375000
vt 0.101562 0.281250
vt 0.101562 0.328125
vt 0.101562 0.375000
vt 0.101562 0.421875
vt 0.070291 0.375000
vt 0.066039 0.375000
vt 0.066039 0.328125
vt 0.070291 0.328125
vt 0.078697 0.328125
vt 0.090298 0.328125
vt 0.090298 0.375000
vt 0.078697 0.375000
vt 0.218750 0.375000
vt 0.218750 0.281250
vt 0.212891 0.281250
vt 0.212891 0.375000
vt 0.207031 0.281250
vt 0.207031 0.375000
vt 0.201172 0.281250
vt 0.201172 0.375000
vt 0.195312 0.281250
vt 0.195312 0.375000
vt 0.189453 0.281250
vt 0.189453 0.375000
vt 0.183594 0.281250
vt 0.183594 0.375000
vt 0.177734 0.281250
vt 0.177734 0.375000
vt 0.171875 0.281250
vt 0.171875 0.375000
vt 0.166016 0.281250
vt 0.166016 0.375000
vt 0.160156 0.281250
vt 0.160156 0.375000
vt 0.154297 0.281250
vt 0.154297 0.375000
vt 0.148438 0.281250
vt 0.148438 0.375000
vt 0.142578 0.281250
vt 0.142578 0.375000
vt 0.136719 0.281250
vt 0.136719 0.375000
vt 0.130859 0.281250
vt 0.130859 0.375000
vt 0.125000 0.281250
vt 0.125000 0.375000
vt 0.119141 0.281250
vt 0.119141 0.375000
vt 0.113281 0.281250
vt 0.113281 0.375000
vt 0.107422 0.281250
vt 0.107422 0.375000
vt 0.101562 0.281250
vt 0.101562 0.375000
vt 0.095703 0.281250
vt 0.095703 0.375000
vt 0.089844 0.281250
vt 0.089844 0.375000
vt 0.083984 0.281250
vt 0.083984 0.375000
vt 0.078125 0.281250
vt 0.078125 0.375000
vt 0.072266 0.281250
vt 0.072266 0.375000
vt 0.066406 0.281250
vt 0.066406 0.375000
vt 0.060547 0.281250
vt 0.060547 0.375000
vt 0.054688 0.281250
vt 0.054688 0.375000
vt 0.048828 0.281250
vt 0.048828 0.375000
vt 0.042969 0.281250
vt 0.042969 0.375000
vt 0.037109 0.281250
vt 0.037109 0.375000
vt 0.031250 0.281250
vt 0.031250 0.375000
vt 0.212891 0.374269
vt 0.212891 0.281981
vt 0.218750 0.281981
vt 0.218750 0.374269
vt 0.207031 0.374269
vt 0.207031 0.281981
vt 0.201172 0.374269
vt 0.201172 0.281981
vt 0.195312 0.374269
vt 0.195312 0.281981
vt 0.189453 0.281981
vt 0.189453 0.374269
vt 0.183594 0.281981
vt 0.183594 0.374269
vt 0.177734 0.281981
vt 0.177734 0.374269
vt 0.171875 0.281981
vt 0.171875 0.374269
vt 0.166016 0.281981
vt 0.166016 0.374269
vt 0.160156 0.281981
vt 0.160156 0.374269
vt 0.154297 0.281981
vt 0.154297 0.374269
vt 0.148438 0.281981
vt 0.148438 0.374269
vt 0.142578 0.281981
vt 0.142578 0.374269
vt 0.136719 0.281981
vt 0.136719 0.374269
vt 0.130859 0.281981
vt 0.130859 0.374269
vt 0.125000 0.281981
vt 0.125000 0.374269
vt 0.119141 0.281981
vt 0.119141 0.374269
vt 0.113281 0.281981
vt 0.113281 0.374269
vt 0.107422 0.281981
vt 0.107422 0.374269
vt 0.101562 0.281981
vt 0.101562 0.374269
vt 0.095703 0.374269
vt 0.095703 0.281981
vt 0.089844 0.374269
vt 0.089844 0.281981
vt 0.083984 0.374269
vt 0.083984 0.281981
vt 0.078125 0.374269
vt 0.078125 0.281981
vt 0.072266 0.374269
vt 0.072266 0.281981
vt 0.066406 0.374269
vt 0.066406 0.281981
vt 0.060547 0.374269
vt 0.060547 0.281981
vt 0.054688 0.374269
vt 0.054688 0.281981
vt 0.048828 0.374269
vt 0.048828 0.281981
vt 0.042969 0.374269
vt 0.042969 0.281981
vt 0.037109 0.374269
vt 0.037109 0.281981
vt 0.031250 0.374269
vt 0.031250 0.281981
vt 0.122260 0.413096
vt 0.122260 0.430654
vt 0.123125 0.421875
vt 0.119700 0.404654
vt 0.119700 0.439096
vt 0.115541 0.396874
vt 0.115541 0.446876
vt 0.115451 0.421875
vt 0.114734 0.414593
vt 0.109945 0.390055
vt 0.114734 0.414593
vt 0.109945 0.390055
vt 0.112610 0.407591
vt 0.112610 0.407591
vt 0.109945 0.390055
vt 0.109161 0.401138
vt 0.109161 0.401138
vt 0.103126 0.384459
vt 0.109161 0.401138
vt 0.103126 0.384459
vt 0.104519 0.395481
vt 0.104519 0.395481
vt 0.103126 0.384459
vt 0.098862 0.390839
vt 0.098862 0.390839
vt 0.095346 0.380300
vt 0.098862 0.390839
vt 0.095346 0.380300
vt 0.092409 0.387390
vt 0.092409 0.387390
vt 0.086904 0.377740
vt 0.092409 0.387390
vt 0.086904 0.377740
vt 0.085407 0.385266
vt 0.085407 0.385266
vt 0.078125 0.376875
vt 0.078125 0.384549
vt 0.069346 0.377740
vt 0.078125 0.384549
vt 0.069346 0.377740
vt 0.070843 0.385266
vt 0.070843 0.385266
vt 0.063841 0.387390
vt 0.063841 0.387390
vt 0.069346 0.377740
vt 0.060904 0.380300
vt 0.063841 0.387390
vt 0.060904 0.380300
vt 0.057388 0.390839
vt 0.057388 0.390839
vt 0.060904 0.380300
vt 0.053124 0.384459
vt 0.057388 0.390839
vt 0.053124 0.384459
vt 0.051731 0.395481
vt 0.051731 0.395481
vt 0.046305 0.390055
vt 0.046305 0.390055
vt 0.047089 0.401138
vt 0.047089 0.401138
vt 0.046305 0.390055
vt 0.043640 0.407591
vt 0.043640 0.407591
vt 0.040709 0.396874
vt 0.036550 0.404654
vt 0.114734 0.429157
vt 0.109945 0.453695
vt 0.109945 0.453695
vt 0.114734 0.429157
vt 0.112610 0.436159
vt 0.109945 0.453695
vt 0.112610 0.436159
vt 0.109161 0.442612
vt 0.109161 0.442612
vt 0.103126 0.459291
vt 0.103126 0.459291
vt 0.109161 0.442612
vt 0.104519 0.448269
vt 0.104519 0.448269
vt 0.098862 0.452911
vt 0.095346 0.463450
vt 0.092409 0.456360
vt 0.086904 0.466010
vt 0.085407 0.458484
vt 0.078125 0.466875
vt 0.078125 0.459201
vt 0.070843 0.458484
vt 0.078125 0.466875
vt 0.070843 0.458484
vt 0.069346 0.466010
vt 0.069346 0.466010
vt 0.063841 0.456360
vt 0.069346 0.466010
vt 0.063841 0.456360
vt 0.060904 0.463450
vt 0.060904 0.463450
vt 0.063841 0.456360
vt 0.057388 0.452911
vt 0.060904 0.463450
vt 0.057388 0.452911
vt 0.053124 0.459291
vt 0.053124 0.459291
vt 0.057388 0.452911
vt 0.051731 0.448269
vt 0.051731 0.448269
vt 0.046305 0.453695
vt 0.046305 0.453695
vt 0.047089 0.442612
vt 0.043640 0.436159
vt 0.040709 0.446876
vt 0.036550 0.439096
vt 0.041516 0.414593
vt 0.040799 0.421875
vt 0.041516 0.429157
vt 0.036550 0.439096
vt 0.041516 0.429157
vt 0.040799 0.421875
vt 0.033990 0.413096
vt 0.033990 0.430654
vt 0.033125 0.421875
vt 0.146874 0.459291
vt 0.145481 0.448269
vt 0.151138 0.452911
vt 0.140055 0.453695
vt 0.140839 0.442612
vt 0.140839 0.442612
vt 0.140055 0.453695
vt 0.137390 0.436159
vt 0.137390 0.436159
vt 0.134459 0.446876
vt 0.135266 0.429157
vt 0.134549 0.421875
vt 0.137390 0.407591
vt 0.134459 0.396874
vt 0.140839 0.401138
vt 0.134459 0.396874
vt 0.137390 0.407591
vt 0.135266 0.414593
vt 0.130300 0.439096
vt 0.130300 0.404654
vt 0.127740 0.430654
vt 0.127740 0.413096
vt 0.126875 0.421875
vt 0.216010 0.430654
vt 0.216010 0.413096
vt 0.216875 0.421875
vt 0.213450 0.439096
vt 0.213450 0.404654
vt 0.209291 0.446876
vt 0.209291 0.396874
vt 0.209201 0.421875
vt 0.208484 0.429157
vt 0.203695 0.453695
vt 0.206360 0.436159
vt 0.206360 0.436159
vt 0.203695 0.453695
vt 0.202911 0.442612
vt 0.202911 0.442612
vt 0.196876 0.459291
vt 0.198269 0.448269
vt 0.198269 0.448269
vt 0.196876 0.459291
vt 0.192612 0.452911
vt 0.192612 0.452911
vt 0.189096 0.463450
vt 0.186159 0.456360
vt 0.180654 0.466010
vt 0.179157 0.458484
vt 0.171875 0.466875
vt 0.171875 0.459201
vt 0.163096 0.466010
vt 0.164593 0.458484
vt 0.157591 0.456360
vt 0.154654 0.463450
vt 0.157591 0.456360
vt 0.154654 0.463450
vt 0.151138 0.452911
vt 0.208484 0.414593
vt 0.203695 0.390055
vt 0.206360 0.407591
vt 0.202911 0.401138
vt 0.196876 0.384459
vt 0.198269 0.395481
vt 0.196876 0.384459
vt 0.198269 0.395481
vt 0.192612 0.390839
vt 0.192612 0.390839
vt 0.189096 0.380300
vt 0.186159 0.387390
vt 0.180654 0.377740
vt 0.179157 0.385266
vt 0.180654 0.377740
vt 0.179157 0.385266
vt 0.171875 0.376875
vt 0.171875 0.376875
vt 0.171875 0.384549
vt 0.164593 0.385266
vt 0.163096 0.377740
vt 0.157591 0.387390
vt 0.163096 0.377740
vt 0.157591 0.387390
vt 0.154654 0.380300
vt 0.154654 0.380300
vt 0.157591 0.387390
vt 0.151138 0.390839
vt 0.154654 0.380300
vt 0.151138 0.390839
vt 0.146874 0.384459
vt 0.145481 0.395481
vt 0.140055 0.390055
vt 0.140839 0.401138
vt 0.148438 0.329884
vt 0.148438 0.328125
vt 0.148438 0.368306
vt 0.148438 0.375000
vt 0.193072 0.375000
vt 0.195312 0.375000
vt 0.193303 0.343946
vt 0.193185 0.328125
vt 0.195312 0.375000
vt 0.195312 0.328125
vt 0.193303 0.343946
vt 0.148438 0.328125
vt 0.150447 0.343946
vt 0.150565 0.328125
vt 0.150447 0.343946
vt 0.148438 0.375000
vt 0.150678 0.375000
vt 0.148438 0.375000
vt 0.148438 0.466991
vt 0.148438 0.468750
vt 0.148438 0.428569
vt 0.148438 0.421875
vt 0.148438 0.324804
vt 0.148438 0.328125
vt 0.148438 0.324485
vt 0.148438 0.322505
vt 0.148438 0.299483
vt 0.148438 0.299304
vt 0.148438 0.298648
vt 0.148438 0.297507
vt 0.148438 0.319840
vt 0.148438 0.295921
vt 0.148438 0.316593
vt 0.148438 0.284572
vt 0.148438 0.312888
vt 0.148438 0.308868
vt 0.148438 0.304688
vt 0.148438 0.325704
vt 0.148438 0.325998
vt 0.148438 0.281250
vt 0.148438 0.286956
vt 0.148438 0.286948
vt 0.148438 0.286914
vt 0.148438 0.284890
vt 0.148438 0.286870
vt 0.148438 0.289535
vt 0.148438 0.292782
vt 0.148438 0.296487
vt 0.148438 0.300507
vt 0.148438 0.283671
vt 0.148438 0.283377
vt 0.148438 0.418408
vt 0.148438 0.421875
vt 0.148438 0.416133
vt 0.148438 0.416141
vt 0.148438 0.416173
vt 0.148438 0.407143
vt 0.148438 0.405568
vt 0.148438 0.404435
vt 0.148438 0.403784
vt 0.148438 0.403606
vt 0.148438 0.418235
vt 0.148438 0.416255
vt 0.148438 0.413590
vt 0.148438 0.410343
vt 0.148438 0.378466
vt 0.148438 0.406638
vt 0.148438 0.402618
vt 0.148438 0.398438
vt 0.148438 0.419454
vt 0.148438 0.419866
vt 0.148438 0.419634
vt 0.148438 0.375000
vt 0.148438 0.378640
vt 0.148438 0.380620
vt 0.148438 0.383285
vt 0.148438 0.386532
vt 0.148438 0.390237
vt 0.148438 0.394257
vt 0.148438 0.377421
vt 0.148438 0.377009
vt 0.148438 0.377241
vt 0.173556 0.323825
vt 0.076444 0.323825
vt 0.148438 0.388052
vt 0.101562 0.389530
vt 0.101562 0.386480
vt 0.145611 0.389529
vt 0.145611 0.389529
vt 0.148438 0.388052
vt 0.145611 0.407345
vt 0.145611 0.407345
vt 0.101562 0.410378
vt 0.101562 0.407346
vt 0.148438 0.408795
vt 0.148438 0.408795
vt 0.145611 0.407345
vt 0.148438 0.388052
vt 0.148438 0.294173
vt 0.104389 0.295780
vt 0.101562 0.292536
vt 0.148438 0.295780
vt 0.101562 0.316848
vt 0.104389 0.313595
vt 0.148438 0.315210
vt 0.104389 0.313595
vt 0.101562 0.316848
vt 0.101562 0.292536
vt 0.104389 0.313595
vt 0.101562 0.292536
vt 0.104389 0.295780
vt 0.148438 0.313595
vt 0.065974 0.328125
vt 0.069217 0.350059
vt 0.066185 0.375000
vt 0.069217 0.350059
vt 0.065974 0.328125
vt 0.090285 0.328125
vt 0.069217 0.350059
vt 0.090285 0.328125
vt 0.087033 0.350059
vt 0.087033 0.350059
vt 0.090285 0.328125
vt 0.087033 0.375000
vt 0.090083 0.375000
vt 0.069217 0.375000
vt 0.161489 0.375000
vt 0.180783 0.353066
vt 0.182233 0.375000
vt 0.180783 0.353066
vt 0.161489 0.375000
vt 0.162967 0.353066
vt 0.162967 0.353066
vt 0.161489 0.375000
vt 0.162967 0.328125
vt 0.161352 0.328125
vt 0.182233 0.375000
vt 0.180783 0.328125
vt 0.182390 0.328125
vt 0.180783 0.353066
vt 0.111579 0.421875
vt 0.112309 0.421875
vt 0.111731 0.421875
vt 0.148438 0.421875
vt 0.101562 0.375000
vt 0.101562 0.375000
vt 0.145250 0.421875
vt 0.148438 0.421875
vt 0.148438 0.421875
vt 0.148438 0.421875
vt 0.104750 0.421875
vt 0.101562 0.375000
vt 0.104750 0.421875
vt 0.101562 0.375000
vt 0.101562 0.375000
vt 0.111579 0.421875
vt 0.112309 0.421875
vt 0.111731 0.421875
vt 0.148438 0.328125
vt 0.104750 0.328125
vt 0.148438 0.328125
vt 0.104750 0.328125
vt 0.101562 0.281250
vt 0.101562 0.281250
vt 0.101562 0.281250
vt 0.148438 0.328125
vt 0.145250 0.328125
vt 0.148438 0.328125
vt 0.148438 0.328125
vt 0.101562 0.281250
vt 0.101562 0.281250
vt 0.145250 0.328125
vt 0.160826 0.361710
vt 0.164041 0.375000
vt 0.160921 0.375000
vt 0.164041 0.328125
vt 0.164041 0.328125
vt 0.160826 0.361710
vt 0.160842 0.359869
vt 0.164041 0.328125
vt 0.160842 0.359869
vt 0.160865 0.358546
vt 0.160928 0.357579
vt 0.160928 0.357579
vt 0.160865 0.358546
vt 0.160895 0.357787
vt 0.160928 0.328125
vt 0.172447 0.328125
vt 0.182671 0.375000
vt 0.172447 0.375000
vt 0.182771 0.361710
vt 0.182755 0.359869
vt 0.182755 0.359869
vt 0.172447 0.328125
vt 0.182730 0.358546
vt 0.182730 0.358546
vt 0.182699 0.357787
vt 0.182699 0.357787
vt 0.172447 0.328125
vt 0.182664 0.357579
vt 0.182664 0.357579
vt 0.182664 0.328125
vt 0.122260 0.413096
vt 0.122260 0.430654
vt 0.123125 0.421875
vt 0.119700 0.404654
vt 0.119700 0.439096
vt 0.115541 0.396874
vt 0.115541 0.446876
vt 0.115451 0.421875
vt 0.115451 0.421875
vt 0.115541 0.396874
vt 0.114734 0.414593
vt 0.114734 0.414593
vt 0.115541 0.396874
vt 0.109945 0.390055
vt 0.114734 0.414593
vt 0.109945 0.390055
vt 0.112610 0.407591
vt 0.112610 0.407591
vt 0.109945 0.390055
vt 0.109161 0.401138
vt 0.109161 0.401138
vt 0.109945 0.390055
vt 0.103126 0.384459
vt 0.109161 0.401138
vt 0.103126 0.384459
vt 0.104519 0.395481
vt 0.104519 0.395481
vt 0.103126 0.384459
vt 0.098862 0.390839
vt 0.095346 0.380300
vt 0.092409 0.387390
vt 0.086904 0.377740
vt 0.092409 0.387390
vt 0.086904 0.377740
vt 0.085407 0.385266
vt 0.085407 0.385266
vt 0.086904 0.377740
vt 0.078125 0.376875
vt 0.085407 0.385266
vt 0.078125 0.376875
vt 0.078125 0.384549
vt 0.069346 0.377740
vt 0.078125 0.384549
vt 0.069346 0.377740
vt 0.070843 0.385266
vt 0.070843 0.385266
vt 0.063841 0.387390
vt 0.060904 0.380300
vt 0.057388 0.390839
vt 0.053124 0.384459
vt 0.057388 0.390839
vt 0.053124 0.384459
vt 0.051731 0.395481
vt 0.051731 0.395481
vt 0.046305 0.390055
vt 0.051731 0.395481
vt 0.046305 0.390055
vt 0.047089 0.401138
vt 0.047089 0.401138
vt 0.043640 0.407591
vt 0.040709 0.396874
vt 0.043640 0.407591
vt 0.040709 0.396874
vt 0.036550 0.404654
vt 0.115541 0.446876
vt 0.114734 0.429157
vt 0.109945 0.453695
vt 0.114734 0.429157
vt 0.115541 0.446876
vt 0.115451 0.421875
vt 0.109945 0.453695
vt 0.114734 0.429157
vt 0.112610 0.436159
vt 0.109945 0.453695
vt 0.112610 0.436159
vt 0.109161 0.442612
vt 0.109945 0.453695
vt 0.109161 0.442612
vt 0.103126 0.459291
vt 0.103126 0.459291
vt 0.109161 0.442612
vt 0.104519 0.448269
vt 0.103126 0.459291
vt 0.104519 0.448269
vt 0.098862 0.452911
vt 0.095346 0.463450
vt 0.092409 0.456360
vt 0.086904 0.466010
vt 0.086904 0.466010
vt 0.092409 0.456360
vt 0.085407 0.458484
vt 0.086904 0.466010
vt 0.085407 0.458484
vt 0.078125 0.466875
vt 0.078125 0.466875
vt 0.085407 0.458484
vt 0.078125 0.459201
vt 0.070843 0.458484
vt 0.078125 0.466875
vt 0.070843 0.458484
vt 0.069346 0.466010
vt 0.069346 0.466010
vt 0.063841 0.456360
vt 0.060904 0.463450
vt 0.057388 0.452911
vt 0.060904 0.463450
vt 0.057388 0.452911
vt 0.053124 0.459291
vt 0.053124 0.459291
vt 0.057388 0.452911
vt 0.051731 0.448269
vt 0.053124 0.459291
vt 0.051731 0.448269
vt 0.046305 0.453695
vt 0.046305 0.453695
vt 0.051731 0.448269
vt 0.047089 0.442612
vt 0.047089 0.442612
vt 0.043640 0.436159
vt 0.046305 0.453695
vt 0.043640 0.436159
vt 0.040709 0.446876
vt 0.040709 0.446876
vt 0.036550 0.439096
vt 0.036550 0.404654
vt 0.041516 0.414593
vt 0.043640 0.407591
vt 0.041516 0.414593
vt 0.036550 0.404654
vt 0.040799 0.421875
vt 0.041516 0.429157
vt 0.036550 0.439096
vt 0.041516 0.429157
vt 0.040799 0.421875
vt 0.033990 0.413096
vt 0.033990 0.430654
vt 0.033125 0.421875
vt 0.146874 0.459291
vt 0.145481 0.448269
vt 0.151138 0.452911
vt 0.145481 0.448269
vt 0.146874 0.459291
vt 0.140055 0.453695
vt 0.145481 0.448269
vt 0.140055 0.453695
vt 0.140839 0.442612
vt 0.140839 0.442612
vt 0.137390 0.436159
vt 0.137390 0.436159
vt 0.140055 0.453695
vt 0.134459 0.446876
vt 0.134459 0.446876
vt 0.135266 0.429157
vt 0.134549 0.421875
vt 0.137390 0.407591
vt 0.134459 0.396874
vt 0.140839 0.401138
vt 0.134459 0.396874
vt 0.137390 0.407591
vt 0.135266 0.414593
vt 0.130300 0.439096
vt 0.130300 0.404654
vt 0.127740 0.430654
vt 0.127740 0.413096
vt 0.126875 0.421875
vt 0.216010 0.430654
vt 0.216010 0.413096
vt 0.216875 0.421875
vt 0.213450 0.439096
vt 0.213450 0.404654
vt 0.209291 0.446876
vt 0.209291 0.396874
vt 0.209201 0.421875
vt 0.208484 0.429157
vt 0.203695 0.453695
vt 0.206360 0.436159
vt 0.206360 0.436159
vt 0.203695 0.453695
vt 0.202911 0.442612
vt 0.202911 0.442612
vt 0.196876 0.459291
vt 0.202911 0.442612
vt 0.196876 0.459291
vt 0.198269 0.448269
vt 0.198269 0.448269
vt 0.196876 0.459291
vt 0.192612 0.452911
vt 0.192612 0.452911
vt 0.189096 0.463450
vt 0.186159 0.456360
vt 0.180654 0.466010
vt 0.186159 0.456360
vt 0.180654 0.466010
vt 0.179157 0.458484
vt 0.179157 0.458484
vt 0.171875 0.466875
vt 0.171875 0.459201
vt 0.163096 0.466010
vt 0.164593 0.458484
vt 0.164593 0.458484
vt 0.163096 0.466010
vt 0.157591 0.456360
vt 0.157591 0.456360
vt 0.154654 0.463450
vt 0.157591 0.456360
vt 0.154654 0.463450
vt 0.151138 0.452911
vt 0.151138 0.452911
vt 0.209291 0.396874
vt 0.208484 0.414593
vt 0.203695 0.390055
vt 0.208484 0.414593
vt 0.203695 0.390055
vt 0.206360 0.407591
vt 0.202911 0.401138
vt 0.196876 0.384459
vt 0.196876 0.384459
vt 0.202911 0.401138
vt 0.198269 0.395481
vt 0.198269 0.395481
vt 0.192612 0.390839
vt 0.189096 0.380300
vt 0.186159 0.387390
vt 0.180654 0.377740
vt 0.180654 0.377740
vt 0.186159 0.387390
vt 0.179157 0.385266
vt 0.179157 0.385266
vt 0.171875 0.376875
vt 0.171875 0.384549
vt 0.164593 0.385266
vt 0.163096 0.377740
vt 0.163096 0.377740
vt 0.164593 0.385266
vt 0.157591 0.387390
vt 0.163096 0.377740
vt 0.157591 0.387390
vt 0.154654 0.380300
vt 0.154654 0.380300
vt 0.157591 0.387390
vt 0.151138 0.390839
vt 0.154654 0.380300
vt 0.151138 0.390839
vt 0.146874 0.384459
vt 0.146874 0.384459
vt 0.145481 0.395481
vt 0.146874 0.384459
vt 0.145481 0.395481
vt 0.140055 0.390055
vt 0.140055 0.390055
vt 0.145481 0.395481
vt 0.140839 0.401138
vt 0.140839 0.401138
vt 0.218750 0.375000
vt 0.218750 0.281250
vt 0.212891 0.281250
vt 0.212891 0.375000
vt 0.207031 0.281250
vt 0.207031 0.375000
vt 0.201172 0.281250
vt 0.201172 0.375000
vt 0.195312 0.281250
vt 0.195312 0.375000
vt 0.189453 0.281250
vt 0.189453 0.375000
vt 0.183594 0.281250
vt 0.183594 0.375000
vt 0.177734 0.281250
vt 0.177734 0.375000
vt 0.171875 0.281250
vt 0.171875 0.375000
vt 0.166016 0.281250
vt 0.166016 0.375000
vt 0.160156 0.281250
vt 0.160156 0.375000
vt 0.154297 0.281250
vt 0.154297 0.375000
vt 0.148438 0.281250
vt 0.148438 0.375000
vt 0.142578 0.281250
vt 0.142578 0.375000
vt 0.136719 0.281250
vt 0.136719 0.375000
vt 0.130859 0.281250
vt 0.130859 0.375000
vt 0.125000 0.281250
vt 0.125000 0.375000
vt 0.119141 0.281250
vt 0.119141 0.375000
vt 0.113281 0.281250
vt 0.113281 0.375000
vt 0.107422 0.281250
vt 0.107422 0.375000
vt 0.101562 0.281250
vt 0.101562 0.375000
vt 0.095703 0.281250
vt 0.095703 0.375000
vt 0.089844 0.281250
vt 0.089844 0.375000
vt 0.083984 0.281250
vt 0.083984 0.375000
vt 0.078125 0.281250
vt 0.078125 0.375000
vt 0.072266 0.281250
vt 0.072266 0.375000
vt 0.066406 0.281250
vt 0.066406 0.375000
vt 0.060547 0.281250
vt 0.060547 0.375000
vt 0.054688 0.281250
vt 0.054688 0.375000
vt 0.048828 0.281250
vt 0.048828 0.375000
vt 0.042969 0.281250
vt 0.042969 0.375000
vt 0.183594 0.281250
vt 0.189453 0.281250
vt 0.189453 0.281250
vt 0.183594 0.281250
vt 0.037109 0.281250
vt 0.037109 0.375000
vt 0.031250 0.281250
vt 0.031250 0.375000
vt 0.207031 0.281250
vt 0.212891 0.281250
vt 0.212891 0.281250
vt 0.207031 0.281250
vt 0.130859 0.281250
vt 0.136719 0.281250
vt 0.136719 0.281250
vt 0.130859 0.281250
vt 0.078125 0.281250
vt 0.083984 0.281250
vt 0.083984 0.281250
vt 0.078125 0.281250
vt 0.207031 0.281250
vt 0.212891 0.281250
vt 0.212891 0.281250
vt 0.207031 0.281250
vt 0.154297 0.281250
vt 0.160156 0.281250
vt 0.160156 0.281250
vt 0.154297 0.281250
vt 0.101562 0.281250
vt 0.107422 0.281250
vt 0.107422 0.281250
vt 0.101562 0.281250
vt 0.048828 0.281250
vt 0.054688 0.281250
vt 0.054688 0.281250
vt 0.048828 0.281250
vt 0.177734 0.281250
vt 0.177734 0.281250
vt 0.125000 0.281250
vt 0.125000 0.281250
vt 0.072266 0.281250
vt 0.072266 0.281250
vt 0.201172 0.281250
vt 0.201172 0.281250
vt 0.148438 0.281250
vt 0.148438 0.281250
vt 0.095703 0.281250
vt 0.095703 0.281250
vt 0.042969 0.281250
vt 0.042969 0.281250
vt 0.171875 0.281250
vt 0.171875 0.281250
vt 0.119141 0.281250
vt 0.119141 0.281250
vt 0.066406 0.281250
vt 0.066406 0.281250
vt 0.195312 0.281250
vt 0.195312 0.281250
vt 0.142578 0.281250
vt 0.142578 0.281250
vt 0.089844 0.281250
vt 0.089844 0.281250
vt 0.037109 0.281250
vt 0.037109 0.281250
vt 0.166016 0.281250
vt 0.166016 0.281250
vt 0.113281 0.281250
vt 0.113281 0.281250
vt 0.060547 0.281250
vt 0.060547 0.281250
vt 0.218750 0.281250
vt 0.218750 0.281250
vt 0.031250 0.281250
vt 0.031250 0.281250
vt 0.048828 0.281250
vt 0.054688 0.281250
vt 0.054688 0.281250
vt 0.048828 0.281250
vt 0.125000 0.281250
vt 0.130859 0.281250
vt 0.130859 0.281250
vt 0.125000 0.281250
vt 0.201172 0.281250
vt 0.201172 0.281250
vt 0.042969 0.281250
vt 0.042969 0.281250
vt 0.119141 0.281250
vt 0.119141 0.281250
vt 0.195312 0.281250
vt 0.195312 0.281250
vt 0.037109 0.281250
vt 0.037109 0.281250
vt 0.113281 0.281250
vt 0.113281 0.281250
vt 0.189453 0.281250
vt 0.189453 0.281250
vt 0.031250 0.281250
vt 0.031250 0.281250
vt 0.107422 0.281250
vt 0.107422 0.281250
vt 0.183594 0.281250
vt 0.183594 0.281250
vt 0.101562 0.281250
vt 0.101562 0.281250
vt 0.177734 0.281250
vt 0.177734 0.281250
vt 0.095703 0.281250
vt 0.095703 0.281250
vt 0.171875 0.281250
vt 0.171875 0.281250
vt 0.089844 0.281250
vt 0.089844 0.281250
vt 0.166016 0.281250
vt 0.166016 0.281250
vt 0.083984 0.281250
vt 0.083984 0.281250
vt 0.160156 0.281250
vt 0.160156 0.281250
vt 0.078125 0.281250
vt 0.078125 0.281250
vt 0.154297 0.281250
vt 0.154297 0.281250
vt 0.072266 0.281250
vt 0.072266 0.281250
vt 0.148438 0.281250
vt 0.148438 0.281250
vt 0.066406 0.281250
vt 0.066406 0.281250
vt 0.142578 0.281250
vt 0.142578 0.281250
vt 0.060547 0.281250
vt 0.060547 0.281250
vt 0.136719 0.281250
vt 0.136719 0.281250
vt 0.218750 0.281250
vt 0.218750 0.281250
vt 0.218750 0.375000
vt 0.218750 0.281250
vt 0.212891 0.281250
vt 0.212891 0.375000
vt 0.207031 0.281250
vt 0.207031 0.375000
vt 0.201172 0.281250
vt 0.201172 0.375000
vt 0.195312 0.281250
vt 0.195312 0.375000
vt 0.189453 0.281250
vt 0.189453 0.375000
vt 0.183594 0.281250
vt 0.183594 0.375000
vt 0.177734 0.281250
vt 0.177734 0.375000
vt 0.171875 0.281250
vt 0.171875 0.375000
vt 0.166016 0.281250
vt 0.166016 0.375000
vt 0.160156 0.281250
vt 0.160156 0.375000
vt 0.154297 0.281250
vt 0.154297 0.375000
vt 0.148438 0.281250
vt 0.148438 0.375000
vt 0.142578 0.281250
vt 0.142578 0.375000
vt 0.136719 0.281250
vt 0.136719 0.375000
vt 0.130859 0.281250
vt 0.130859 0.375000
vt 0.125000 0.281250
vt 0.125000 0.375000
vt 0.119141 0.281250
vt 0.119141 0.375000
vt 0.113281 0.281250
vt 0.113281 0.375000
vt 0.107422 0.281250
vt 0.107422 0.375000
vt 0.101562 0.281250
vt 0.101562 0.375000
vt 0.095703 0.281250
vt 0.095703 0.375000
vt 0.089844 0.281250
vt 0.089844 0.375000
vt 0.083984 0.281250
vt 0.083984 0.375000
vt 0.078125 0.281250
vt 0.078125 0.375000
vt 0.072266 0.281250
vt 0.072266 0.375000
vt 0.066406 0.281250
vt 0.066406 0.375000
vt 0.060547 0.281250
vt 0.060547 0.375000
vt 0.054688 0.281250
vt 0.054688 0.375000
vt 0.048828 0.281250
vt 0.048828 0.375000
vt 0.042969 0.281250
vt 0.042969 0.375000
vt 0.037109 0.281250
vt 0.037109 0.375000
vt 0.031250 0.281250
vt 0.031250 0.375000
vt 0.218750 0.375000
vt 0.218750 0.281250
vt 0.212891 0.281250
vt 0.212891 0.375000
vt 0.207031 0.281250
vt 0.207031 0.375000
vt 0.201172 0.281250
vt 0.201172 0.375000
vt 0.195312 0.281250
vt 0.195312 0.375000
vt 0.189453 0.281250
vt 0.189453 0.375000
vt 0.183594 0.281250
vt 0.183594 0.375000
vt 0.177734 0.281250
vt 0.177734 0.375000
vt 0.171875 0.281250
vt 0.171875 0.375000
vt 0.166016 0.281250
vt 0.166016 0.375000
vt 0.160156 0.281250
vt 0.160156 0.375000
vt 0.154297 0.281250
vt 0.154297 0.375000
vt 0.148438 0.281250
vt 0.148438 0.375000
vt 0.142578 0.281250
vt 0.142578 0.375000
vt 0.136719 0.281250
vt 0.136719 0.375000
vt 0.130859 0.281250
vt 0.130859 0.375000
vt 0.125000 0.281250
vt 0.125000 0.375000
vt 0.119141 0.281250
vt 0.119141 0.375000
vt 0.113281 0.281250
vt 0.113281 0.375000
vt 0.107422 0.281250
vt 0.107422 0.375000
vt 0.101562 0.281250
vt 0.101562 0.375000
vt 0.095703 0.281250
vt 0.095703 0.375000
vt 0.089844 0.281250
vt 0.089844 0.375000
vt 0.083984 0.281250
vt 0.083984 0.375000
vt 0.078125 0.281250
vt 0.078125 0.375000
vt 0.072266 0.281250
vt 0.072266 0.375000
vt 0.066406 0.281250
vt 0.066406 0.375000
vt 0.060547 0.281250
vt 0.060547 0.375000
vt 0.054688 0.281250
vt 0.054688 0.375000
vt 0.048828 0.281250
vt 0.048828 0.375000
vt 0.042969 0.281250
vt 0.042969 0.375000
vt 0.037109 0.281250
vt 0.037109 0.375000
vt 0.031250 0.281250
vt 0.031250 0.375000
vt 0.195312 0.375000
vt 0.189453 0.375000
vt 0.189453 0.375000
vt 0.195312 0.375000
vt 0.142578 0.375000
vt 0.136719 0.375000
vt 0.136719 0.375000
vt 0.142578 0.375000
vt 0.089844 0.375000
vt 0.083984 0.375000
vt 0.083984 0.375000
vt 0.089844 0.375000
vt 0.212891 0.375000
vt 0.218750 0.375000
vt 0.037109 0.375000
vt 0.031250 0.375000
vt 0.031250 0.375000
vt 0.037109 0.375000
vt 0.166016 0.375000
vt 0.160156 0.375000
vt 0.160156 0.375000
vt 0.166016 0.375000
vt 0.113281 0.375000
vt 0.107422 0.375000
vt 0.107422 0.375000
vt 0.113281 0.375000
vt 0.060547 0.375000
vt 0.054688 0.375000
vt 0.054688 0.375000
vt 0.060547 0.375000
vt 0.183594 0.375000
vt 0.183594 0.375000
vt 0.130859 0.375000
vt 0.130859 0.375000
vt 0.078125 0.375000
vt 0.078125 0.375000
vt 0.212891 0.375000
vt 0.207031 0.375000
vt 0.207031 0.375000
vt 0.212891 0.375000
vt 0.154297 0.375000
vt 0.154297 0.375000
vt 0.101562 0.375000
vt 0.101562 0.375000
vt 0.048828 0.375000
vt 0.048828 0.375000
vt 0.177734 0.375000
vt 0.177734 0.375000
vt 0.125000 0.375000
vt 0.130859 0.375000
vt 0.072266 0.375000
vt 0.072266 0.375000
vt 0.201172 0.375000
vt 0.201172 0.375000
vt 0.148438 0.375000
vt 0.148438 0.375000
vt 0.095703 0.375000
vt 0.095703 0.375000
vt 0.042969 0.375000
vt 0.042969 0.375000
vt 0.171875 0.375000
vt 0.171875 0.375000
vt 0.125000 0.375000
vt 0.119141 0.375000
vt 0.119141 0.375000
vt 0.125000 0.375000
vt 0.066406 0.375000
vt 0.066406 0.375000
vt 0.163096 0.466010
vt 0.180654 0.466010
vt 0.171875 0.466875
vt 0.180654 0.466010
vt 0.163096 0.466010
vt 0.154654 0.463450
vt 0.180654 0.466010
vt 0.154654 0.463450
vt 0.189096 0.463450
vt 0.189096 0.463450
vt 0.154654 0.463450
vt 0.146874 0.459291
vt 0.189096 0.463450
vt 0.146874 0.459291
vt 0.196876 0.459291
vt 0.196876 0.459291
vt 0.146874 0.459291
vt 0.140055 0.453695
vt 0.203695 0.453695
vt 0.203695 0.453695
vt 0.140055 0.453695
vt 0.134459 0.446876
vt 0.209291 0.446876
vt 0.209291 0.446876
vt 0.134459 0.446876
vt 0.130300 0.439096
vt 0.209291 0.446876
vt 0.130300 0.439096
vt 0.213450 0.439096
vt 0.213450 0.439096
vt 0.130300 0.439096
vt 0.127740 0.430654
vt 0.216010 0.430654
vt 0.216010 0.430654
vt 0.127740 0.430654
vt 0.126875 0.421875
vt 0.216875 0.421875
vt 0.216875 0.421875
vt 0.126875 0.421875
vt 0.127740 0.413096
vt 0.216010 0.413096
vt 0.216010 0.413096
vt 0.127740 0.413096
vt 0.130300 0.404654
vt 0.213450 0.404654
vt 0.213450 0.404654
vt 0.130300 0.404654
vt 0.134459 0.396874
vt 0.213450 0.404654
vt 0.134459 0.396874
vt 0.209291 0.396874
vt 0.209291 0.396874
vt 0.134459 0.396874
vt 0.140055 0.390055
vt 0.203695 0.390055
vt 0.203695 0.390055
vt 0.140055 0.390055
vt 0.146874 0.384459
vt 0.196876 0.384459
vt 0.196876 0.384459
vt 0.146874 0.384459
vt 0.154654 0.380300
vt 0.189096 0.380300
vt 0.189096 0.380300
vt 0.154654 0.380300
vt 0.163096 0.377740
vt 0.180654 0.377740
vt 0.180654 0.377740
vt 0.163096 0.377740
vt 0.171875 0.376875
vt 0.086904 0.466010
vt 0.069346 0.466010
vt 0.078125 0.466875
vt 0.069346 0.466010
vt 0.086904 0.466010
vt 0.095346 0.463450
vt 0.069346 0.466010
vt 0.095346 0.463450
vt 0.060904 0.463450
vt 0.060904 0.463450
vt 0.095346 0.463450
vt 0.103126 0.459291
vt 0.060904 0.463450
vt 0.103126 0.459291
vt 0.053124 0.459291
vt 0.053124 0.459291
vt 0.103126 0.459291
vt 0.109945 0.453695
vt 0.046305 0.453695
vt 0.046305 0.453695
vt 0.109945 0.453695
vt 0.115541 0.446876
vt 0.040709 0.446876
vt 0.040709 0.446876
vt 0.115541 0.446876
vt 0.119700 0.439096
vt 0.036550 0.439096
vt 0.036550 0.439096
vt 0.119700 0.439096
vt 0.122260 0.430654
vt 0.033990 0.430654
vt 0.033990 0.430654
vt 0.122260 0.430654
vt 0.123125 0.421875
vt 0.033125 0.421875
vt 0.033125 0.421875
vt 0.123125 0.421875
vt 0.122260 0.413096
vt 0.033990 0.413096
vt 0.033990 0.413096
vt 0.122260 0.413096
vt 0.119700 0.404654
vt 0.036550 0.404654
vt 0.036550 0.404654
vt 0.119700 0.404654
vt 0.115541 0.396874
vt 0.040709 0.396874
vt 0.040709 0.396874
vt 0.115541 0.396874
vt 0.109945 0.390055
vt 0.046305 0.390055
vt 0.046305 0.390055
vt 0.109945 0.390055
vt 0.103126 0.384459
vt 0.053124 0.384459
vt 0.053124 0.384459
vt 0.103126 0.384459
vt 0.095346 0.380300
vt 0.060904 0.380300
vt 0.060904 0.380300
vt 0.095346 0.380300
vt 0.086904 0.377740
vt 0.069346 0.377740
vt 0.069346 0.377740
vt 0.086904 0.377740
vt 0.078125 0.376875
vt 0.122260 0.413096
vt 0.122260 0.430654
vt 0.123125 0.421875
vt 0.119700 0.404654
vt 0.119700 0.439096
vt 0.115541 0.396874
vt 0.115541 0.446876
vt 0.109945 0.390055
vt 0.109945 0.453695
vt 0.103126 0.384459
vt 0.103126 0.459291
vt 0.095346 0.380300
vt 0.095346 0.463450
vt 0.086904 0.377740
vt 0.086904 0.466010
vt 0.078125 0.376875
vt 0.078125 0.466875
vt 0.069346 0.377740
vt 0.069346 0.466010
vt 0.060904 0.380300
vt 0.060904 0.463450
vt 0.053124 0.384459
vt 0.053124 0.459291
vt 0.046305 0.390055
vt 0.046305 0.453695
vt 0.040709 0.396874
vt 0.040709 0.446876
vt 0.036550 0.404654
vt 0.036550 0.439096
vt 0.033990 0.413096
vt 0.033990 0.430654
vt 0.033125 0.421875
vt 0.216010 0.430654
vt 0.216010 0.413096
vt 0.216875 0.421875
vt 0.213450 0.439096
vt 0.213450 0.404654
vt 0.209291 0.446876
vt 0.209291 0.396874
vt 0.203695 0.453695
vt 0.203695 0.390055
vt 0.196876 0.459291
vt 0.196876 0.384459
vt 0.189096 0.463450
vt 0.189096 0.380300
vt 0.180654 0.466010
vt 0.180654 0.377740
vt 0.171875 0.466875
vt 0.171875 0.376875
vt 0.163096 0.466010
vt 0.163096 0.377740
vt 0.154654 0.463450
vt 0.154654 0.380300
vt 0.146874 0.459291
vt 0.146874 0.384459
vt 0.140055 0.453695
vt 0.140055 0.390055
vt 0.134459 0.446876
vt 0.134459 0.396874
vt 0.130300 0.439096
vt 0.130300 0.404654
vt 0.127740 0.430654
vt 0.127740 0.413096
vt 0.126875 0.421875
vt 0.122260 0.413096
vt 0.122260 0.430654
vt 0.123125 0.421875
vt 0.122260 0.430654
vt 0.122260 0.413096
vt 0.119700 0.404654
vt 0.119700 0.439096
vt 0.119700 0.439096
vt 0.119700 0.404654
vt 0.115541 0.396874
vt 0.119700 0.439096
vt 0.115541 0.396874
vt 0.115541 0.446876
vt 0.115541 0.446876
vt 0.115541 0.396874
vt 0.109945 0.390055
vt 0.109945 0.453695
vt 0.109945 0.453695
vt 0.109945 0.390055
vt 0.103126 0.384459
vt 0.109945 0.453695
vt 0.103126 0.384459
vt 0.103126 0.459291
vt 0.103126 0.459291
vt 0.103126 0.384459
vt 0.095346 0.380300
vt 0.103126 0.459291
vt 0.095346 0.380300
vt 0.095346 0.463450
vt 0.095346 0.463450
vt 0.095346 0.380300
vt 0.086904 0.377740
vt 0.086904 0.466010
vt 0.086904 0.466010
vt 0.086904 0.377740
vt 0.078125 0.376875
vt 0.078125 0.466875
vt 0.069346 0.377740
vt 0.069346 0.466010
vt 0.069346 0.466010
vt 0.069346 0.377740
vt 0.060904 0.380300
vt 0.060904 0.463450
vt 0.060904 0.463450
vt 0.060904 0.380300
vt 0.053124 0.384459
vt 0.053124 0.459291
vt 0.053124 0.459291
vt 0.053124 0.384459
vt 0.046305 0.390055
vt 0.053124 0.459291
vt 0.046305 0.390055
vt 0.046305 0.453695
vt 0.046305 0.453695
vt 0.046305 0.390055
vt 0.040709 0.396874
vt 0.040709 0.446876
vt 0.040709 0.446876
vt 0.040709 0.396874
vt 0.036550 0.404654
vt 0.040709 0.446876
vt 0.036550 0.404654
vt 0.036550 0.439096
vt 0.033990 0.413096
vt 0.036550 0.439096
vt 0.033990 0.413096
vt 0.033990 0.430654
vt 0.033990 0.430654
vt 0.033990 0.413096
vt 0.033125 0.421875
vt 0.180654 0.377740
vt 0.163096 0.377740
vt 0.171875 0.376875
vt 0.163096 0.377740
vt 0.180654 0.377740
vt 0.189096 0.380300
vt 0.163096 0.377740
vt 0.189096 0.380300
vt 0.154654 0.380300
vt 0.154654 0.380300
vt 0.189096 0.380300
vt 0.196876 0.384459
vt 0.154654 0.380300
vt 0.196876 0.384459
vt 0.146874 0.384459
vt 0.146874 0.384459
vt 0.196876 0.384459
vt 0.203695 0.390055
vt 0.146874 0.384459
vt 0.203695 0.390055
vt 0.140055 0.390055
vt 0.140055 0.390055
vt 0.203695 0.390055
vt 0.209291 0.396874
vt 0.140055 0.390055
vt 0.209291 0.396874
vt 0.134459 0.396874
vt 0.134459 0.396874
vt 0.209291 0.396874
vt 0.213450 0.404654
vt 0.134459 0.396874
vt 0.213450 0.404654
vt 0.130300 0.404654
vt 0.130300 0.404654
vt 0.213450 0.404654
vt 0.216010 0.413096
vt 0.130300 0.404654
vt 0.216010 0.413096
vt 0.127740 0.413096
vt 0.127740 0.413096
vt 0.216010 0.413096
vt 0.216875 0.421875
vt 0.127740 0.413096
vt 0.216875 0.421875
vt 0.126875 0.421875
vt 0.126875 0.421875
vt 0.216875 0.421875
vt 0.216010 0.430654
vt 0.126875 0.421875
vt 0.216010 0.430654
vt 0.127740 0.430654
vt 0.127740 0.430654
vt 0.216010 0.430654
vt 0.213450 0.439096
vt 0.127740 0.430654
vt 0.213450 0.439096
vt 0.130300 0.439096
vt 0.130300 0.439096
vt 0.213450 0.439096
vt 0.209291 0.446876
vt 0.130300 0.439096
vt 0.209291 0.446876
vt 0.134459 0.446876
vt 0.134459 0.446876
vt 0.209291 0.446876
vt 0.203695 0.453695
vt 0.134459 0.446876
vt 0.203695 0.453695
vt 0.140055 0.453695
vt 0.140055 0.453695
vt 0.203695 0.453695
vt 0.196876 0.459291
vt 0.140055 0.453695
vt 0.196876 0.459291
vt 0.146874 0.459291
vt 0.146874 0.459291
vt 0.196876 0.459291
vt 0.189096 0.463450
vt 0.146874 0.459291
vt 0.189096 0.463450
vt 0.154654 0.463450
vt 0.154654 0.463450
vt 0.189096 0.463450
vt 0.180654 0.466010
vt 0.154654 0.463450
vt 0.180654 0.466010
vt 0.163096 0.466010
vt 0.163096 0.466010
vt 0.180654 0.466010
vt 0.171875 0.466875
vt 0.351562 0.468750
vt 0.398438 0.468750
vt 0.398438 0.421875
vt 0.351562 0.421875
vt 0.351562 0.421875
vt 0.398438 0.421875
vt 0.398438 0.375000
vt 0.351562 0.375000
vt 0.351562 0.375000
vt 0.398438 0.375000
vt 0.398438 0.328125
vt 0.351562 0.328125
vt 0.281250 0.468750
vt 0.281250 0.468750
vt 0.281250 0.468750
vt 0.281250 0.468750
vt 0.281250 0.468750
vt 0.281250 0.468750
vt 0.304688 0.375000
vt 0.351562 0.375000
vt 0.351562 0.328125
vt 0.304688 0.328125
vt 0.398438 0.375000
vt 0.445312 0.375000
vt 0.445312 0.328125
vt 0.398438 0.328125
vt 0.398438 0.328125
vt 0.445312 0.328125
vt 0.445312 0.328125
vt 0.398438 0.328125
vt 0.351562 0.328125
vt 0.398438 0.328125
vt 0.351562 0.328125
vt 0.398438 0.468750
vt 0.351562 0.468750
vt 0.351562 0.468750
vt 0.398438 0.468750
vt 0.351562 0.328125
vt 0.304688 0.328125
vt 0.304688 0.328125
vt 0.351562 0.328125
vt 0.351562 0.328125
vt 0.304688 0.328125
vt 0.351562 0.328125
vt 0.304688 0.328125
vt 0.351562 0.328125
vt 0.398438 0.468750
vt 0.351562 0.468750
vt 0.351562 0.468750
vt 0.398438 0.468750
vt 0.351562 0.328125
vt 0.304688 0.328125
vt 0.398438 0.468750
vt 0.351562 0.468750
vt 0.351562 0.468750
vt 0.398438 0.468750
vt 0.445312 0.328125
vt 0.398438 0.328125
vt 0.351562 0.328125
vt 0.398438 0.328125
vt 0.398438 0.328125
vt 0.351562 0.328125
vt 0.351562 0.328125
vt 0.398438 0.328125
vt 0.398438 0.281250
vt 0.351562 0.281250
vt 0.351562 0.468750
vt 0.398438 0.468750
vt 0.445312 0.328125
vt 0.398438 0.328125
vt 0.398438 0.328125
vt 0.351562 0.328125
vt 0.445312 0.328125
vt 0.398438 0.328125
vt 0.398438 0.328125
vt 0.445312 0.328125
vt 0.281250 0.468750
vt 0.281250 0.468750
vt 0.281250 0.468750
vt 0.281250 0.468750
vt 0.281250 0.468750
vt 0.281250 0.468750
vt 0.398438 0.328125
vt 0.445312 0.328125
vt 0.445312 0.328125
vt 0.398438 0.328125
vt 0.398438 0.328125
vt 0.398438 0.328125
vt 0.398438 0.328125
vt 0.398438 0.328125
vt 0.445312 0.328125
vt 0.445312 0.328125
vt 0.445312 0.328125
vt 0.445312 0.328125
vt 0.398438 0.328125
vt 0.445312 0.328125
vt 0.445312 0.328125
vt 0.398438 0.328125
vt 0.281250 0.468750
vt 0.281250 0.468750
vt 0.281250 0.468750
vt 0.281250 0.468750
vt 0.281250 0.468750
vt 0.281250 0.468750
vt 0.281250 0.468750
vt 0.281250 0.468750
vt 0.281250 0.468750
vt 0.281250 0.468750
vt 0.281250 0.468750
vt 0.281250 0.468750
vt 0.281250 0.468750
vt 0.281250 0.468750
vt 0.281250 0.468750
vt 0.281250 0.468750
vt 0.281250 0.468750
vt 0.281250 0.468750
vt 0.281250 0.468750
vt 0.281250 0.468750
vt 0.281250 0.468750
vt 0.281250 0.468750
vt 0.281250 0.468750
vt 0.281250 0.468750
vt 0.304688 0.375000
vt 0.351562 0.375000
vt 0.351562 0.328125
vt 0.304688 0.328125
vt 0.421875 0.351562
vt 0.445312 0.351562
vt 0.445312 0.328125
vt 0.421875 0.328125
vt 0.398438 0.351562
vt 0.421875 0.351562
vt 0.421875 0.328125
vt 0.398438 0.328125
vt 0.398438 0.375000
vt 0.421875 0.375000
vt 0.421875 0.375000
vt 0.445312 0.375000
vt 0.351562 0.468750
vt 0.398438 0.468750
vt 0.398438 0.421875
vt 0.351562 0.421875
vt 0.351562 0.421875
vt 0.398438 0.421875
vt 0.398438 0.375000
vt 0.351562 0.375000
vt 0.398438 0.375000
vt 0.398438 0.328125
vt 0.398438 0.328125
vt 0.398438 0.375000
vt 0.351562 0.328125
vt 0.398438 0.328125
vt 0.398438 0.281250
vt 0.351562 0.281250
vt 0.304688 0.375000
vt 0.351562 0.375000
vt 0.351562 0.328125
vt 0.304688 0.328125
vt 0.445312 0.375000
vt 0.445312 0.328125
vt 0.351562 0.375000
vt 0.398438 0.375000
vt 0.398438 0.328125
vt 0.351562 0.328125
vt 0.351562 0.375000
vt 0.398438 0.375000
vt 0.398438 0.375000
vt 0.398438 0.375000
vt 0.351562 0.375000
vt 0.398438 0.328125
vt 0.351562 0.328125
vt 0.351562 0.328125
vt 0.398438 0.328125
vt 0.351562 0.328125
vt 0.398438 0.328125
vt 0.351562 0.375000
vt 0.351562 0.328125
vt 0.398438 0.445312
vt 0.351562 0.468750
vt 0.398438 0.468750
vt 0.351562 0.421875
vt 0.398438 0.421875
vt 0.398438 0.421875
vt 0.351562 0.375000
vt 0.351562 0.421875
vt 0.398438 0.375000
vt 0.398438 0.398438
vt 0.351562 0.375000
vt 0.398438 0.328125
vt 0.351562 0.328125
vt 0.398438 0.351562
vt 0.398438 0.375000
vt 0.398438 0.328125
vt 0.351562 0.281250
vt 0.351562 0.328125
vt 0.398438 0.281250
vt 0.398438 0.304688
vn 0.466359 -0.871142 -0.153694
vn 0.583016 -0.736368 -0.343299
vn 0.553491 -0.816084 -0.166297
vn -1.000000 0.000000 -0.000000
vn -0.985195 0.154508 0.074282
vn -0.996059 0.088688 -0.000322
vn -1.000000 0.000000 -0.000000
vn -0.853431 0.521206 -0.000300
vn -0.765940 0.631802 0.119006
vn -0.768021 0.624040 0.143939
vn -0.877436 0.479693 -0.000000
vn 0.985273 0.153988 0.074329
vn 1.000000 0.000000 -0.000000
vn 1.000000 0.000000 -0.000000
vn 0.996201 0.087088 -0.000293
vn -0.805279 0.583271 0.106398
vn -0.854830 0.518908 -0.000501
vn -0.192481 0.827098 0.528071
vn 0.192466 0.827092 0.528087
vn 0.104316 0.818238 0.565336
vn -0.104316 0.818281 0.565273
vn 0.139886 0.990168 -0.000455
vn -0.139923 0.990162 -0.000199
vn -0.110962 0.990930 0.075800
vn 0.110988 0.990927 0.075802
vn 0.095371 0.829334 0.550554
vn -0.095466 0.829293 0.550600
vn -0.465053 0.801469 0.375996
vn -0.670501 0.646921 0.363209
vn -0.349591 0.788004 0.506789
vn -0.898286 0.425060 0.111381
vn -0.670541 0.646907 0.363161
vn -0.465109 0.801463 0.375941
vn -0.886911 0.396205 0.237509
vn -0.670543 0.646894 0.363180
vn 0.766800 0.630755 0.119020
vn 0.465066 0.801472 0.375974
vn 0.670533 0.646900 0.363188
vn 0.898938 0.423702 0.111299
vn 0.192549 0.827084 0.528069
vn 0.349597 0.787998 0.506795
vn 0.670487 0.646913 0.363250
vn 0.465044 0.801468 0.376010
vn 0.886911 0.396207 0.237505
vn -0.671805 0.695306 0.255399
vn -0.313555 0.907435 0.279725
vn -0.468427 0.879111 0.087981
vn -0.061892 0.944167 0.323602
vn -0.313472 0.907453 0.279759
vn -0.169325 0.845018 0.507222
vn -0.468364 0.879140 0.088018
vn -0.313471 0.907467 0.279712
vn -0.061895 0.944179 0.323567
vn 0.805285 0.583263 0.106398
vn 0.468394 0.879127 0.087996
vn 0.313525 0.907450 0.279709
vn 0.671806 0.695315 0.255372
vn 0.061897 0.944177 0.323572
vn 0.169323 0.845018 0.507222
vn 0.313463 0.907459 0.279749
vn 0.061886 0.944162 0.323617
vn -0.950773 0.309886 -0.000675
vn 0.768062 0.623987 0.143947
vn 0.425779 0.806774 0.409668
vn -0.426067 0.806719 0.409476
vn -0.425996 0.806730 0.409529
vn -0.277129 0.960833 -0.000497
vn -0.741782 0.670641 -0.001001
vn 0.277110 0.960838 -0.000899
vn 0.741773 0.670650 -0.001003
vn 0.854837 0.518896 -0.000649
vn 1.000000 -0.000017 -0.000028
vn 0.996541 -0.083096 0.000355
vn 0.984863 -0.154995 -0.077597
vn 1.000000 -0.000704 -0.000003
vn 0.855188 -0.518318 0.000322
vn 0.876716 -0.481009 0.000000
vn 0.777321 -0.613583 -0.138880
vn 0.762705 -0.634980 -0.122808
vn -1.000000 -0.000697 -0.000029
vn -0.985063 -0.153704 -0.077623
vn -0.996899 -0.078694 0.000397
vn -1.000000 -0.000253 -0.000003
vn 0.858628 -0.512600 0.000500
vn 0.803083 -0.586720 -0.104005
vn 0.187408 -0.827088 -0.529909
vn 0.105415 -0.818481 -0.564781
vn -0.105463 -0.818498 -0.564746
vn -0.187463 -0.826506 -0.530798
vn -0.142991 -0.989724 0.000431
vn -0.112974 -0.990687 -0.075999
vn 0.112996 -0.990685 -0.075997
vn 0.143019 -0.989720 0.000200
vn 0.097450 -0.828763 -0.551050
vn -0.097079 -0.828955 -0.550826
vn 0.325499 -0.795572 -0.510994
vn 0.663781 -0.647107 -0.375031
vn 0.466635 -0.801198 -0.374612
vn 0.466741 -0.801162 -0.374555
vn 0.663823 -0.647099 -0.374969
vn 0.895411 -0.430899 -0.112098
vn 0.663812 -0.647103 -0.374982
vn 0.888368 -0.394195 -0.235400
vn -0.764787 -0.632471 -0.122804
vn -0.897317 -0.426914 -0.112104
vn -0.663836 -0.647088 -0.374965
vn -0.466683 -0.801181 -0.374589
vn -0.187552 -0.827114 -0.529818
vn -0.466667 -0.801173 -0.374624
vn -0.663778 -0.647108 -0.375033
vn -0.325490 -0.795583 -0.510984
vn -0.888360 -0.394199 -0.235423
vn 0.710384 -0.701693 -0.054599
vn 0.591418 -0.784525 -0.186402
vn 0.694087 -0.675789 -0.248097
vn 0.162703 -0.849555 -0.501781
vn 0.113009 -0.937320 -0.329637
vn 0.056886 -0.943988 -0.325038
vn 0.056901 -0.944010 -0.324972
vn 0.112998 -0.937341 -0.329581
vn 0.167205 -0.979180 -0.115107
vn -0.803087 -0.586715 -0.104002
vn -0.694089 -0.675789 -0.248093
vn -0.591417 -0.784520 -0.186428
vn -0.710373 -0.701705 -0.054597
vn -0.167186 -0.979185 -0.115086
vn -0.112998 -0.937347 -0.329562
vn -0.056904 -0.944009 -0.324975
vn -0.056889 -0.943983 -0.325053
vn -0.113002 -0.937322 -0.329634
vn -0.162682 -0.849564 -0.501773
vn 0.953968 -0.299908 0.000761
vn -0.418536 -0.811240 -0.408311
vn -0.777106 -0.613860 -0.138856
vn 0.418563 -0.811243 -0.408277
vn 0.418484 -0.811252 -0.408340
vn 0.283205 -0.959059 0.000499
vn 0.751951 -0.659219 0.000898
vn -0.283204 -0.959060 0.000498
vn -0.751935 -0.659236 0.001161
vn -0.858634 -0.512589 0.000628
vn 0.091213 -0.494306 0.864490
vn 0.089327 -0.480681 0.872334
vn 0.094214 -0.478894 0.872802
vn 0.088405 -0.495695 0.863986
vn 0.089295 -0.480719 0.872316
vn 0.003493 -0.508910 0.860813
vn 0.003620 -0.508893 0.860822
vn 0.094180 -0.478909 0.872798
vn -0.089322 -0.480703 0.872322
vn -0.091197 -0.494316 0.864486
vn -0.088398 -0.495699 0.863984
vn -0.094202 -0.478871 0.872816
vn -0.003498 -0.508903 0.860817
vn -0.003502 -0.508911 0.860812
vn 0.000327 -0.000258 -1.000000
vn 0.000327 -0.000258 -1.000000
vn 0.000327 -0.000258 -1.000000
vn 0.000488 -0.000456 -1.000000
vn 0.000488 -0.000456 -1.000000
vn 0.000488 -0.000456 -1.000000
vn 0.000571 -0.000195 -1.000000
vn 0.000571 -0.000195 -1.000000
vn 0.000571 -0.000195 -1.000000
vn 0.000535 -0.000041 -1.000000
vn 0.000411 -0.000215 -1.000000
vn 0.000535 -0.000041 -1.000000
vn 0.000067 -0.000196 -1.000000
vn 0.000067 -0.000196 -1.000000
vn 0.000067 -0.000196 -1.000000
vn -0.000009 -0.000706 -1.000000
vn -0.000009 -0.000706 -1.000000
vn 0.000230 -0.000470 -1.000000
vn 0.000489 -0.000397 -1.000000
vn 0.000489 -0.000397 -1.000000
vn 0.000489 -0.000397 -1.000000
vn 0.000382 -0.000144 -1.000000
vn 0.000382 -0.000144 -1.000000
vn 0.000382 -0.000144 -1.000000
vn -0.000194 -0.000579 -1.000000
vn -0.000194 -0.000579 -1.000000
vn -0.000194 -0.000579 -1.000000
vn 0.000172 -0.000230 -1.000000
vn -0.000144 -0.000344 -1.000000
vn 0.000172 -0.000230 -1.000000
vn -0.000316 -0.000257 -1.000000
vn -0.000316 -0.000257 -1.000000
vn -0.000316 -0.000257 -1.000000
vn -0.000606 -0.000321 -1.000000
vn -0.000606 -0.000321 -1.000000
vn -0.000606 -0.000321 -1.000000
vn 0.000202 -0.000000 -1.000000
vn 0.000202 -0.000000 -1.000000
vn 0.000202 -0.000000 -1.000000
vn 0.000418 -0.000026 -1.000000
vn 0.000418 -0.000026 -1.000000
vn 0.000418 -0.000026 -1.000000
vn 0.000208 -0.000307 -1.000000
vn 0.000291 -0.000123 -1.000000
vn 0.000291 -0.000123 -1.000000
vn 0.000226 -0.000407 -1.000000
vn 0.000044 0.000036 -1.000000
vn 0.000226 -0.000407 -1.000000
vn 0.000052 -0.000093 -1.000000
vn 0.000383 -0.000143 -1.000000
vn 0.000383 -0.000143 -1.000000
vn 0.000028 0.000051 -1.000000
vn 0.000028 0.000051 -1.000000
vn 0.000028 0.000051 -1.000000
vn 0.000000 -0.000205 -1.000000
vn 0.000000 -0.000205 -1.000000
vn 0.000000 -0.000205 -1.000000
vn 0.000000 -0.000205 -1.000000
vn -0.838156 -0.370387 -0.400385
vn -0.838146 -0.370401 -0.400393
vn -0.838149 -0.370456 -0.400336
vn -0.838180 -0.370361 -0.400358
vn 0.624246 -0.759663 -0.182288
vn 0.634906 -0.772590 0.000000
vn 0.556404 -0.830912 0.000000
vn 0.472002 -0.881597 0.000000
vn 0.486530 -0.565680 -0.665804
vn 0.549652 -0.472869 -0.688678
vn 0.558711 -0.458056 -0.691395
vn 0.558707 -0.458061 -0.691395
vn 0.854297 0.519785 -0.000384
vn 0.799810 0.600253 -0.000002
vn 0.799852 0.600198 0.000000
vn 0.911790 0.410657 -0.000002
vn 0.936974 0.349399 -0.000001
vn 0.936976 0.349394 -0.000001
vn 0.936980 0.349383 -0.000000
vn 0.936980 0.349384 -0.000000
vn 0.951734 0.306924 -0.000812
vn 0.900867 0.434094 -0.000815
vn 0.984743 0.174014 -0.000706
vn -0.797890 -0.602803 -0.000068
vn -0.797811 -0.602908 -0.000100
vn -0.911373 -0.411581 0.000007
vn -0.857124 -0.515110 0.000394
vn -0.936831 -0.349783 0.000097
vn -0.936884 -0.349639 0.000068
vn -0.936819 -0.349814 0.000100
vn -0.956503 -0.291721 0.000820
vn -0.907102 -0.420909 0.000893
vn -0.987622 -0.156854 0.000719
vn 0.088624 0.690594 0.717793
vn 0.088611 0.690589 0.717799
vn 0.088639 0.690598 0.717786
vn 0.088563 0.690602 0.717792
vn 0.088639 0.690589 0.717795
vn -0.088735 0.689822 0.718521
vn -0.088693 0.689814 0.718533
vn -0.088721 0.689817 0.718527
vn -0.088691 0.689825 0.718523
vn -0.088699 0.689825 0.718522
vn -0.000285 -0.000043 -1.000000
vn -0.000285 -0.000043 -1.000000
vn -0.000285 -0.000043 -1.000000
vn -0.000055 0.000112 -1.000000
vn -0.000055 0.000112 -1.000000
vn -0.000055 0.000112 -1.000000
vn -0.000385 -0.000143 -1.000000
vn -0.000385 -0.000143 -1.000000
vn -0.000385 -0.000143 -1.000000
vn 0.000000 -1.000000 0.000000
vn 0.000000 -1.000000 0.000000
vn 0.000000 -1.000000 0.000000
vn 0.000000 -1.000000 0.000000
vn 0.000000 -1.000000 0.000000
vn 0.000000 -1.000000 0.000000
vn 0.000000 -1.000000 0.000000
vn 0.000000 -1.000000 0.000000
vn 0.000000 -1.000000 0.000000
vn 0.000000 -1.000000 0.000000
vn 0.014725 -0.582366 -0.812793
vn 0.014705 -0.582407 -0.812765
vn 0.014695 -0.582411 -0.812762
vn 0.014708 -0.582367 -0.812793
vn 0.014666 -0.582363 -0.812797
vn 0.014698 -0.582425 -0.812752
vn 0.014706 -0.582422 -0.812754
vn 0.538698 -0.655447 -0.529333
vn 0.551913 -0.671536 -0.494400
vn 0.000000 -0.000000 -1.000000
vn 0.000000 -0.000000 -1.000000
vn 0.000000 -0.000000 -1.000000
vn -0.000001 -0.000000 -1.000000
vn -0.000001 -0.000000 -1.000000
vn -0.000001 -0.000000 -1.000000
vn 0.000000 -0.000000 -1.000000
vn 0.000000 -0.000000 -1.000000
vn -0.000010 -0.000000 -1.000000
vn -0.000010 -0.000000 -1.000000
vn -0.000010 -0.000000 -1.000000
vn 0.000000 -0.000000 -1.000000
vn 0.000000 -0.000000 -1.000000
vn 0.000000 -0.000000 -1.000000
vn 0.000000 -0.000000 -1.000000
vn 0.000006 -0.000000 -1.000000
vn 0.000006 -0.000000 -1.000000
vn 0.000006 -0.000000 -1.000000
vn 0.000000 -0.000000 -1.000000
vn 0.000000 -0.000000 -1.000000
vn 0.000000 -0.000000 -1.000000
vn 0.000000 -0.000000 -1.000000
vn 0.000000 -0.000000 -1.000000
vn 0.476230 -0.579431 -0.661411
vn 0.476246 -0.579418 -0.661411
vn 0.998914 -0.046563 -0.001602
vn 1.000000 0.000000 -0.000000
vn 1.000000 0.000000 -0.000000
vn 0.998867 -0.047571 -0.001604
vn -0.998916 -0.046531 -0.001601
vn -1.000000 0.000000 -0.000000
vn -1.000000 0.000000 -0.000000
vn -0.998963 -0.045507 -0.001600
vn -0.647676 -0.761466 -0.026189
vn -0.646066 -0.762829 -0.026295
vn -0.870681 -0.491556 -0.016953
vn -0.870682 -0.491555 -0.016945
vn -0.995334 -0.096431 -0.003324
vn -0.995334 -0.096431 -0.003326
vn -0.998864 -0.047615 -0.001606
vn 0.647709 -0.761437 -0.026210
vn 0.649253 -0.760121 -0.026202
vn 0.870700 -0.491523 -0.016941
vn 0.870725 -0.491478 -0.016944
vn 0.995334 -0.096432 -0.003324
vn 0.995334 -0.096432 -0.003324
vn 0.998962 -0.045518 -0.001600
vn 0.646052 -0.762842 -0.026249
vn 0.000000 1.000000 -0.000000
vn 0.000000 1.000000 -0.000000
vn 0.000000 1.000000 -0.000000
vn 0.000000 1.000000 -0.000000
vn 0.000000 1.000000 -0.000000
vn 0.000000 1.000000 -0.000000
vn 0.000000 1.000000 -0.000000
vn 0.000000 1.000000 -0.000000
vn -0.999205 0.039841 0.001406
vn -0.999054 0.043464 0.001501
vn -1.000000 0.000000 -0.000000
vn -1.000000 0.000000 -0.000000
vn 1.000000 0.000000 -0.000000
vn 0.998963 0.045491 0.001598
vn 0.999132 0.041627 0.001401
vn 1.000000 0.000000 -0.000000
vn 0.678550 0.734127 0.025042
vn 0.681887 0.731033 0.024901
vn 0.889642 0.456393 0.015568
vn 0.889643 0.456391 0.015568
vn 0.996141 0.087713 0.002990
vn 0.999208 0.039769 0.001400
vn 0.999055 0.043442 0.001501
vn 0.996141 0.087714 0.002987
vn -0.889600 0.456475 0.015571
vn -0.889600 0.456475 0.015571
vn -0.681865 0.731052 0.024937
vn -0.678575 0.734105 0.025005
vn -0.998965 0.045465 0.001600
vn -0.999133 0.041603 0.001400
vn -0.996146 0.087662 0.002990
vn -0.996146 0.087662 0.002990
vn -0.678569 0.734111 0.025003
vn -0.681868 0.731051 0.024897
vn 0.681872 0.731048 0.024907
vn 0.678562 0.734117 0.025010
vn -0.996146 0.087665 0.002988
vn -0.996145 0.087666 0.002985
vn -0.889600 0.456476 0.015546
vn -0.889600 0.456475 0.015546
vn 0.996142 0.087710 0.002992
vn 0.996141 0.087710 0.002992
vn 0.889642 0.456393 0.015542
vn 0.889643 0.456393 0.015542
vn 1.000000 0.000000 -0.000000
vn -1.000000 0.000000 -0.000000
vn 0.000000 1.000000 -0.000000
vn 0.000000 1.000000 -0.000000
vn 0.000000 1.000000 -0.000000
vn 0.000000 1.000000 -0.000000
vn 0.995334 -0.096432 -0.003325
vn 0.870721 -0.491485 -0.016949
vn -0.995334 -0.096432 -0.003324
vn -0.649259 -0.760116 -0.026199
vn -0.870656 -0.491600 -0.016943
vn -1.000000 0.000000 -0.000000
vn 1.000000 0.000000 -0.000000
vn 0.000000 -1.000000 0.000000
vn 0.000000 -1.000000 0.000000
vn 0.000000 -1.000000 0.000000
vn 0.000000 -1.000000 0.000000
vn -0.396777 0.099695 -0.912485
vn -0.740845 0.073008 -0.667697
vn -0.749650 0.071905 -0.657916
vn -0.393286 0.099898 -0.913973
vn 0.000000 -0.108701 0.994074
vn 0.000000 -0.108701 0.994075
vn 0.749702 -0.071918 0.657856
vn 0.740838 -0.073011 0.667704
vn 1.000000 0.000000 -0.000000
vn 1.000000 0.000000 -0.000000
vn 1.000000 0.000000 -0.000000
vn 1.000000 -0.000001 0.000000
vn 1.000000 -0.000001 0.000000
vn 1.000000 -0.000001 0.000000
vn -1.000000 -0.000001 0.000000
vn -1.000000 -0.000001 0.000000
vn -1.000000 -0.000001 0.000000
vn -1.000000 0.000000 -0.000000
vn -1.000000 0.000000 -0.000000
vn -1.000000 0.000000 -0.000000
vn 0.740904 0.072967 -0.667636
vn 0.409756 0.099100 -0.906796
vn 0.406100 0.099305 -0.908417
vn 0.749693 0.071899 -0.657868
vn 0.000000 -0.108702 0.994074
vn 0.000000 -0.108702 0.994074
vn 0.000000 -0.108702 0.994074
vn 0.000000 -0.108702 0.994074
vn 0.000000 -0.108702 0.994074
vn 0.000000 -0.108702 0.994074
vn -0.740839 -0.072996 0.667705
vn -0.749706 -0.071933 0.657849
vn 0.000000 -0.108701 0.994074
vn 0.000000 -0.108701 0.994075
vn 0.412050 0.098994 -0.905768
vn 0.415480 0.098803 -0.904221
vn -0.387354 0.100097 -0.916481
vn -0.390680 0.099949 -0.915084
vn 0.923586 0.041657 -0.381121
vn 0.740881 0.073007 -0.667656
vn 0.749702 0.071891 -0.657859
vn 0.923585 0.041661 -0.381123
vn 0.923582 -0.041671 0.381130
vn 0.923590 -0.041664 0.381112
vn -0.923640 -0.041657 0.380990
vn -0.923635 -0.041651 0.381003
vn -0.923636 0.041648 -0.381000
vn -0.923641 0.041642 -0.380989
vn 0.000000 -0.106689 0.994292
vn 0.000000 -0.106689 0.994292
vn 0.000000 -0.106689 0.994292
vn 0.000000 -0.106689 0.994292
vn -0.390800 0.098145 -0.915229
vn 0.415621 0.097004 -0.904350
vn 0.412112 0.097265 -0.905927
vn -0.387362 0.098398 -0.916662
vn 0.740962 -0.071646 0.667714
vn 0.749579 -0.070601 0.658139
vn -0.923654 0.040886 -0.381041
vn -0.749585 0.070618 -0.658131
vn -0.740946 0.071607 -0.667737
vn -0.923657 0.040886 -0.381032
vn 0.406184 0.097492 -0.908576
vn 0.749578 0.070602 -0.658140
vn 0.740961 0.071646 -0.667715
vn 0.409799 0.097296 -0.906972
vn -1.000000 0.000000 -0.000000
vn -1.000000 0.000000 -0.000000
vn -1.000000 0.000000 -0.000000
vn -1.000000 0.000000 -0.000000
vn -0.393375 0.098102 -0.914129
vn -0.396794 0.097894 -0.912673
vn 0.000000 -0.106689 0.994292
vn 0.000000 -0.106689 0.994292
vn 0.000000 -0.106689 0.994293
vn 0.000000 -0.106689 0.994293
vn 0.000000 -0.106689 0.994293
vn 0.000000 -0.106689 0.994293
vn -0.740970 -0.071603 0.667710
vn -0.749589 -0.070618 0.658126
vn 0.923602 -0.040899 0.381165
vn 0.923603 -0.040900 0.381163
vn 1.000000 0.000000 -0.000000
vn 1.000000 0.000000 -0.000000
vn 1.000000 0.000000 -0.000000
vn 1.000000 -0.000000 0.000000
vn -0.923656 -0.040886 0.381035
vn -0.923658 -0.040885 0.381031
vn 0.923601 0.040900 -0.381166
vn 0.923599 0.040900 -0.381171
vn -0.000001 0.000000 1.000000
vn -0.000001 0.000000 1.000000
vn -0.000001 0.000000 1.000000
vn 0.000000 0.000000 1.000000
vn 0.000000 0.000000 1.000000
vn 0.000000 0.000000 1.000000
vn 0.000015 0.020536 0.999789
vn -0.000006 0.010484 0.999945
vn 0.001201 0.016409 0.999865
vn 0.001491 0.020482 0.999789
vn -0.001505 0.020485 0.999789
vn -0.001001 0.013891 0.999903
vn -0.000000 0.000000 1.000000
vn -0.000000 0.000000 1.000000
vn -0.000000 0.000000 1.000000
vn 0.000001 0.000000 1.000000
vn 0.000001 0.000000 1.000000
vn 0.000001 0.000000 1.000000
vn 0.000159 -0.004865 -0.999988
vn 0.000129 -0.005763 -0.999983
vn 0.001199 -0.005521 -0.999984
vn 0.000916 -0.004636 -0.999989
vn -0.000864 -0.004758 -0.999988
vn -0.001195 -0.005479 -0.999984
vn -1.000000 0.000000 -0.000000
vn -1.000000 0.000000 -0.000000
vn -1.000000 0.000000 -0.000000
vn -1.000000 0.000000 -0.000000
vn 0.000012 -0.958872 -0.283839
vn 0.000000 -0.859724 -0.510759
vn 0.000000 -0.859724 -0.510760
vn -0.000012 -0.958872 -0.283840
vn 1.000000 0.000000 -0.000000
vn 1.000000 0.000000 -0.000000
vn 1.000000 0.000000 -0.000000
vn 1.000000 -0.000000 0.000000
vn 0.000000 -0.094427 0.995532
vn 0.000000 -0.094427 0.995532
vn 0.000000 -0.094427 0.995532
vn 0.000000 -0.094426 0.995532
vn 0.000000 -0.094426 0.995532
vn 0.000000 -0.094426 0.995532
vn 0.000012 -0.958902 -0.283736
vn -0.000012 -0.958902 -0.283736
vn 0.000000 -0.999283 -0.037873
vn 0.000000 -0.999283 -0.037873
vn 0.000000 0.999053 0.043520
vn 0.000000 0.999053 0.043520
vn 0.000000 0.999053 0.043520
vn 0.000000 0.999053 0.043521
vn 0.000000 0.999053 0.043521
vn 0.000000 0.999053 0.043521
vn -1.000000 0.000000 -0.000000
vn -1.000000 0.000000 -0.000000
vn -1.000000 0.000000 -0.000000
vn -1.000000 -0.000000 0.000000
vn 0.000000 -0.185326 -0.982677
vn 0.000000 0.011395 -0.999935
vn 0.000000 0.011395 -0.999935
vn -0.000000 -0.184975 -0.982743
vn 1.000000 0.000000 -0.000000
vn 1.000000 0.000000 -0.000000
vn 1.000000 0.000000 -0.000000
vn 1.000000 -0.000000 0.000000
vn 0.000000 -0.052614 0.998615
vn 0.000000 -0.105078 0.994464
vn 0.000000 -0.105078 0.994464
vn 0.000000 -0.052612 0.998615
vn 0.000000 0.000000 1.000000
vn 0.000000 0.000000 1.000000
vn 0.000000 1.000000 -0.000000
vn 0.000000 1.000000 -0.000000
vn 0.000000 1.000000 -0.000000
vn 0.000000 1.000000 -0.000000
vn 0.000000 -1.000000 0.000000
vn 0.000000 -1.000000 0.000000
vn 0.000000 -1.000000 0.000000
vn 0.000000 -1.000000 0.000000
vn 0.000000 -0.374833 -0.927092
vn 0.000000 -0.374832 -0.927093
vn -1.000000 0.000000 -0.000000
vn -1.000000 0.000000 -0.000000
vn 1.000000 0.000000 -0.000000
vn 1.000000 0.000000 -0.000000
vn 0.000000 -0.000000 -1.000000
vn 0.000000 -0.000000 -1.000000
vn 0.000000 -0.000000 -1.000000
vn 0.000000 -0.000000 -1.000000
vn -0.995593 0.000000 0.093776
vn -0.995593 0.000000 0.093776
vn -0.995593 0.000000 0.093776
vn -0.995593 0.000000 0.093776
vn 0.996453 0.000000 0.084147
vn 0.996453 0.000000 0.084147
vn 0.996453 0.000000 0.084147
vn 0.996453 0.000000 0.084147
vn 0.000000 0.999843 0.017737
vn 0.000000 0.999843 0.017737
vn 0.000000 0.999843 0.017737
vn 0.000000 0.999843 0.017736
vn 0.000000 0.999843 0.017736
vn 0.000000 0.999843 0.017736
vn 0.000000 0.000000 1.000000
vn 0.000000 0.000000 1.000000
vn 0.000000 0.000000 1.000000
vn 0.000000 0.000000 1.000000
vn 0.000000 -0.000000 -1.000000
vn 0.000000 -0.000000 -1.000000
vn 0.000000 -0.000000 -1.000000
vn 0.000000 -0.000000 -1.000000
vn 0.000000 -0.000000 -1.000000
vn 0.000000 -0.000000 -1.000000
vn -0.000000 -0.000000 -1.000000
vn 0.000000 -0.000000 -1.000000
vn 0.000000 -0.000000 -1.000000
vn 0.000000 -0.000000 -1.000000
vn 0.000000 -0.000000 -1.000000
vn 0.000000 -0.000000 -1.000000
vn -0.000001 -0.000000 -1.000000
vn -0.000001 -0.000000 -1.000000
vn -0.000001 -0.000000 -1.000000
vn 0.000000 -0.000000 -1.000000
vn 0.000000 -0.000000 -1.000000
vn 0.000000 -0.000000 -1.000000
vn 0.000000 -0.000000 -1.000000
vn 0.000000 0.000000 1.000000
vn 0.000000 0.000000 1.000000
vn 0.000000 0.000000 1.000000
vn 0.000013 0.000000 1.000000
vn 0.000013 0.000000 1.000000
vn 0.000013 0.000000 1.000000
vn 0.000000 0.000000 1.000000
vn 0.000000 0.000000 1.000000
vn 0.000019 0.000000 1.000000
vn 0.000019 0.000000 1.000000
vn 0.000019 0.000000 1.000000
vn 0.000000 0.000000 1.000000
vn 0.000000 0.000000 1.000000
vn 0.000000 0.000000 1.000000
vn 0.000000 0.000000 1.000000
vn -0.000007 0.000000 1.000000
vn -0.000007 0.000000 1.000000
vn -0.000007 0.000000 1.000000
vn 0.000000 0.000000 1.000000
vn 0.000000 0.000000 1.000000
vn 0.000000 0.000000 1.000000
vn -0.000019 0.000000 1.000000
vn -0.000019 0.000000 1.000000
vn -0.000019 0.000000 1.000000
vn 0.000000 0.000000 1.000000
vn 0.000000 0.000000 1.000000
vn 0.000018 0.000000 1.000000
vn 0.000018 0.000000 1.000000
vn 0.000018 0.000000 1.000000
vn 0.000000 0.000000 1.000000
vn 0.000000 0.000000 1.000000
vn 0.000044 0.999419 0.034089
vn 0.000000 0.999419 0.034091
vn 0.000000 0.999419 0.034091
vn 0.000000 0.999419 0.034091
vn -0.000043 0.999419 0.034088
vn -0.000022 0.999419 0.034095
vn -0.000113 0.999417 0.034136
vn 0.000004 0.999419 0.034092
vn -0.000023 0.999419 0.034094
vn -0.000037 0.999419 0.034095
vn 0.000001 0.999419 0.034092
vn 0.000052 0.999419 0.034090
vn 0.000001 0.999419 0.034091
vn 0.000011 0.999419 0.034091
vn -0.000020 0.999419 0.034091
vn 0.000000 -0.000000 -1.000000
vn 0.000000 -0.000000 -1.000000
vn 0.000000 -0.000000 -1.000000
vn 0.000000 -0.000000 -1.000000
vn 0.000000 -0.000000 -1.000000
vn 0.000000 -0.000000 -1.000000
vn 0.000000 -0.000000 -1.000000
vn 0.000000 -0.000000 -1.000000
vn -0.000048 -0.999407 -0.034442
vn 0.000000 -0.999407 -0.034444
vn 0.000000 -0.999407 -0.034446
vn 0.000000 -0.999407 -0.034446
vn 0.000048 -0.999407 -0.034440
vn -0.000013 -0.999407 -0.034445
vn 0.000007 -0.999407 -0.034445
vn -0.000006 -0.999407 -0.034445
vn -0.000009 -0.999407 -0.034448
vn 0.000165 -0.999406 -0.034470
vn -0.000001 -0.999407 -0.034446
vn 0.000027 -0.999406 -0.034449
vn 0.000032 -0.999406 -0.034450
vn -0.000003 -0.999407 -0.034445
vn -0.000069 -0.999407 -0.034442
vn -0.000001 0.115751 0.993278
vn -0.000000 0.115751 0.993278
vn 0.000005 0.115751 0.993278
vn 0.000002 0.115751 0.993278
vn 0.000000 0.115765 0.993277
vn -0.000001 0.115794 0.993273
vn 0.000000 0.115816 0.993271
vn 0.000000 0.115816 0.993271
vn -0.984157 0.176613 0.015593
vn -0.984154 0.176628 0.015624
vn -0.984155 0.176622 0.015605
vn -0.984161 0.176590 0.015600
vn -0.984166 0.176562 0.015607
vn -0.984165 0.176569 0.015587
vn -0.984167 0.176552 0.015634
vn -0.984160 0.176592 0.015606
vn -0.984152 0.176637 0.015615
vn 0.000000 -0.007149 -0.999974
vn 0.001600 -0.007300 -0.999972
vn 0.985118 0.171801 0.005105
vn 0.985119 0.171800 0.005087
vn 0.985126 0.171760 0.005090
vn 0.985114 0.171828 0.005087
vn 0.985114 0.171825 0.005095
vn 0.985121 0.171788 0.005107
vn 0.985119 0.171800 0.005111
vn 0.985120 0.171792 0.005141
vn 0.985109 0.171855 0.005120
vn 0.000000 -1.000000 0.000000
vn 0.000000 -1.000000 0.000000
vn 0.000000 -1.000000 0.000000
vn 0.000000 -1.000000 0.000000
vn 0.000000 -1.000000 0.000000
vn 0.000000 -1.000000 0.000000
vn -0.000000 0.999999 0.001101
vn 0.000016 0.999999 0.001114
vn -0.000001 0.999999 0.001116
vn -0.000022 0.999999 0.001084
vn -0.000042 0.999999 0.001071
vn 0.000000 0.999999 0.001101
vn -0.000000 0.999999 0.001096
vn -0.000000 0.999999 0.001096
vn -0.000000 0.999999 0.001093
vn 0.000030 0.999999 0.001105
vn 0.000046 0.999999 0.001112
vn 0.000041 0.999999 0.001120
vn 0.000005 0.999999 0.001103
vn -0.000000 0.000000 1.000000
vn -0.000001 0.000000 1.000000
vn 0.000000 0.000000 1.000000
vn 0.000002 0.000000 1.000000
vn 0.000000 0.000000 1.000000
vn -0.001600 -0.007300 -0.999972
vn 0.000000 0.999984 0.005732
vn 0.000000 0.999984 0.005732
vn 0.000000 0.999984 0.005732
vn 0.000000 0.999984 0.005729
vn 0.000000 0.999984 0.005729
vn 0.000000 0.999984 0.005729
vn 0.000000 0.999984 0.005727
vn 0.000000 0.999984 0.005727
vn 0.000000 0.999984 0.005727
vn 0.000000 0.999984 0.005734
vn 0.000000 0.999984 0.005734
vn 0.000000 0.999984 0.005734
vn 0.000000 0.999984 0.005732
vn 0.000000 0.999984 0.005732
vn 0.000000 0.999984 0.005732
vn -1.000000 0.000000 -0.000000
vn -1.000000 0.000000 -0.000000
vn -1.000000 0.000000 -0.000000
vn -1.000000 -0.000000 0.000000
vn 0.000000 0.119984 0.992776
vn 0.000000 0.119984 0.992776
vn 0.000000 0.238470 0.971150
vn 0.000000 0.238465 0.971151
vn 0.000000 -0.241188 -0.970478
vn 0.000000 -0.241188 -0.970478
vn 0.000000 -0.358359 -0.933584
vn 0.000000 -0.358359 -0.933584
vn 1.000000 -0.000000 0.000000
vn 1.000000 -0.000000 0.000000
vn 1.000000 -0.000000 0.000000
vn 1.000000 0.000000 -0.000000
vn 0.000000 -0.984715 0.174174
vn 0.000000 -0.984715 0.174174
vn 0.000000 -0.984715 0.174174
vn 0.000000 -0.984715 0.174174
vn 0.000000 -0.122762 -0.992436
vn 0.000000 -0.122762 -0.992436
vn 0.000000 -0.125144 -0.992139
vn 0.000000 -0.125144 -0.992139
vn 0.000000 0.125158 0.992137
vn 0.000000 0.125158 0.992137
vn -1.000000 0.000000 -0.000000
vn -1.000000 0.000000 -0.000000
vn 1.000000 0.000000 -0.000000
vn 1.000000 0.000000 -0.000000
vn 0.000000 0.933590 -0.358344
vn 0.000000 0.933590 -0.358344
vn 0.000000 0.933590 -0.358344
vn 0.000000 0.933587 -0.358350
vn 0.000000 0.933587 -0.358350
vn 0.000000 0.933587 -0.358350
vn 1.000000 0.000000 -0.000000
vn 1.000000 0.000000 -0.000000
vn -1.000000 -0.000000 0.000000
vn -1.000000 0.000000 -0.000000
vn 0.000000 0.358363 0.933582
vn 0.000000 0.358363 0.933582
vn 0.000000 -0.936223 0.351406
vn 0.000000 -0.936222 0.351409
vn 0.000000 -0.920354 0.391086
vn 0.000000 -0.920354 0.391087
vn 0.000000 -0.827506 0.561458
vn 0.000000 -0.827500 0.561465
vn 0.000000 -0.658666 0.752435
vn 0.000000 -0.658661 0.752439
vn 0.000000 -0.439408 0.898288
vn 0.000000 -0.439398 0.898292
vn 0.000000 -0.165916 0.986140
vn 0.000000 -0.165915 0.986140
vn 0.000000 -0.038842 0.999245
vn 0.000000 -0.038842 0.999245
vn 0.000000 -0.475442 -0.879747
vn 0.000000 -0.475442 -0.879747
vn 0.000000 -0.475442 -0.879747
vn 0.000000 -0.475424 -0.879757
vn 0.000000 -0.475424 -0.879757
vn 0.000000 -0.475424 -0.879757
vn 0.000000 0.977492 -0.210974
vn 0.000000 0.977492 -0.210974
vn 0.000000 0.977492 -0.210974
vn 0.000000 0.977492 -0.210974
vn 0.000000 0.574633 -0.818411
vn 0.000000 0.791909 -0.610640
vn 0.000000 0.791904 -0.610645
vn 0.000000 0.574623 -0.818419
vn 0.000000 0.355140 -0.934813
vn 0.000000 0.355137 -0.934814
vn 0.000000 0.163162 -0.986599
vn 0.000000 0.163162 -0.986599
vn 0.000000 0.033256 -0.999447
vn 0.000000 0.033256 -0.999447
vn 0.000000 0.860387 -0.509641
vn 0.000000 0.860387 -0.509641
vn 0.999990 0.004289 -0.000798
vn 0.999990 0.004301 -0.000800
vn 0.999991 0.004289 -0.000798
vn 0.999990 0.004301 -0.000819
vn 0.999990 0.004298 -0.000815
vn 0.999990 0.004301 -0.000820
vn 0.999990 0.004296 -0.000795
vn 0.999990 0.004306 -0.000826
vn 0.999990 0.004304 -0.000808
vn 0.999991 0.004278 -0.000797
vn 0.999990 0.004297 -0.000796
vn 0.999990 0.004293 -0.000798
vn 0.999990 0.004317 -0.000803
vn -0.999990 0.004301 -0.000800
vn -0.999990 0.004289 -0.000798
vn -0.999990 0.004289 -0.000798
vn -0.999990 0.004302 -0.000819
vn -0.999990 0.004298 -0.000815
vn -0.999990 0.004307 -0.000820
vn -0.999990 0.004308 -0.000809
vn -0.999990 0.004304 -0.000834
vn -0.999990 0.004313 -0.000815
vn -0.999991 0.004299 -0.000800
vn -0.999991 0.004287 -0.000780
vn -0.999990 0.004300 -0.000800
vn -0.999990 0.004292 -0.000799
vn 0.000049 0.999856 -0.016998
vn 0.000044 0.999855 -0.017009
vn 0.233362 0.972250 -0.016506
vn 0.233269 0.972272 -0.016510
vn 0.447289 0.894260 -0.015208
vn 0.447333 0.894239 -0.015201
vn 0.542291 0.840069 -0.014286
vn 0.542291 0.840069 -0.014286
vn 0.933421 0.358730 -0.006100
vn 0.933425 0.358721 -0.006100
vn 0.957124 0.289638 -0.004895
vn 0.957080 0.289782 -0.004907
vn 0.982311 0.187229 -0.003197
vn 0.982312 0.187227 -0.003197
vn 0.989531 0.144297 -0.002454
vn 0.989531 0.144297 -0.002454
vn 0.990619 0.136632 -0.002324
vn 0.990619 0.136633 -0.002324
vn 0.000000 -0.999856 0.017003
vn 0.000000 -0.999856 0.017003
vn 0.000000 -0.999856 0.017003
vn 0.000000 -0.999855 0.017003
vn 0.000000 -0.999855 0.017003
vn 0.000000 -0.999855 0.017003
vn -0.990624 0.136600 -0.002323
vn -0.990624 0.136600 -0.002323
vn -0.989531 0.144298 -0.002454
vn -0.989531 0.144298 -0.002454
vn -0.982335 0.187103 -0.003200
vn -0.982308 0.187243 -0.003197
vn -0.957081 0.289780 -0.004907
vn -0.957081 0.289781 -0.004907
vn -0.933425 0.358721 -0.006100
vn -0.933422 0.358729 -0.006101
vn -0.542307 0.840059 -0.014285
vn -0.542307 0.840059 -0.014286
vn -0.447299 0.894255 -0.015201
vn -0.447340 0.894235 -0.015207
vn -0.233265 0.972273 -0.016510
vn -0.233361 0.972250 -0.016506
vn -0.000040 0.999856 -0.016992
vn -0.000044 0.999856 -0.016998
vn -0.000027 -1.000000 -0.000211
vn -0.000038 -1.000000 -0.000252
vn -0.355299 -0.918474 -0.173691
vn -0.337989 -0.941150 -0.000200
vn -0.621272 -0.771112 -0.139311
vn -0.599392 -0.800456 -0.000200
vn -0.710285 -0.695487 -0.108600
vn -0.698118 -0.715983 -0.000175
vn -0.969124 -0.246574 -0.000060
vn -0.972232 -0.229293 -0.046797
vn -0.982751 -0.181687 -0.034496
vn -0.980441 -0.196812 -0.000000
vn -0.992849 -0.117327 -0.022014
vn -0.992170 -0.124895 0.000000
vn -0.995711 -0.090919 -0.017109
vn -0.995372 -0.096099 -0.000024
vn -0.996136 -0.086513 -0.015106
vn -0.995859 -0.090916 -0.000022
vn 0.000000 1.000000 0.000244
vn 0.000000 0.999755 0.022128
vn 0.000000 0.999755 0.022129
vn 0.000000 1.000000 0.000244
vn 0.995857 -0.090937 -0.000022
vn 0.996135 -0.086524 -0.015096
vn 0.995710 -0.090941 -0.017094
vn 0.995372 -0.096098 -0.000024
vn 0.992851 -0.117318 -0.021997
vn 0.992153 -0.125027 -0.000009
vn 0.982742 -0.181733 -0.034506
vn 0.980441 -0.196811 -0.000001
vn 0.972228 -0.229307 -0.046801
vn 0.969124 -0.246575 -0.000060
vn 0.698103 -0.715998 -0.000175
vn 0.710264 -0.695507 -0.108607
vn 0.621298 -0.771092 -0.139301
vn 0.599422 -0.800433 -0.000196
vn 0.355276 -0.918481 -0.173702
vn 0.337989 -0.941150 -0.000230
vn 0.000046 -1.000000 -0.000203
vn 0.000035 -1.000000 -0.000235
vn -0.993579 -0.110476 -0.024390
vn -0.996411 -0.082793 -0.017596
vn 0.996413 -0.082773 -0.017606
vn 0.996810 -0.078192 -0.016001
vn 0.997226 -0.074432 0.000063
vn 0.996900 -0.078676 0.000068
vn 0.993578 -0.110483 -0.024400
vn 0.984115 -0.173903 -0.035701
vn -0.977349 -0.208477 -0.036407
vn -0.984118 -0.173891 -0.035695
vn 0.642998 -0.753350 -0.137907
vn 0.373389 -0.912776 -0.165593
vn -0.373381 -0.912780 -0.165587
vn -0.642976 -0.753371 -0.137893
vn -0.996814 -0.078150 -0.015974
vn 0.977344 -0.208502 -0.036405
vn 0.000040 -0.925651 -0.378379
vn 0.000034 -0.925645 -0.378394
vn -0.744014 -0.655198 -0.130996
vn 0.000000 0.999774 0.021246
vn 0.000000 0.999774 0.021244
vn -0.000040 -0.925647 -0.378389
vn -0.000063 -0.925651 -0.378379
vn 0.744012 -0.655198 -0.131002
vn 0.888413 -0.070416 0.453611
vn 0.888882 -0.066432 0.453294
vn 0.888879 -0.066437 0.453300
vn 0.888462 -0.070008 0.453580
vn -0.398069 -0.917355 0.000796
vn -0.671925 -0.740619 0.000600
vn 0.994715 -0.102674 0.000089
vn -0.766285 -0.642501 0.000554
vn 0.986698 -0.162562 0.000141
vn -0.979042 -0.203660 0.000176
vn -0.986700 -0.162552 0.000141
vn 0.979041 -0.203661 0.000176
vn -0.994715 -0.102672 0.000089
vn 0.766286 -0.642500 0.000556
vn 0.671924 -0.740620 0.000600
vn -0.996900 -0.078685 0.000068
vn 0.398064 -0.917357 0.000800
vn -0.997226 -0.074433 0.000062
vn 0.000053 -1.000000 0.000795
vn 0.000053 -1.000000 0.000901
vn -0.000000 0.998446 0.055720
vn 0.000000 0.998448 0.055697
vn -0.000053 -1.000000 0.000888
vn -0.000053 -1.000000 0.000901
vn -0.476000 -0.547742 0.688043
vn -0.260163 -0.628829 0.732727
vn -0.287156 -0.621707 0.728713
vn -0.508101 -0.530012 0.678912
vn 0.887400 -0.076442 0.454618
vn 0.887581 -0.075689 0.454391
vn -0.680595 -0.395405 0.616803
vn -0.754193 -0.314398 0.576496
vn 0.849975 -0.168462 0.499163
vn 0.870283 -0.122085 0.477182
vn -0.849995 -0.168418 0.499143
vn -0.870273 -0.122109 0.477194
vn 0.680606 -0.395395 0.616797
vn 0.754193 -0.314398 0.576496
vn -0.887400 -0.076443 0.454619
vn -0.887579 -0.075697 0.454393
vn 0.476026 -0.547728 0.688036
vn 0.508116 -0.530002 0.678908
vn -0.888413 -0.070419 0.453611
vn -0.888460 -0.070006 0.453584
vn 0.260218 -0.628815 0.732720
vn 0.287061 -0.621730 0.728730
vn -0.888874 -0.066428 0.453310
vn -0.888872 -0.066426 0.453314
vn 0.000042 -0.660195 0.751095
vn 0.000016 -0.660192 0.751097
vn 0.000000 0.985975 0.166891
vn 0.000000 0.985976 0.166890
vn -0.000035 -0.660198 0.751091
vn -0.000054 -0.660202 0.751088
vn -0.000000 -0.018669 -0.999826
vn 0.000000 -0.018678 -0.999826
vn -0.000000 -0.018678 -0.999826
vn -0.000000 -0.018669 -0.999826
vn -0.000000 -0.018714 -0.999825
vn -0.000003 -0.018723 -0.999825
vn 0.000001 -0.018731 -0.999825
vn -0.000000 -0.018728 -0.999825
vn 0.000001 -0.018657 -0.999826
vn 0.000003 -0.018669 -0.999826
vn -0.000000 -0.018718 -0.999825
vn -0.000000 -0.018718 -0.999825
vn 0.000000 -0.018673 -0.999826
vn 0.000000 -0.018672 -0.999826
vn -0.000000 -0.018648 -0.999826
vn -0.000000 0.015458 0.999880
vn -0.000000 0.015419 0.999881
vn 0.000000 0.015466 0.999880
vn -0.000000 0.015458 0.999880
vn 0.000000 0.015383 0.999882
vn 0.000004 0.015375 0.999882
vn -0.000001 0.015377 0.999882
vn 0.000000 0.015380 0.999882
vn -0.000001 0.015415 0.999881
vn -0.000002 0.015403 0.999881
vn 0.000000 0.015459 0.999881
vn -0.000000 0.015458 0.999880
vn -0.000000 0.015462 0.999880
vn -0.000000 0.015461 0.999880
vn 0.000000 0.015471 0.999880
vn -0.000000 0.001433 -0.999999
vn 0.000000 0.001433 -0.999999
vn -0.000000 0.001462 -0.999999
vn 0.000000 0.001431 -0.999999
vn 0.000000 0.001431 -0.999999
vn -0.000004 0.001471 -0.999999
vn -0.000002 0.001503 -0.999999
vn 0.000000 0.001580 -0.999999
vn -0.000000 0.001580 -0.999999
vn 0.000000 0.001505 -0.999999
vn -0.000001 0.001501 -0.999999
vn -0.000000 0.001437 -0.999999
vn 0.000000 0.001485 -0.999999
vn 0.000000 0.001487 -0.999999
vn -0.000000 0.001439 -0.999999
vn -0.000000 0.000841 1.000000
vn 0.000000 0.000841 1.000000
vn 0.000000 0.000892 1.000000
vn 0.000000 0.000776 1.000000
vn 0.000000 0.000776 1.000000
vn 0.000004 0.000898 1.000000
vn 0.000001 0.000901 1.000000
vn 0.000000 0.000440 1.000000
vn 0.000000 0.000438 1.000000
vn -0.000000 0.000918 1.000000
vn -0.000000 0.000917 1.000000
vn 0.000000 0.000768 1.000000
vn -0.000000 0.000768 1.000000
vn -0.000000 0.000860 1.000000
vn 0.000000 0.000860 1.000000
vn 0.000000 -0.081968 0.996635
vn 0.000000 0.000000 1.000000
vn 0.000000 0.000000 1.000000
vn 0.000000 -0.081966 0.996635
vn -0.996084 -0.013404 0.087393
vn -0.985310 -0.079006 -0.151402
vn -0.991489 -0.062304 -0.114314
vn -0.991944 0.031423 0.122719
vn 0.000000 -0.503345 0.864085
vn 0.000000 -0.503349 0.864083
vn 0.000000 -0.525463 0.850816
vn 0.000000 -0.525468 0.850813
vn 0.995237 0.003707 -0.097415
vn 0.991562 -0.042699 0.122396
vn 0.996084 -0.013390 0.087390
vn 0.985310 -0.079005 -0.151400
vn -0.991560 -0.042776 0.122392
vn -0.994912 0.000026 0.100747
vn -0.995037 0.001410 -0.099495
vn -0.995210 0.004020 -0.097681
vn 0.995042 0.001312 -0.099452
vn 0.994909 0.000000 0.100776
vn -0.987982 0.021112 0.153123
vn -0.993433 -0.006882 -0.114208
vn -0.982691 -0.055367 -0.176787
vn -0.986360 -0.043954 0.158628
vn 0.991962 0.031374 0.122582
vn 0.991488 -0.062338 -0.114308
vn 0.000000 -0.109574 0.993979
vn 0.000000 -0.109572 0.993979
vn -0.292813 0.168597 0.941188
vn 0.292803 0.168609 0.941189
vn -0.290389 0.086217 -0.953017
vn 0.290457 0.086418 -0.952978
vn 0.249695 0.181182 -0.951223
vn -0.249702 0.181198 -0.951218
vn -0.267088 0.147290 0.952349
vn 0.267087 0.147292 0.952349
vn -0.130003 -0.467611 -0.874322
vn 0.130047 -0.467626 -0.874308
vn 0.265009 -0.328014 -0.906740
vn -0.264985 -0.328020 -0.906745
vn 0.987983 0.021096 0.153114
vn 0.993433 -0.006865 -0.114207
vn 0.982688 -0.055401 -0.176792
vn 0.986357 -0.044092 0.158605
vn 0.989695 -0.046769 0.135338
vn 0.991306 -0.090401 -0.095605
vn -0.991303 -0.090433 -0.095609
vn -0.989731 -0.046708 0.135097
vn 0.000000 -0.091842 0.995774
vn 0.000000 -0.091840 0.995774
vn -0.051614 -0.970429 0.235806
vn 0.051617 -0.970427 0.235812
vn 0.041667 -0.951317 0.305386
vn -0.041699 -0.951309 0.305404
vn 0.191793 -0.535279 0.822613
vn -0.191803 -0.535292 0.822602
vn -0.149927 -0.698617 0.699612
vn 0.149912 -0.698613 0.699619
vn -0.222593 -0.633181 -0.741306
vn 0.222598 -0.633186 -0.741300
vn 0.169582 -0.871178 -0.460751
vn -0.169576 -0.871209 -0.460694
vn -0.627913 0.015585 0.778128
vn -0.628209 0.015433 0.777892
vn -0.599409 0.036418 0.799614
vn -0.599408 0.036380 0.799617
vn -0.967137 -0.101751 0.233010
vn -0.965221 -0.089596 0.245605
vn -0.973098 -0.048623 0.225204
vn -0.528399 -0.492702 0.691404
vn -0.507777 -0.507546 0.696103
vn -0.507785 -0.507602 0.696056
vn -0.544186 -0.480896 0.687460
vn 0.627915 0.015591 0.778126
vn 0.599404 0.036370 0.799620
vn 0.599410 0.036406 0.799614
vn 0.628203 0.015412 0.777897
vn 0.528396 -0.492684 0.691419
vn 0.544180 -0.480881 0.687475
vn 0.507786 -0.507603 0.696055
vn 0.507766 -0.507549 0.696109
vn 0.973099 -0.048603 0.225202
vn 0.965217 -0.089631 0.245605
vn 0.967137 -0.101758 0.233006
vn -0.570590 -0.179887 0.801292
vn -0.596660 -0.214981 0.773162
vn -0.591915 -0.232952 0.771603
vn -0.574714 -0.117427 0.809886
vn -0.592182 -0.348007 0.726782
vn -0.597092 -0.325267 0.733268
vn -0.591911 -0.232950 0.771606
vn -0.596653 -0.215019 0.773157
vn -0.968091 -0.016033 0.250086
vn -0.964692 -0.059392 0.256598
vn -0.967805 -0.088862 0.235493
vn -0.962588 -0.072853 -0.260993
vn -0.935719 -0.166640 -0.310902
vn -0.940230 -0.185774 -0.285403
vn 0.570587 -0.179885 0.801294
vn 0.574722 -0.117426 0.809880
vn 0.591933 -0.232885 0.771609
vn 0.596649 -0.215010 0.773163
vn 0.967812 -0.088810 0.235485
vn 0.964690 -0.059412 0.256599
vn 0.968087 -0.016084 0.250097
vn 0.592171 -0.348020 0.726784
vn 0.597100 -0.325233 0.733277
vn 0.940231 -0.185762 -0.285408
vn 0.935718 -0.166645 -0.310903
vn 0.962585 -0.072818 -0.261013
vn -0.545019 0.003495 -0.838417
vn -0.541876 -0.203207 -0.815523
vn -0.537911 -0.210001 -0.816426
vn -0.956668 -0.096305 -0.274794
vn -0.948625 -0.083795 -0.305105
vn -0.957481 -0.000289 -0.288496
vn -0.522918 -0.244706 -0.816502
vn 0.537896 -0.210000 -0.816436
vn 0.541904 -0.203201 -0.815505
vn 0.545038 0.003486 -0.838404
vn 0.522924 -0.244696 -0.816501
vn 0.957483 -0.000261 -0.288490
vn 0.948626 -0.083788 -0.305105
vn 0.956666 -0.096323 -0.274795
vn -0.107405 -0.395118 0.912330
vn -0.362218 -0.565136 0.741229
vn -0.398087 -0.504781 0.765978
vn -0.522088 0.002392 0.852888
vn -0.522333 0.001928 0.852739
vn -0.509714 0.033427 0.859694
vn -0.509684 0.033340 0.859715
vn -0.932652 -0.144200 0.330705
vn -0.929882 -0.159444 0.331506
vn -0.947985 -0.097525 0.303007
vn -0.438511 -0.630688 -0.640266
vn -0.447289 -0.540388 -0.712680
vn -0.218205 -0.525006 -0.822652
vn -0.953534 -0.018616 -0.300709
vn -0.942010 -0.094504 -0.322002
vn -0.945104 -0.146863 -0.291907
vn -0.241393 0.076793 -0.967384
vn -0.474485 0.121300 -0.871866
vn -0.494098 0.198420 -0.846461
vn 0.398122 -0.504772 0.765967
vn 0.362217 -0.565140 0.741226
vn 0.107398 -0.395078 0.912348
vn 0.947988 -0.097511 0.303003
vn 0.929891 -0.159404 0.331501
vn 0.932652 -0.144161 0.330722
vn 0.522082 0.002369 0.852892
vn 0.509697 0.033377 0.859707
vn 0.509720 0.033449 0.859690
vn 0.522336 0.001913 0.852738
vn 0.218208 -0.525019 -0.822642
vn 0.447296 -0.540398 -0.712669
vn 0.438504 -0.630706 -0.640254
vn 0.494103 0.198415 -0.846460
vn 0.474494 0.121313 -0.871859
vn 0.241403 0.076807 -0.967381
vn 0.945104 -0.146876 -0.291900
vn 0.942011 -0.094496 -0.322004
vn 0.953534 -0.018647 -0.300707
vn -0.441907 -0.868019 0.226410
vn -0.270447 -0.925913 0.263713
vn -0.105902 -0.935583 0.336852
vn -0.155599 -0.929354 0.334798
vn -0.006299 -0.914174 0.405272
vn -0.105858 -0.935579 0.336877
vn -0.270390 -0.925928 0.263716
vn -0.155570 -0.929347 0.334831
vn -0.105846 -0.935574 0.336895
vn -0.006310 -0.914154 0.405318
vn -0.564609 -0.808882 0.164094
vn -0.580022 -0.808048 0.103115
vn -0.293320 -0.954663 0.050811
vn -0.358547 -0.910705 0.205085
vn -0.054598 -0.998425 -0.012935
vn -0.293267 -0.954680 0.050792
vn -0.120505 -0.977362 -0.173900
vn -0.358468 -0.910730 0.205114
vn -0.293238 -0.954688 0.050823
vn -0.054582 -0.998427 -0.012839
vn 0.441902 -0.868020 0.226414
vn 0.155578 -0.929358 0.334799
vn 0.105860 -0.935580 0.336872
vn 0.270402 -0.925929 0.263700
vn 0.006298 -0.914162 0.405300
vn 0.006296 -0.914170 0.405283
vn 0.120501 -0.977363 -0.173902
vn 0.293285 -0.954676 0.050774
vn 0.054620 -0.998423 -0.012933
vn 0.564595 -0.808892 0.164095
vn 0.358530 -0.910709 0.205100
vn 0.293307 -0.954667 0.050814
vn 0.580021 -0.808049 0.103110
vn 0.054611 -0.998425 -0.012867
vn -0.648705 0.000000 0.761040
vn -0.648734 -0.000034 0.761015
vn -0.973100 -0.048595 0.225201
vn -0.979689 0.000126 0.200521
vn -0.980216 0.002874 -0.197912
vn -0.978658 0.008555 -0.205317
vn 0.978704 0.008593 -0.205097
vn 0.980202 0.002683 -0.197984
vn 0.648735 -0.000041 0.761015
vn 0.648708 -0.000073 0.761037
vn 0.979702 0.000066 0.200461
vn 0.000000 -0.292440 0.956284
vn 0.000000 -0.292443 0.956283
vn 0.000000 -0.343187 0.939267
vn 0.000000 -0.343185 0.939268
vn 0.962598 -0.072771 -0.260978
vn 0.967132 -0.101797 0.233009
vn -0.964641 0.070701 0.253906
vn -0.548001 0.147900 0.823299
vn 0.968089 -0.016083 0.250091
vn 0.964640 0.070709 0.253909
vn 0.548009 0.147895 0.823294
vn 0.952366 -0.181255 -0.245248
vn -0.940229 -0.185821 -0.285377
vn -0.952347 -0.181296 -0.245288
vn 0.000000 -0.000000 -1.000000
vn 0.000000 -0.003596 -0.999994
vn 0.000000 -0.003596 -0.999994
vn 0.000000 -0.000000 -1.000000
vn 0.000000 -0.221518 -0.975156
vn 0.000000 -0.221516 -0.975157
vn 0.524302 0.136298 0.840553
vn 0.963356 0.027601 0.266801
vn 0.502503 -0.312596 -0.806086
vn 0.956669 -0.096291 -0.274794
vn -0.502494 -0.312596 -0.806091
vn -0.524301 0.136315 0.840551
vn -0.963360 0.027597 0.266787
vn -0.947992 -0.097492 0.302997
vn 0.953537 -0.018591 -0.300701
vn -0.957483 -0.000281 -0.288490
vn 0.942868 -0.228992 -0.241998
vn 0.431612 -0.674207 -0.599297
vn -0.945101 -0.146919 -0.291887
vn -0.942862 -0.229016 -0.241998
vn -0.431600 -0.674207 -0.599305
vn 0.410514 -0.482269 0.773883
vn 0.932647 -0.144211 0.330716
vn 0.937448 -0.113813 0.328995
vn -0.410492 -0.482293 0.773879
vn -0.937446 -0.113766 0.329018
vn -1.000000 0.000000 -0.000000
vn -1.000000 0.000000 -0.000000
vn -1.000000 0.000000 -0.000000
vn -1.000000 0.000000 -0.000000
vn 0.000000 0.999999 -0.001745
vn 0.000000 0.999999 -0.001745
vn 0.000000 0.980004 0.198976
vn 0.000000 0.980007 0.198965
vn 1.000000 0.000000 -0.000000
vn 1.000000 0.000000 -0.000000
vn 1.000000 0.000000 -0.000000
vn 1.000000 0.000000 -0.000000
vn -1.000000 0.000000 -0.000000
vn -1.000000 0.000000 -0.000000
vn 0.000000 -0.999999 -0.001695
vn 0.000000 -0.999999 -0.001695
vn 0.000000 -1.000000 0.000000
vn 0.000000 -1.000000 0.000000
vn 0.000000 1.000000 -0.000000
vn 0.000000 1.000000 -0.000000
vn 0.000000 0.842090 0.539338
vn 0.000000 0.842094 0.539331
vn -1.000000 0.000000 -0.000000
vn -1.000000 -0.000000 0.000000
vn 1.000000 0.000000 -0.000000
vn 1.000000 -0.000000 0.000000
vn 0.000000 -0.973026 -0.230698
vn 0.000000 -0.973028 -0.230687
vn 0.000000 0.999889 0.014873
vn 0.000000 0.999889 0.014873
vn 0.000000 0.995955 -0.089851
vn 0.000000 0.995956 -0.089837
vn 0.000000 -0.999947 0.010255
vn 0.000000 -0.999947 0.010259
vn 1.000000 0.000000 -0.000000
vn 1.000000 0.000000 -0.000000
vn 0.000000 -0.987997 0.154474
vn 0.000000 -0.987998 0.154467
vn 0.000000 -0.905316 0.424738
vn 0.000000 -0.905314 0.424744
vn 1.000000 0.000000 -0.000000
vn 1.000000 0.000000 -0.000000
vn -1.000000 0.000000 -0.000000
vn -1.000000 -0.000000 0.000000
vn 0.000000 -0.832230 0.554430
vn 0.000000 -0.832230 0.554430
vn -1.000000 -0.000000 0.000000
vn -1.000000 0.000000 -0.000000
vn 0.000000 0.921573 -0.388204
vn 0.000000 0.921578 -0.388193
vn 1.000000 0.000000 -0.000000
vn 1.000000 0.000000 -0.000000
vn 0.000000 0.554432 0.832229
vn 0.000000 0.554432 0.832229
vn 0.000000 0.554432 0.832229
vn 0.000000 0.554436 0.832227
vn 0.000000 0.554436 0.832227
vn 0.000000 0.554436 0.832227
vn -1.000000 0.000000 -0.000000
vn -1.000000 0.000000 -0.000000
vn 0.000000 0.832231 -0.554430
vn 0.000000 0.832230 -0.554431
vn 1.000000 0.000000 -0.000000
vn 1.000000 0.000000 -0.000000
vn 0.000000 0.741707 0.670724
vn 0.000000 0.741709 0.670722
vn -1.000000 0.000000 -0.000000
vn -1.000000 0.000000 -0.000000
vn 1.000000 0.000000 -0.000000
vn 1.000000 -0.000000 0.000000
vn 0.000000 -0.799756 -0.600326
vn 0.000000 -0.799757 -0.600323
vn 0.000000 0.993100 -0.117273
vn 0.000000 0.993100 -0.117273
vn 0.000000 0.993100 -0.117273
vn 0.000000 0.993099 -0.117281
vn 0.000000 0.993099 -0.117281
vn 0.000000 0.993099 -0.117281
vn -1.000000 0.000000 -0.000000
vn -1.000000 0.000000 -0.000000
vn 1.000000 0.000000 -0.000000
vn 1.000000 -0.000000 0.000000
vn 0.000000 -0.678097 -0.734972
vn 0.000000 -0.678097 -0.734972
vn -0.000000 -0.005738 -0.999984
vn -0.000000 -0.003596 -0.999994
vn -0.000003 -0.005737 -0.999984
vn 0.000000 -0.006008 -0.999982
vn -0.000000 -0.005960 -0.999982
vn -0.000039 -0.581081 -0.813846
vn -0.000018 -0.581053 -0.813866
vn -0.000050 -0.581067 -0.813855
vn 0.000011 -0.581065 -0.813857
vn 0.000042 -0.581072 -0.813852
vn -0.000034 -0.581114 -0.813822
vn -0.678379 0.643963 0.353713
vn -0.678379 0.643963 0.353713
vn -0.678379 0.643963 0.353713
vn -0.678450 0.705096 -0.206265
vn -0.678450 0.705096 -0.206265
vn -0.678450 0.705096 -0.206265
vn 0.678530 0.643844 0.353639
vn 0.678530 0.643844 0.353639
vn 0.678530 0.643844 0.353639
vn 0.678601 0.704969 -0.206202
vn 0.678601 0.704969 -0.206202
vn 0.678601 0.704969 -0.206202
vn -0.688664 -0.725047 0.007053
vn -0.688664 -0.725047 0.007053
vn -0.688664 -0.725047 0.007053
vn -0.781425 -0.297134 -0.548713
vn -0.554691 -0.000296 -0.832056
vn -0.414812 -0.670024 -0.615629
vn 0.688810 -0.724908 0.007070
vn 0.688810 -0.724908 0.007070
vn 0.688810 -0.724908 0.007070
vn 0.414806 -0.670010 -0.615648
vn 0.554713 -0.000292 -0.832042
vn 0.781421 -0.297132 -0.548720
vn 0.230153 0.829481 0.508911
vn -0.007496 0.846883 0.531726
vn -0.242370 0.826716 0.507738
vn -0.010331 -0.957290 0.288944
vn -0.010331 -0.957290 0.288944
vn -0.010331 -0.957290 0.288944
vn -0.402198 -0.133258 0.905803
vn 0.000000 -0.146090 0.989271
vn 0.000000 -0.236675 0.971589
vn -0.404500 -0.214605 0.889002
vn 0.000000 0.144250 -0.989541
vn 0.000000 0.144249 -0.989541
vn 0.000000 0.204964 -0.978770
vn 0.000000 0.204964 -0.978770
vn 0.000000 -0.146090 0.989271
vn 0.000000 -0.108632 0.994082
vn 0.387978 -0.100102 0.916217
vn 0.389889 -0.134035 0.911055
vn 0.000588 0.994075 0.108696
vn 0.000000 0.994082 0.108630
vn 0.000000 0.994082 0.108630
vn 0.000639 0.994074 0.108701
vn 0.000000 0.144251 -0.989541
vn 0.000000 0.108632 -0.994082
vn 0.000000 0.108632 -0.994082
vn 0.000000 0.144250 -0.989541
vn -1.000000 0.000000 -0.000000
vn -1.000000 0.000000 -0.000000
vn -1.000000 0.000000 -0.000000
vn -1.000000 0.000000 -0.000000
vn 1.000000 -0.000000 0.000000
vn 1.000000 -0.000000 0.000000
vn 1.000000 -0.000000 0.000000
vn 1.000000 0.000000 -0.000000
vn 1.000000 0.000000 -0.000000
vn 1.000000 0.000000 -0.000000
vn 1.000000 0.000000 -0.000000
vn 1.000000 0.000000 -0.000000
vn -0.400263 -0.099550 0.910977
vn 0.000000 -0.108632 0.994082
vn 0.000000 0.235333 -0.971915
vn 0.000000 0.235333 -0.971915
vn 0.000000 -0.331194 0.943563
vn -0.405418 -0.300810 0.863220
vn 0.000000 -0.236672 0.971590
vn 0.392099 -0.215909 0.894227
vn 0.393072 -0.302682 0.868262
vn 0.000000 -0.331192 0.943563
vn -1.000000 -0.000000 0.000000
vn -1.000000 -0.000000 0.000000
vn -1.000000 -0.000000 0.000000
vn -1.000000 0.000000 -0.000000
vn 0.000000 0.235333 -0.971915
vn 0.000000 0.235333 -0.971915
vn 0.000000 0.317635 -0.948213
vn 0.000000 0.317586 -0.948230
vn -1.000000 0.000000 -0.000000
vn -1.000000 -0.000000 0.000000
vn 0.000000 -0.381638 0.924312
vn -0.405084 -0.348312 0.845332
vn 0.392781 -0.350385 0.850266
vn 0.000000 -0.381637 0.924312
vn 0.420183 -0.354623 0.835278
vn 0.000000 -0.390795 0.920478
vn 0.000000 -0.390796 0.920478
vn -0.433788 -0.352085 0.829376
vn 0.000200 -0.077320 -0.997006
vn 0.007800 -0.711905 -0.702233
vn 0.014292 -0.837129 -0.546819
vn 0.000000 -0.836416 -0.548094
vn 0.000177 0.994080 0.108646
vn 0.000031 0.994075 0.108700
vn 0.000300 -0.712939 -0.701226
vn -0.007499 -0.711900 -0.702241
vn -0.013715 -0.837137 -0.546821
vn 0.000114 -0.837870 -0.545871
vn -0.000000 0.317635 -0.948213
vn 0.000000 0.317635 -0.948213
vn -0.000200 -0.077301 -0.997008
vn -0.000000 -0.078369 -0.996924
vn 0.000000 0.235333 -0.971915
vn -0.410678 -0.348485 0.842557
vn -0.375182 -0.362100 0.853301
vn -0.410166 -0.304398 0.859713
vn 0.000000 0.204964 -0.978770
vn 0.000000 0.204964 -0.978770
vn -0.408979 -0.218191 0.886075
vn 0.000000 0.144250 -0.989541
vn 0.000000 0.108632 -0.994082
vn -0.407198 -0.134303 0.903411
vn 0.000000 0.108632 -0.994082
vn 0.000000 0.108632 -0.994082
vn 0.000000 0.994082 0.108630
vn -0.000612 0.994075 0.108699
vn -0.000665 0.994075 0.108691
vn 0.000000 0.994082 0.108631
vn 0.000000 0.204964 -0.978770
vn 0.000000 0.317631 -0.948214
vn -0.406810 -0.099114 0.908120
vn -1.000000 0.000000 -0.000000
vn -1.000000 0.000000 -0.000000
vn 1.000000 0.000000 -0.000000
vn 1.000000 0.000000 -0.000000
vn 1.000000 -0.000000 0.000000
vn 1.000000 0.000000 -0.000000
vn 0.000000 -0.836417 -0.548094
vn 0.386789 -0.352392 0.852182
vn 0.352893 -0.365507 0.861320
vn 0.385974 -0.307904 0.869609
vn 0.384667 -0.220690 0.896286
vn 0.382696 -0.135906 0.913823
vn -0.000354 0.994067 0.108766
vn -0.000031 0.994057 0.108857
vn -0.000031 0.994057 0.108857
vn -0.000046 0.994075 0.108696
vn 0.382417 -0.100306 0.918529
vn -0.921617 -0.056299 0.383995
vn -0.923575 -0.041651 0.381149
vn -0.923575 -0.041651 0.381149
vn -0.921572 -0.056498 0.384075
vn -0.707032 0.702997 0.076821
vn -0.707032 0.702997 0.076821
vn -0.707032 0.702997 0.076821
vn -0.707044 0.702985 0.076821
vn -0.707044 0.702985 0.076821
vn -0.707044 0.702985 0.076821
vn -0.923572 0.041652 -0.381157
vn -0.921578 0.056999 -0.383985
vn -0.921623 0.056801 -0.383908
vn -0.923572 0.041652 -0.381157
vn 0.000000 0.959778 -0.280762
vn 0.000000 0.959778 -0.280762
vn 0.000000 0.959778 -0.280762
vn 0.000000 0.959778 -0.280762
vn 0.923626 0.041638 -0.381026
vn 0.921623 0.056800 -0.383907
vn 0.921571 0.057002 -0.384002
vn 0.923626 0.041638 -0.381026
vn 0.707184 0.702846 0.076805
vn 0.707184 0.702846 0.076805
vn 0.707184 0.702846 0.076805
vn 0.707178 0.702852 0.076806
vn 0.707178 0.702852 0.076806
vn 0.707178 0.702852 0.076806
vn 0.923631 -0.041637 0.381015
vn 0.921624 -0.056293 0.383980
vn 0.921585 -0.056489 0.384044
vn 0.923631 -0.041637 0.381015
vn -0.152492 0.866242 0.475786
vn 0.000000 0.876478 0.481441
vn 0.000000 0.876481 0.481437
vn -0.179213 0.862269 0.473682
vn -0.911196 0.089295 -0.402181
vn -0.913302 0.084997 -0.398314
vn -0.913612 -0.092577 0.395907
vn -0.911622 -0.099492 0.398807
vn 0.911191 0.089296 -0.402191
vn 0.913312 0.084997 -0.398292
vn 0.913626 -0.092603 0.395868
vn 0.911628 -0.099490 0.398793
vn -0.885688 0.114698 -0.449891
vn -0.893892 0.109405 -0.434728
vn 0.888866 -0.155194 0.431083
vn 0.895612 -0.141524 0.421722
vn -0.913612 -0.092612 0.395900
vn -0.895618 -0.141508 0.421715
vn -0.888859 -0.155204 0.431093
vn -0.911618 -0.099493 0.398816
vn 0.893884 0.109414 -0.434741
vn 0.885697 0.114691 -0.449874
vn -0.871870 -0.184107 0.453815
vn -0.865858 -0.191789 0.462069
vn 0.871884 -0.184096 0.453791
vn 0.865861 -0.191786 0.462064
vn 0.864560 0.174192 -0.471374
vn 0.869215 0.148115 -0.471728
vn -0.864559 0.174192 -0.471376
vn -0.869227 0.148102 -0.471710
vn -0.713890 -0.585707 -0.383808
vn -0.713891 -0.585706 -0.383807
vn 0.714039 -0.585579 -0.383727
vn 0.714038 -0.585579 -0.383727
vn 0.193288 -0.981096 0.009553
vn 0.000000 -0.999953 0.009738
vn 0.000000 -0.999953 0.009738
vn 0.220300 -0.975385 0.009600
vn 0.859479 -0.199763 0.470521
vn 0.859309 -0.199817 0.470810
vn -0.554707 -0.000299 -0.832046
vn -0.781430 -0.297115 -0.548716
vn -0.859387 -0.199831 0.470661
vn -0.859390 -0.199829 0.470656
vn 0.000032 0.959815 -0.280634
vn 0.000032 0.959815 -0.280634
vn 0.000032 0.959815 -0.280634
vn 0.000000 0.959779 -0.280756
vn 0.000000 0.959779 -0.280756
vn 0.000000 0.959779 -0.280756
vn 0.147483 0.866885 0.476193
vn -0.007478 0.846903 0.531695
vn 0.230231 0.829483 0.508873
vn 0.172323 0.863325 0.474314
vn -0.199482 -0.979855 0.009602
vn -0.418355 -0.908239 0.009008
vn -0.418347 -0.908243 0.008999
vn -0.228397 -0.973521 0.009600
vn -0.000031 0.959770 -0.280787
vn -0.000031 0.959770 -0.280787
vn -0.000031 0.959770 -0.280787
vn 0.000000 0.959824 -0.280604
vn 0.000000 0.959824 -0.280604
vn 0.000000 0.959824 -0.280604
vn 0.404953 -0.914292 0.009133
vn 0.404959 -0.914289 0.009148
vn 0.000000 0.876491 0.481418
vn 0.000000 0.876492 0.481416
vn -0.007530 0.846903 0.531694
vn -0.242419 0.826723 0.507702
vn 0.000000 0.959778 -0.280759
vn 0.000000 0.959778 -0.280759
vn 0.000000 0.959778 -0.280759
vn 0.000000 0.959778 -0.280760
vn 0.000000 0.959778 -0.280760
vn 0.000000 0.959778 -0.280760
vn 0.000000 -0.999953 0.009737
vn 0.000000 -0.999953 0.009737
vn -0.963664 0.267116 -0.000000
vn -0.919036 -0.394174 -0.000007
vn -0.919035 -0.394175 0.000000
vn -0.963664 0.267116 -0.000000
vn 0.000000 -0.000000 -1.000000
vn 0.000000 -0.000000 -1.000000
vn 0.000000 -0.000000 -1.000000
vn 0.000000 -0.000000 -1.000000
vn 0.963648 0.267177 -0.000000
vn 0.919038 -0.394168 0.000000
vn 0.919033 -0.394181 -0.000002
vn 0.963648 0.267176 -0.000000
vn 0.000000 0.000000 1.000000
vn 0.000000 0.000000 1.000000
vn 0.000000 0.000000 1.000000
vn 0.000000 0.000000 1.000000
vn 0.000000 -1.000000 0.000000
vn 0.000000 -1.000000 0.000000
vn 0.000000 -1.000000 0.000000
vn 0.000000 -1.000000 0.000000
vn 0.000000 -0.000000 -1.000000
vn 0.000000 -0.000000 -1.000000
vn 0.868439 -0.495796 0.000000
vn 0.868450 -0.495777 0.000000
vn 0.845228 0.534405 -0.000000
vn 0.845246 0.534377 0.000004
vn 0.845228 0.534405 -0.000039
vn 0.868442 -0.495791 -0.000002
vn 0.868438 -0.495798 0.000037
vn 0.845245 0.534379 -0.000000
vn 0.000000 0.000000 1.000000
vn 0.000000 0.000000 1.000000
vn 0.000000 0.000000 1.000000
vn 0.000000 0.000000 1.000000
vn 0.000000 0.000000 1.000000
vn 0.000000 0.000000 1.000000
vn -0.868435 -0.495803 0.000029
vn -0.845244 0.534381 -0.000000
vn -0.845224 0.534412 -0.000000
vn -0.868427 -0.495817 0.000000
vn -0.845226 0.534410 -0.000000
vn -0.845244 0.534381 -0.000000
vn -0.868438 -0.495797 0.000000
vn -0.868438 -0.495797 -0.000002
vn 0.000000 -0.000000 -1.000000
vn 0.000000 -0.000000 -1.000000
vn 0.000000 1.000000 -0.000000
vn 0.000000 1.000000 -0.000000
vn 0.000000 1.000000 -0.000000
vn 0.000000 1.000000 -0.000000
vn 0.000000 1.000000 -0.000000
vn 0.000000 1.000000 -0.000000
vn 0.000000 1.000000 -0.000000
vn 0.000000 1.000000 -0.000000
vn 0.000000 -0.000000 -1.000000
vn 0.000000 -0.000000 -1.000000
vn 0.603002 0.797740 -0.000000
vn 0.603002 0.797740 -0.000000
vn 0.603002 0.797740 -0.000000
vn 0.602998 0.797743 -0.000000
vn -0.603081 0.797680 -0.000000
vn -0.603078 0.797683 -0.000000
vn -0.603081 0.797680 -0.000000
vn -0.603081 0.797680 -0.000000
vn 0.000000 1.000000 -0.000000
vn 0.000000 1.000000 -0.000000
vn 0.000000 1.000000 -0.000000
vn 0.000000 1.000000 -0.000000
vn -0.963664 0.267116 -0.000000
vn -0.919036 -0.394173 -0.000003
vn -0.919036 -0.394173 0.000000
vn -0.963664 0.267116 -0.000000
vn 0.000000 -0.000000 -1.000000
vn 0.000000 -0.000000 -1.000000
vn 0.000000 -0.000000 -1.000000
vn 0.000000 -0.000000 -1.000000
vn 0.963648 0.267177 -0.000000
vn 0.919038 -0.394168 0.000000
vn 0.919033 -0.394180 -0.000002
vn 0.963648 0.267176 -0.000000
vn 0.000000 0.000000 1.000000
vn 0.000000 0.000000 1.000000
vn 0.000000 0.000000 1.000000
vn 0.000000 0.000000 1.000000
vn 0.000000 -1.000000 0.000000
vn 0.000000 -1.000000 0.000000
vn 0.000000 -1.000000 0.000000
vn 0.000000 -1.000000 0.000000
vn 0.000000 -0.000000 -1.000000
vn 0.000000 -0.000000 -1.000000
vn 0.868438 -0.495798 0.000000
vn 0.868450 -0.495777 -0.000032
vn 0.845228 0.534406 -0.000000
vn 0.845246 0.534378 0.000004
vn 0.845227 0.534408 -0.000000
vn 0.868442 -0.495791 -0.000002
vn 0.868440 -0.495795 0.000033
vn 0.845246 0.534377 -0.000000
vn 0.000000 0.000000 1.000000
vn 0.000000 0.000000 1.000000
vn 0.000000 0.000000 1.000000
vn 0.000000 0.000000 1.000000
vn 0.000000 0.000000 1.000000
vn 0.000000 0.000000 1.000000
vn -0.868436 -0.495802 -0.000003
vn -0.845243 0.534383 -0.000000
vn -0.845225 0.534410 -0.000000
vn -0.868425 -0.495820 0.000000
vn -0.845225 0.534411 -0.000000
vn -0.845243 0.534382 -0.000000
vn -0.868440 -0.495795 0.000000
vn -0.868445 -0.495785 -0.000002
vn 0.000000 -0.000000 -1.000000
vn 0.000000 -0.000000 -1.000000
vn 0.000000 1.000000 -0.000000
vn 0.000000 1.000000 -0.000000
vn 0.000000 1.000000 -0.000000
vn 0.000000 1.000000 -0.000000
vn 0.000000 1.000000 -0.000000
vn 0.000000 1.000000 -0.000000
vn 0.000000 1.000000 -0.000000
vn 0.000000 1.000000 -0.000000
vn 0.000000 -0.000000 -1.000000
vn 0.000000 -0.000000 -1.000000
vn 0.603001 0.797741 -0.000000
vn 0.603000 0.797741 -0.000000
vn 0.602998 0.797743 -0.000000
vn 0.603002 0.797740 -0.000000
vn -0.603077 0.797683 -0.000000
vn -0.603079 0.797682 -0.000000
vn -0.603079 0.797682 -0.000000
vn -0.603079 0.797681 -0.000000
vn 0.000000 1.000000 -0.000000
vn 0.000000 1.000000 -0.000000
vn 0.000000 1.000000 -0.000000
vn 0.000000 1.000000 -0.000000
vn -0.963664 0.267116 -0.000000
vn -0.919035 -0.394175 -0.000007
vn -0.919036 -0.394173 0.000000
vn -0.963665 0.267116 -0.000000
vn 0.000000 -0.000000 -1.000000
vn 0.000000 -0.000000 -1.000000
vn 0.000000 -0.000000 -1.000000
vn 0.000000 -0.000000 -1.000000
vn 0.963648 0.267177 -0.000000
vn 0.919038 -0.394168 0.000000
vn 0.919033 -0.394182 -0.000002
vn 0.963648 0.267176 -0.000000
vn 0.000000 0.000000 1.000000
vn 0.000000 0.000000 1.000000
vn 0.000000 0.000000 1.000000
vn 0.000000 0.000000 1.000000
vn 0.000000 -1.000000 0.000000
vn 0.000000 -1.000000 0.000000
vn 0.000000 -1.000000 0.000000
vn 0.000000 -1.000000 0.000000
vn 0.000000 -0.000000 -1.000000
vn 0.000000 -0.000000 -1.000000
vn 0.868438 -0.495798 0.000000
vn 0.868450 -0.495777 -0.000032
vn 0.845228 0.534405 -0.000000
vn 0.845246 0.534378 -0.000000
vn 0.845228 0.534405 -0.000039
vn 0.868441 -0.495792 -0.000002
vn 0.868438 -0.495798 0.000037
vn 0.845246 0.534378 -0.000000
vn 0.000000 0.000000 1.000000
vn 0.000000 0.000000 1.000000
vn 0.000000 0.000000 1.000000
vn 0.000000 0.000000 1.000000
vn 0.000000 0.000000 1.000000
vn 0.000000 0.000000 1.000000
vn -0.868434 -0.495805 -0.000003
vn -0.845244 0.534381 -0.000000
vn -0.845225 0.534411 -0.000000
vn -0.868427 -0.495817 0.000000
vn -0.845225 0.534411 -0.000000
vn -0.845244 0.534381 0.000035
vn -0.868440 -0.495795 0.000000
vn -0.868445 -0.495785 -0.000002
vn 0.000000 -0.000000 -1.000000
vn 0.000000 -0.000000 -1.000000
vn 0.000000 1.000000 -0.000000
vn 0.000000 1.000000 -0.000000
vn 0.000000 1.000000 -0.000000
vn 0.000000 1.000000 -0.000000
vn 0.000000 1.000000 -0.000000
vn 0.000000 1.000000 -0.000000
vn 0.000000 1.000000 -0.000000
vn 0.000000 1.000000 -0.000000
vn 0.000000 -0.000000 -1.000000
vn 0.000000 -0.000000 -1.000000
vn 0.603002 0.797740 -0.000000
vn 0.603000 0.797741 -0.000000
vn 0.603002 0.797740 -0.000000
vn 0.603000 0.797741 -0.000000
vn -0.603081 0.797680 -0.000000
vn -0.603079 0.797681 -0.000000
vn -0.603079 0.797681 -0.000000
vn -0.603081 0.797680 -0.000000
vn 0.000000 1.000000 -0.000000
vn 0.000000 1.000000 -0.000000
vn 0.000000 1.000000 -0.000000
vn 0.000000 1.000000 -0.000000
vn -0.963664 0.267116 -0.000000
vn -0.919036 -0.394174 -0.000007
vn -0.919036 -0.394174 0.000000
vn -0.963665 0.267115 -0.000000
vn 0.000000 -0.000000 -1.000000
vn 0.000000 -0.000000 -1.000000
vn 0.000000 -0.000000 -1.000000
vn 0.000000 -0.000000 -1.000000
vn 0.963648 0.267176 -0.000000
vn 0.919024 -0.394202 0.000000
vn 0.919033 -0.394181 -0.000002
vn 0.963648 0.267176 -0.000000
vn 0.000000 0.000000 1.000000
vn 0.000000 0.000000 1.000000
vn 0.000000 0.000000 1.000000
vn 0.000000 0.000000 1.000000
vn 0.000000 -1.000000 0.000000
vn 0.000000 -1.000000 0.000000
vn 0.000000 -1.000000 0.000000
vn 0.000000 -1.000000 0.000000
vn 0.000000 -0.000000 -1.000000
vn 0.000000 -0.000000 -1.000000
vn 0.868438 -0.495797 0.000000
vn 0.868450 -0.495777 -0.000032
vn 0.845228 0.534406 -0.000000
vn 0.845246 0.534377 -0.000001
vn 0.845228 0.534406 -0.000000
vn 0.868441 -0.495792 -0.000002
vn 0.868438 -0.495798 0.000037
vn 0.845246 0.534378 -0.000000
vn 0.000000 0.000000 1.000000
vn 0.000000 0.000000 1.000000
vn 0.000000 0.000000 1.000000
vn 0.000000 0.000000 1.000000
vn 0.000000 0.000000 1.000000
vn 0.000000 0.000000 1.000000
vn -0.868435 -0.495804 -0.000003
vn -0.845243 0.534382 -0.000000
vn -0.845225 0.534411 -0.000000
vn -0.868427 -0.495817 0.000000
vn -0.845226 0.534410 -0.000000
vn -0.845243 0.534382 -0.000000
vn -0.868439 -0.495796 0.000000
vn -0.868452 -0.495773 0.000011
vn 0.000000 -0.000000 -1.000000
vn 0.000000 -0.000000 -1.000000
vn 0.000000 1.000000 -0.000000
vn 0.000000 1.000000 -0.000000
vn 0.000000 1.000000 -0.000000
vn 0.000000 1.000000 -0.000000
vn 0.000000 1.000000 -0.000000
vn 0.000000 1.000000 -0.000000
vn 0.000000 1.000000 -0.000000
vn 0.000000 1.000000 -0.000000
vn 0.000000 -0.000000 -1.000000
vn 0.000000 -0.000000 -1.000000
vn 0.603001 0.797741 -0.000000
vn 0.603002 0.797740 -0.000000
vn 0.603001 0.797741 -0.000000
vn 0.603000 0.797741 -0.000000
vn -0.603079 0.797681 -0.000000
vn -0.603079 0.797682 -0.000000
vn -0.603080 0.797680 -0.000000
vn -0.603079 0.797681 -0.000000
vn 0.000000 1.000000 -0.000000
vn 0.000000 1.000000 -0.000000
vn 0.000000 1.000000 -0.000000
vn 0.000000 1.000000 -0.000000
vn -0.963664 0.267116 -0.000000
vn -0.919036 -0.394174 0.000033
vn -0.919036 -0.394174 0.000000
vn -0.963664 0.267116 -0.000000
vn 0.000000 -0.000000 -1.000000
vn 0.000000 -0.000000 -1.000000
vn 0.000000 -0.000000 -1.000000
vn 0.000000 -0.000000 -1.000000
vn 0.963647 0.267177 -0.000000
vn 0.919038 -0.394168 0.000000
vn 0.919033 -0.394180 -0.000002
vn 0.963648 0.267176 -0.000000
vn 0.000000 0.000000 1.000000
vn 0.000000 0.000000 1.000000
vn 0.000000 0.000000 1.000000
vn 0.000000 0.000000 1.000000
vn 0.000000 -1.000000 0.000000
vn 0.000000 -1.000000 0.000000
vn 0.000000 -1.000000 0.000000
vn 0.000000 -1.000000 0.000000
vn 0.000000 -0.000000 -1.000000
vn 0.000000 -0.000000 -1.000000
vn 0.868443 -0.495790 0.000000
vn 0.868449 -0.495778 0.000000
vn 0.845228 0.534406 -0.000000
vn 0.845246 0.534377 0.000004
vn 0.845228 0.534406 -0.000000
vn 0.868442 -0.495791 -0.000002
vn 0.868438 -0.495797 0.000000
vn 0.845246 0.534378 -0.000000
vn 0.000000 0.000000 1.000000
vn 0.000000 0.000000 1.000000
vn 0.000000 0.000000 1.000000
vn 0.000000 0.000000 1.000000
vn 0.000000 0.000000 1.000000
vn 0.000000 0.000000 1.000000
vn -0.868435 -0.495804 -0.000003
vn -0.845243 0.534382 -0.000000
vn -0.845225 0.534411 -0.000000
vn -0.868428 -0.495816 0.000000
vn -0.845225 0.534410 -0.000000
vn -0.845243 0.534381 -0.000000
vn -0.868440 -0.495795 0.000000
vn -0.868449 -0.495778 -0.000002
vn 0.000000 -0.000000 -1.000000
vn 0.000000 -0.000000 -1.000000
vn 0.000000 1.000000 -0.000000
vn 0.000000 1.000000 -0.000000
vn 0.000000 1.000000 -0.000000
vn 0.000000 1.000000 -0.000000
vn 0.000000 1.000000 -0.000000
vn 0.000000 1.000000 -0.000000
vn 0.000000 1.000000 -0.000000
vn 0.000000 1.000000 -0.000000
vn 0.000000 -0.000000 -1.000000
vn 0.000000 -0.000000 -1.000000
vn 0.603001 0.797740 -0.000000
vn 0.603001 0.797740 -0.000000
vn 0.603001 0.797741 -0.000000
vn 0.603000 0.797741 -0.000000
vn -0.603079 0.797681 -0.000000
vn -0.603079 0.797682 -0.000000
vn -0.603079 0.797681 -0.000000
vn -0.603080 0.797681 -0.000000
vn 0.000000 1.000000 -0.000000
vn 0.000000 1.000000 -0.000000
vn 0.000000 1.000000 -0.000000
vn 0.000000 1.000000 -0.000000
vn -0.963664 0.267116 -0.000000
vn -0.919036 -0.394175 0.000033
vn -0.919036 -0.394174 0.000000
vn -0.963665 0.267115 -0.000000
vn 0.000000 -0.000000 -1.000000
vn 0.000000 -0.000000 -1.000000
vn 0.000000 -0.000000 -1.000000
vn 0.000000 -0.000000 -1.000000
vn 0.963648 0.267177 -0.000000
vn 0.919038 -0.394168 0.000000
vn 0.919033 -0.394180 -0.000002
vn 0.963648 0.267176 -0.000000
vn 0.000000 0.000000 1.000000
vn 0.000000 0.000000 1.000000
vn 0.000000 0.000000 1.000000
vn 0.000000 0.000000 1.000000
vn 0.000000 -1.000000 0.000000
vn 0.000000 -1.000000 0.000000
vn 0.000000 -1.000000 0.000000
vn 0.000000 -1.000000 0.000000
vn 0.000000 -0.000000 -1.000000
vn 0.000000 -0.000000 -1.000000
vn 0.868438 -0.495798 0.000000
vn 0.868450 -0.495777 0.000000
vn 0.845228 0.534406 -0.000000
vn 0.845246 0.534378 0.000004
vn 0.845227 0.534407 -0.000039
vn 0.868441 -0.495792 -0.000002
vn 0.868438 -0.495797 0.000032
vn 0.845246 0.534377 -0.000000
vn 0.000000 0.000000 1.000000
vn 0.000000 0.000000 1.000000
vn 0.000000 0.000000 1.000000
vn 0.000000 0.000000 1.000000
vn 0.000000 0.000000 1.000000
vn 0.000000 0.000000 1.000000
vn -0.868434 -0.495805 -0.000003
vn -0.845243 0.534382 -0.000000
vn -0.845225 0.534410 -0.000004
vn -0.868428 -0.495816 0.000000
vn -0.845225 0.534411 -0.000000
vn -0.845243 0.534382 -0.000000
vn -0.868439 -0.495796 0.000000
vn -0.868452 -0.495773 0.000011
vn 0.000000 -0.000000 -1.000000
vn 0.000000 -0.000000 -1.000000
vn 0.000000 1.000000 -0.000000
vn 0.000000 1.000000 -0.000000
vn 0.000000 1.000000 -0.000000
vn 0.000000 1.000000 -0.000000
vn 0.000000 1.000000 -0.000000
vn 0.000000 1.000000 -0.000000
vn 0.000000 1.000000 -0.000000
vn 0.000000 1.000000 -0.000000
vn 0.000000 -0.000000 -1.000000
vn 0.000000 -0.000000 -1.000000
vn 0.603001 0.797741 -0.000000
vn 0.603000 0.797741 -0.000000
vn 0.603000 0.797742 -0.000000
vn 0.603002 0.797740 -0.000000
vn -0.603078 0.797682 -0.000000
vn -0.603080 0.797681 -0.000000
vn -0.603079 0.797682 -0.000000
vn -0.603079 0.797681 -0.000000
vn 0.000000 1.000000 -0.000000
vn 0.000000 1.000000 -0.000000
vn 0.000000 1.000000 -0.000000
vn 0.000000 1.000000 -0.000000
vn -0.963664 0.267116 -0.000000
vn -0.919036 -0.394174 0.000038
vn -0.919036 -0.394173 0.000000
vn -0.963665 0.267116 -0.000000
vn 0.000000 -0.000000 -1.000000
vn 0.000000 -0.000000 -1.000000
vn 0.000000 -0.000000 -1.000000
vn 0.000000 -0.000000 -1.000000
vn 0.963648 0.267177 -0.000000
vn 0.919024 -0.394201 0.000000
vn 0.919033 -0.394181 -0.000002
vn 0.963648 0.267176 -0.000000
vn 0.000000 0.000000 1.000000
vn 0.000000 0.000000 1.000000
vn 0.000000 0.000000 1.000000
vn 0.000000 0.000000 1.000000
vn 0.000000 -1.000000 0.000000
vn 0.000000 -1.000000 0.000000
vn 0.000000 -1.000000 0.000000
vn 0.000000 -1.000000 0.000000
vn 0.000000 -0.000000 -1.000000
vn 0.000000 -0.000000 -1.000000
vn 0.868438 -0.495797 0.000000
vn 0.868450 -0.495777 -0.000032
vn 0.845228 0.534406 -0.000000
vn 0.845246 0.534378 -0.000035
vn 0.845228 0.534406 -0.000000
vn 0.868442 -0.495791 -0.000002
vn 0.868439 -0.495796 0.000000
vn 0.845246 0.534378 -0.000000
vn 0.000000 0.000000 1.000000
vn 0.000000 0.000000 1.000000
vn 0.000000 0.000000 1.000000
vn 0.000000 0.000000 1.000000
vn 0.000000 0.000000 1.000000
vn 0.000000 0.000000 1.000000
vn -0.868435 -0.495804 0.000000
vn -0.845243 0.534382 -0.000000
vn -0.845225 0.534411 -0.000000
vn -0.868425 -0.495821 0.000000
vn -0.845225 0.534410 -0.000000
vn -0.845243 0.534382 -0.000000
vn -0.868440 -0.495795 0.000000
vn -0.868452 -0.495773 0.000006
vn 0.000000 -0.000000 -1.000000
vn 0.000000 -0.000000 -1.000000
vn 0.000000 1.000000 -0.000000
vn 0.000000 1.000000 -0.000000
vn 0.000000 1.000000 -0.000000
vn 0.000000 1.000000 -0.000000
vn 0.000000 1.000000 -0.000000
vn 0.000000 1.000000 -0.000000
vn 0.000000 1.000000 -0.000000
vn 0.000000 1.000000 -0.000000
vn 0.000000 -0.000000 -1.000000
vn 0.000000 -0.000000 -1.000000
vn 0.603001 0.797741 -0.000000
vn 0.603001 0.797741 -0.000000
vn 0.603001 0.797740 -0.000000
vn 0.603000 0.797741 -0.000000
vn -0.603080 0.797681 -0.000000
vn -0.603079 0.797682 -0.000000
vn -0.603080 0.797681 -0.000000
vn -0.603079 0.797681 -0.000000
vn 0.000000 1.000000 -0.000000
vn 0.000000 1.000000 -0.000000
vn 0.000000 1.000000 -0.000000
vn 0.000000 1.000000 -0.000000
vn -0.963664 0.267116 -0.000000
vn -0.919035 -0.394175 -0.000003
vn -0.919036 -0.394173 0.000000
vn -0.963664 0.267116 -0.000000
vn 0.000000 -0.000000 -1.000000
vn 0.000000 -0.000000 -1.000000
vn 0.000000 -0.000000 -1.000000
vn 0.000000 -0.000000 -1.000000
vn 0.963648 0.267177 -0.000000
vn 0.919038 -0.394169 0.000000
vn 0.919033 -0.394182 -0.000002
vn 0.963648 0.267177 -0.000000
vn 0.000000 0.000000 1.000000
vn 0.000000 0.000000 1.000000
vn 0.000000 0.000000 1.000000
vn 0.000000 0.000000 1.000000
vn 0.000000 -1.000000 0.000000
vn 0.000000 -1.000000 0.000000
vn 0.000000 -1.000000 0.000000
vn 0.000000 -1.000000 0.000000
vn 0.000000 -0.000000 -1.000000
vn 0.000000 -0.000000 -1.000000
vn 0.868438 -0.495797 0.000000
vn 0.868450 -0.495777 0.000000
vn 0.845228 0.534406 -0.000000
vn 0.845246 0.534378 -0.000039
vn 0.845228 0.534406 -0.000000
vn 0.868441 -0.495793 -0.000002
vn 0.868439 -0.495797 0.000000
vn 0.845246 0.534378 -0.000000
vn 0.000000 0.000000 1.000000
vn 0.000000 0.000000 1.000000
vn 0.000000 0.000000 1.000000
vn 0.000000 0.000000 1.000000
vn 0.000000 0.000000 1.000000
vn 0.000000 0.000000 1.000000
vn -0.868434 -0.495806 0.000029
vn -0.845243 0.534382 -0.000000
vn -0.845225 0.534410 -0.000000
vn -0.868428 -0.495816 0.000000
vn -0.845225 0.534411 -0.000000
vn -0.845243 0.534381 -0.000000
vn -0.868440 -0.495795 0.000000
vn -0.868452 -0.495773 0.000006
vn 0.000000 -0.000000 -1.000000
vn 0.000000 -0.000000 -1.000000
vn 0.000000 1.000000 -0.000000
vn 0.000000 1.000000 -0.000000
vn 0.000000 1.000000 -0.000000
vn 0.000000 1.000000 -0.000000
vn 0.000000 1.000000 -0.000000
vn 0.000000 1.000000 -0.000000
vn 0.000000 1.000000 -0.000000
vn 0.000000 1.000000 -0.000000
vn 0.000000 -0.000000 -1.000000
vn 0.000000 -0.000000 -1.000000
vn 0.603001 0.797740 -0.000000
vn 0.603000 0.797741 -0.000000
vn 0.603001 0.797741 -0.000000
vn 0.603001 0.797741 -0.000000
vn -0.603080 0.797681 -0.000000
vn -0.603079 0.797681 -0.000000
vn -0.603079 0.797682 -0.000000
vn -0.603080 0.797681 -0.000000
vn 0.000000 1.000000 -0.000000
vn 0.000000 1.000000 -0.000000
vn 0.000000 1.000000 -0.000000
vn 0.000000 1.000000 -0.000000
vn -0.963664 0.267116 -0.000000
vn -0.919036 -0.394175 -0.000003
vn -0.919036 -0.394173 0.000000
vn -0.963664 0.267116 -0.000000
vn 0.000000 -0.000000 -1.000000
vn 0.000000 -0.000000 -1.000000
vn 0.000000 -0.000000 -1.000000
vn 0.000000 -0.000000 -1.000000
vn 0.963648 0.267177 -0.000000
vn 0.919038 -0.394168 0.000000
vn 0.919033 -0.394181 -0.000002
vn 0.963648 0.267176 -0.000000
vn 0.000000 0.000000 1.000000
vn 0.000000 0.000000 1.000000
vn 0.000000 0.000000 1.000000
vn 0.000000 0.000000 1.000000
vn 0.000000 -1.000000 0.000000
vn 0.000000 -1.000000 0.000000
vn 0.000000 -1.000000 0.000000
vn 0.000000 -1.000000 0.000000
vn 0.000000 -0.000000 -1.000000
vn 0.000000 -0.000000 -1.000000
vn 0.868438 -0.495797 0.000000
vn 0.868450 -0.495777 0.000000
vn 0.845228 0.534406 -0.000000
vn 0.845246 0.534378 -0.000000
vn 0.845228 0.534406 -0.000000
vn 0.868441 -0.495792 -0.000002
vn 0.868438 -0.495797 0.000000
vn 0.845246 0.534378 -0.000000
vn 0.000000 0.000000 1.000000
vn 0.000000 0.000000 1.000000
vn 0.000000 0.000000 1.000000
vn 0.000000 0.000000 1.000000
vn 0.000000 0.000000 1.000000
vn 0.000000 0.000000 1.000000
vn -0.868434 -0.495804 -0.000003
vn -0.845243 0.534382 -0.000000
vn -0.845225 0.534410 -0.000000
vn -0.868427 -0.495817 0.000000
vn -0.845225 0.534410 -0.000000
vn -0.845243 0.534382 -0.000000
vn -0.868440 -0.495795 0.000000
vn -0.868452 -0.495773 0.000006
vn 0.000000 -0.000000 -1.000000
vn 0.000000 -0.000000 -1.000000
vn 0.000000 1.000000 -0.000000
vn 0.000000 1.000000 -0.000000
vn 0.000000 1.000000 -0.000000
vn 0.000000 1.000000 -0.000000
vn 0.000000 1.000000 -0.000000
vn 0.000000 1.000000 -0.000000
vn 0.000000 1.000000 -0.000000
vn 0.000000 1.000000 -0.000000
vn 0.000000 -0.000000 -1.000000
vn 0.000000 -0.000000 -1.000000
vn 0.603001 0.797740 -0.000000
vn 0.603000 0.797741 -0.000000
vn 0.603001 0.797741 -0.000000
vn 0.603001 0.797741 -0.000000
vn -0.603079 0.797681 -0.000000
vn -0.603080 0.797681 -0.000000
vn -0.603079 0.797681 -0.000000
vn -0.603080 0.797681 -0.000000
vn 0.000000 1.000000 -0.000000
vn 0.000000 1.000000 -0.000000
vn 0.000000 1.000000 -0.000000
vn 0.000000 1.000000 -0.000000
vn 0.644974 -0.764205 0.000004
vn 0.644974 -0.764205 -0.000000
vn -0.645044 -0.764145 0.000032
vn -0.645034 -0.764154 -0.000000
vn 0.000000 0.000000 1.000000
vn 0.000000 0.000000 1.000000
vn 0.000000 0.000000 1.000000
vn 0.000000 0.000000 1.000000
vn 0.000000 0.000000 1.000000
vn 0.000000 0.000000 1.000000
vn 0.000000 0.000000 1.000000
vn 0.000000 0.000000 1.000000
vn 0.000000 -0.000000 -1.000000
vn 0.000000 -0.000000 -1.000000
vn 0.000000 -0.000000 -1.000000
vn 0.000000 -0.000000 -1.000000
vn 0.000000 -0.000000 -1.000000
vn 0.000000 -0.000000 -1.000000
vn 0.000000 -0.000000 -1.000000
vn 0.000000 -0.000000 -1.000000
vn 0.644975 -0.764204 0.000004
vn 0.644974 -0.764204 -0.000000
vn -0.645017 -0.764169 0.000032
vn -0.645032 -0.764155 -0.000000
vn 0.000000 0.000000 1.000000
vn 0.000000 0.000000 1.000000
vn 0.000000 0.000000 1.000000
vn 0.000000 0.000000 1.000000
vn 0.000000 0.000000 1.000000
vn 0.000000 0.000000 1.000000
vn 0.000000 0.000000 1.000000
vn 0.000000 0.000000 1.000000
vn 0.000000 -0.000000 -1.000000
vn 0.000000 -0.000000 -1.000000
vn 0.000000 -0.000000 -1.000000
vn 0.000000 -0.000000 -1.000000
vn 0.000000 -0.000000 -1.000000
vn 0.000000 -0.000000 -1.000000
vn 0.000000 -0.000000 -1.000000
vn 0.000000 -0.000000 -1.000000
vn 0.644973 -0.764206 0.000004
vn 0.644974 -0.764205 -0.000000
vn -0.645017 -0.764168 0.000032
vn -0.645034 -0.764154 -0.000000
vn 0.000000 0.000000 1.000000
vn 0.000000 0.000000 1.000000
vn 0.000000 0.000000 1.000000
vn 0.000000 0.000000 1.000000
vn 0.000000 0.000000 1.000000
vn 0.000000 0.000000 1.000000
vn 0.000000 0.000000 1.000000
vn 0.000000 0.000000 1.000000
vn 0.000000 -0.000000 -1.000000
vn 0.000000 -0.000000 -1.000000
vn 0.000000 -0.000000 -1.000000
vn 0.000000 -0.000000 -1.000000
vn 0.000000 -0.000000 -1.000000
vn 0.000000 -0.000000 -1.000000
vn 0.000000 -0.000000 -1.000000
vn 0.000000 -0.000000 -1.000000
vn 0.644971 -0.764207 0.000004
vn 0.644974 -0.764205 -0.000000
vn -0.645026 -0.764161 0.000032
vn -0.645034 -0.764154 -0.000000
vn 0.000000 0.000000 1.000000
vn 0.000000 0.000000 1.000000
vn 0.000000 0.000000 1.000000
vn 0.000000 0.000000 1.000000
vn 0.000000 0.000000 1.000000
vn 0.000000 0.000000 1.000000
vn 0.000000 0.000000 1.000000
vn 0.000000 0.000000 1.000000
vn 0.000000 -0.000000 -1.000000
vn 0.000000 -0.000000 -1.000000
vn 0.000000 -0.000000 -1.000000
vn 0.000000 -0.000000 -1.000000
vn 0.000000 -0.000000 -1.000000
vn 0.000000 -0.000000 -1.000000
vn 0.000000 -0.000000 -1.000000
vn 0.000000 -0.000000 -1.000000
vn 0.644980 -0.764199 0.000004
vn 0.644973 -0.764206 -0.000000
vn -0.645022 -0.764165 0.000032
vn -0.645034 -0.764154 -0.000000
vn 0.000000 0.000000 1.000000
vn 0.000000 0.000000 1.000000
vn 0.000000 0.000000 1.000000
vn 0.000000 0.000000 1.000000
vn 0.000000 0.000000 1.000000
vn 0.000000 0.000000 1.000000
vn 0.000000 0.000000 1.000000
vn 0.000000 0.000000 1.000000
vn 0.000000 -0.000000 -1.000000
vn 0.000000 -0.000000 -1.000000
vn 0.000000 -0.000000 -1.000000
vn 0.000000 -0.000000 -1.000000
vn 0.000000 -0.000000 -1.000000
vn 0.000000 -0.000000 -1.000000
vn 0.000000 -0.000000 -1.000000
vn 0.000000 -0.000000 -1.000000
vn 0.644974 -0.764204 0.000004
vn 0.644974 -0.764204 -0.000000
vn -0.645026 -0.764161 0.000032
vn -0.645035 -0.764153 -0.000000
vn 0.000000 0.000000 1.000000
vn 0.000000 0.000000 1.000000
vn 0.000000 0.000000 1.000000
vn 0.000000 0.000000 1.000000
vn 0.000000 0.000000 1.000000
vn 0.000000 0.000000 1.000000
vn 0.000000 0.000000 1.000000
vn 0.000000 0.000000 1.000000
vn 0.000000 -0.000000 -1.000000
vn 0.000000 -0.000000 -1.000000
vn 0.000000 -0.000000 -1.000000
vn 0.000000 -0.000000 -1.000000
vn 0.000000 -0.000000 -1.000000
vn 0.000000 -0.000000 -1.000000
vn 0.000000 -0.000000 -1.000000
vn 0.000000 -0.000000 -1.000000
vn 0.644973 -0.764206 0.000004
vn 0.644974 -0.764204 -0.000000
vn -0.645026 -0.764161 0.000032
vn -0.645032 -0.764156 -0.000000
vn 0.000000 0.000000 1.000000
vn 0.000000 0.000000 1.000000
vn 0.000000 0.000000 1.000000
vn 0.000000 0.000000 1.000000
vn 0.000000 0.000000 1.000000
vn 0.000000 0.000000 1.000000
vn 0.000000 0.000000 1.000000
vn 0.000000 0.000000 1.000000
vn 0.000000 -0.000000 -1.000000
vn 0.000000 -0.000000 -1.000000
vn 0.000000 -0.000000 -1.000000
vn 0.000000 -0.000000 -1.000000
vn 0.000000 -0.000000 -1.000000
vn 0.000000 -0.000000 -1.000000
vn 0.000000 -0.000000 -1.000000
vn 0.000000 -0.000000 -1.000000
vn 0.644975 -0.764204 0.000004
vn 0.644973 -0.764205 -0.000000
vn -0.645026 -0.764161 0.000032
vn -0.645035 -0.764153 -0.000000
vn 0.000000 0.000000 1.000000
vn 0.000000 0.000000 1.000000
vn 0.000000 0.000000 1.000000
vn 0.000000 0.000000 1.000000
vn 0.000000 0.000000 1.000000
vn 0.000000 0.000000 1.000000
vn 0.000000 0.000000 1.000000
vn 0.000000 0.000000 1.000000
vn 0.000000 -0.000000 -1.000000
vn 0.000000 -0.000000 -1.000000
vn 0.000000 -0.000000 -1.000000
vn 0.000000 -0.000000 -1.000000
vn 0.000000 -0.000000 -1.000000
vn 0.000000 -0.000000 -1.000000
vn 0.000000 -0.000000 -1.000000
vn 0.000000 -0.000000 -1.000000
vn 0.644975 -0.764203 0.000004
vn 0.644973 -0.764206 -0.000000
vn -0.645026 -0.764161 0.000032
vn -0.645034 -0.764154 -0.000000
vn 0.000000 0.000000 1.000000
vn 0.000000 0.000000 1.000000
vn 0.000000 0.000000 1.000000
vn 0.000000 0.000000 1.000000
vn 0.000000 0.000000 1.000000
vn 0.000000 0.000000 1.000000
vn 0.000000 0.000000 1.000000
vn 0.000000 0.000000 1.000000
vn 0.000000 -0.000000 -1.000000
vn 0.000000 -0.000000 -1.000000
vn 0.000000 -0.000000 -1.000000
vn 0.000000 -0.000000 -1.000000
vn 0.000000 -0.000000 -1.000000
vn 0.000000 -0.000000 -1.000000
vn 0.000000 -0.000000 -1.000000
vn 0.000000 -0.000000 -1.000000
vn 0.000005 0.094386 -0.995536
vn -0.000005 0.094386 -0.995536
vn 0.000000 -0.101646 -0.994821
vn 0.000000 -0.101642 -0.994821
vn 0.000000 -0.293769 -0.955877
vn 0.000000 -0.293771 -0.955876
vn 0.000000 -0.474642 -0.880179
vn 0.000000 -0.474646 -0.880177
vn 0.000000 -0.637184 -0.770711
vn 0.000000 -0.637188 -0.770709
vn 0.000000 -0.775326 -0.631562
vn 0.000000 -0.775322 -0.631566
vn 0.000000 -0.883655 -0.468138
vn 0.000000 -0.883653 -0.468142
vn 0.000000 -0.957993 -0.286793
vn 0.000000 -0.957993 -0.286791
vn 0.000000 -0.995534 -0.094406
vn 0.000000 -0.995533 -0.094411
vn 0.000000 -0.994819 0.101663
vn 0.000000 -0.994819 0.101659
vn 0.000000 -0.955879 0.293762
vn 0.000000 -0.955880 0.293757
vn 0.000000 -0.880192 0.474617
vn 0.000000 -0.880195 0.474613
vn 0.000000 -0.770678 0.637224
vn 0.000000 -0.770678 0.637225
vn 0.000000 -0.631572 0.775317
vn 0.000000 -0.631575 0.775315
vn 0.000000 -0.468169 0.883639
vn 0.000000 -0.468177 0.883635
vn 0.000000 -0.286799 0.957991
vn 0.000000 -0.286804 0.957989
vn 0.000000 -0.094396 0.995535
vn 0.000000 -0.094400 0.995534
vn 0.000000 0.101650 0.994820
vn 0.000000 0.101645 0.994821
vn 0.000000 0.293773 0.955875
vn 0.000000 0.293771 0.955876
vn 0.000000 0.474634 0.880183
vn 0.000000 0.474632 0.880184
vn 0.000000 0.637228 0.770676
vn 0.000000 0.637224 0.770679
vn 0.000000 0.775316 0.631574
vn 0.000000 0.775316 0.631573
vn 0.000000 0.883639 0.468169
vn 0.000000 0.883636 0.468175
vn 0.000000 0.957994 0.286790
vn 0.000000 0.957988 0.286808
vn 0.000000 0.995535 0.094398
vn 0.000000 0.995535 0.094395
vn 0.000000 0.994820 -0.101649
vn 0.000000 0.994819 -0.101666
vn 0.000000 0.955878 -0.293763
vn 0.000000 0.955880 -0.293759
vn 0.000000 0.880189 -0.474623
vn 0.000000 0.880195 -0.474613
vn 0.000000 0.770678 -0.637224
vn 0.000000 0.770678 -0.637225
vn 0.000000 0.631581 -0.775310
vn 0.000000 0.631574 -0.775316
vn 0.000000 0.468175 -0.883636
vn 0.000000 0.468170 -0.883639
vn 0.955758 -0.292841 -0.027768
vn 0.955755 -0.281806 -0.084365
vn 0.955756 -0.281805 -0.084361
vn 0.955757 -0.292843 -0.027766
vn 0.000000 0.286795 -0.957992
vn 0.000000 0.286798 -0.957991
vn -0.000005 0.094440 -0.995531
vn 0.000005 0.094442 -0.995530
vn 0.955766 0.029895 0.292604
vn 0.955767 -0.027764 0.292813
vn 0.955765 -0.027762 0.292817
vn 0.955764 0.029893 0.292612
vn 0.955763 0.281160 -0.086406
vn 0.955764 0.292611 -0.029910
vn 0.955765 0.292607 -0.029910
vn 0.955764 0.281160 -0.086402
vn 0.955759 -0.187431 -0.226705
vn 0.955759 -0.139612 -0.258907
vn 0.955757 -0.139613 -0.258916
vn 0.955758 -0.187434 -0.226706
vn 0.955763 -0.185767 0.228054
vn 0.955761 -0.226692 0.187435
vn 0.955761 -0.226692 0.187435
vn 0.955764 -0.185761 0.228055
vn 0.955759 0.259920 0.137719
vn 0.955761 0.228057 0.185772
vn 0.955762 0.228055 0.185768
vn 0.955757 0.259921 0.137728
vn 0.955764 0.084354 -0.281779
vn 0.955764 0.137707 -0.259907
vn 0.955765 0.137702 -0.259906
vn 0.955766 0.084349 -0.281774
vn 0.955757 -0.292632 0.029903
vn 0.955759 -0.292627 0.029905
vn 0.955764 0.086408 0.281158
vn 0.955763 0.086404 0.281162
vn 0.955767 0.258885 -0.139599
vn 0.955766 0.258884 -0.139607
vn 0.955759 -0.228063 -0.185774
vn 0.955758 -0.228060 -0.185781
vn 0.955763 -0.137707 0.259910
vn 0.955764 -0.137703 0.259909
vn 0.955757 0.281800 0.084360
vn 0.955757 0.281802 0.084359
vn 0.955758 -0.029892 -0.292630
vn 0.955735 0.027784 -0.292914
vn 0.955736 0.027801 -0.292911
vn 0.955758 -0.029886 -0.292633
vn 0.955735 0.027825 -0.292911
vn 0.955735 0.027824 -0.292909
vn 0.955759 -0.281172 0.086413
vn 0.955762 -0.281156 0.086426
vn 0.955765 0.139607 0.258890
vn 0.955763 0.139609 0.258894
vn 0.955768 0.226678 -0.187417
vn 0.955763 0.226689 -0.187427
vn 0.955757 -0.259933 -0.137709
vn 0.955757 -0.259933 -0.137709
vn 0.955766 -0.084354 0.281774
vn 0.955766 -0.084347 0.281776
vn 0.955758 0.292840 0.027764
vn 0.955761 0.292832 0.027757
vn 0.955762 -0.086414 -0.281163
vn 0.955761 -0.086414 -0.281166
vn 0.955763 -0.258896 0.139605
vn 0.955763 -0.258893 0.139610
vn 0.955760 0.187436 0.226696
vn 0.955761 0.187435 0.226693
vn 0.955765 0.185769 -0.228041
vn 0.955763 0.185771 -0.228048
vn -1.000000 0.000000 -0.000000
vn -1.000000 0.000000 -0.000000
vn -1.000000 0.000000 -0.000000
vn -1.000000 -0.000000 0.000000
vn 0.000000 0.094381 -0.995536
vn 0.000000 0.094381 -0.995536
vn 0.000000 0.094381 -0.995536
vn 0.000000 0.094381 -0.995536
vn 1.000000 0.000001 -0.000000
vn 1.000000 0.000001 -0.000000
vn 1.000000 0.000001 -0.000000
vn 1.000000 -0.000000 0.000000
vn 1.000000 -0.000000 0.000000
vn 1.000000 -0.000000 0.000000
vn 0.000000 -0.094388 0.995536
vn 0.000000 -0.094388 0.995536
vn 0.000000 -0.094388 0.995536
vn 0.000000 -0.094388 0.995536
vn 0.000000 -0.996719 -0.080943
vn 0.000000 -0.996719 -0.080943
vn 0.000000 -0.996719 -0.080943
vn 0.000000 -0.996719 -0.080943
vn 0.000000 0.999853 0.017157
vn 0.000000 0.999853 0.017157
vn 0.000000 0.999853 0.017157
vn 0.000000 0.999853 0.017157
vn -1.000000 0.000000 -0.000000
vn -1.000000 0.000000 -0.000000
vn -1.000000 0.000000 -0.000000
vn -1.000000 0.000001 -0.000000
vn -1.000000 0.000001 -0.000000
vn -1.000000 0.000001 -0.000000
vn -1.000000 -0.000001 0.000000
vn -1.000000 -0.000001 0.000000
vn -1.000000 -0.000001 0.000000
vn -1.000000 0.000000 -0.000000
vn -1.000000 0.000000 -0.000000
vn -1.000000 0.000000 -0.000000
vn -1.000000 0.000000 -0.000000
vn -1.000000 0.000000 -0.000000
vn -1.000000 0.000000 -0.000000
vn -1.000000 -0.000000 0.000000
vn -1.000000 0.000000 -0.000000
vn -1.000000 0.000000 -0.000000
vn -1.000000 0.000000 -0.000000
vn -1.000000 0.000000 -0.000000
vn -1.000000 -0.000000 0.000000
vn -1.000000 0.000000 -0.000000
vn -1.000000 0.000000 -0.000000
vn -1.000000 0.000000 -0.000000
vn -1.000000 0.000000 -0.000000
vn -1.000000 0.000000 -0.000000
vn -1.000000 0.000000 -0.000000
vn -1.000000 0.000000 -0.000000
vn -1.000000 0.000000 -0.000000
vn -1.000000 0.000000 -0.000000
vn -1.000000 0.000000 -0.000000
vn -1.000000 0.000000 -0.000000
vn -1.000000 -0.000000 0.000000
vn -1.000000 0.000001 -0.000000
vn -1.000000 0.000001 -0.000000
vn -1.000000 0.000001 -0.000000
vn -1.000000 0.000000 -0.000000
vn -1.000000 0.000000 -0.000000
vn -1.000000 0.000001 -0.000000
vn -1.000000 0.000001 -0.000000
vn -1.000000 0.000000 -0.000000
vn -1.000000 0.000000 -0.000000
vn -1.000000 0.000000 -0.000000
vn 1.000000 -0.000002 0.000000
vn 1.000000 -0.000002 0.000000
vn 1.000000 -0.000002 0.000000
vn 1.000000 0.000001 -0.000000
vn 1.000000 0.000001 -0.000000
vn 1.000000 0.000001 -0.000000
vn 1.000000 0.000000 -0.000000
vn 1.000000 0.000000 -0.000000
vn 1.000000 0.000000 -0.000000
vn 1.000000 -0.000000 0.000000
vn 1.000000 0.000000 -0.000000
vn 1.000000 -0.000000 0.000000
vn 1.000000 0.000001 -0.000000
vn 1.000000 0.000001 -0.000000
vn 1.000000 0.000001 -0.000000
vn 1.000000 -0.000000 0.000000
vn 1.000000 -0.000000 0.000000
vn 1.000000 0.000000 -0.000000
vn 1.000000 0.000000 -0.000000
vn 1.000000 0.000000 -0.000000
vn 1.000000 0.000000 -0.000000
vn 1.000000 0.000000 -0.000000
vn 1.000000 -0.000000 0.000000
vn 1.000000 0.000000 -0.000000
vn 1.000000 0.000000 -0.000000
vn 1.000000 0.000000 -0.000000
vn 1.000000 0.000000 -0.000000
vn 1.000000 0.000000 -0.000000
vn 1.000000 0.000000 -0.000000
vn 1.000000 0.000000 -0.000000
vn 1.000000 0.000000 -0.000000
vn 1.000000 0.000000 -0.000000
vn 1.000000 -0.000000 0.000000
vn 1.000000 0.000001 -0.000000
vn 1.000000 0.000001 -0.000000
vn 1.000000 0.000001 -0.000000
vn 1.000000 0.000000 -0.000000
vn 1.000000 0.000000 -0.000000
vn 1.000000 0.000000 -0.000000
vn 1.000000 -0.000000 0.000000
vn 1.000000 0.000000 -0.000000
vn 1.000000 0.000002 -0.000000
vn 1.000000 0.000002 -0.000000
vn 1.000000 0.000002 -0.000000
vn -0.223482 -0.961997 -0.156902
vn 0.223511 -0.961991 -0.156898
vn 0.237365 -0.952194 -0.192315
vn -0.237570 -0.952048 -0.192782
vn 0.987065 -0.145095 0.068197
vn 0.975385 0.188018 0.115207
vn 0.981248 0.169699 0.091403
vn 0.985538 -0.166176 0.033190
vn 0.989201 0.143424 0.030197
vn 0.987839 -0.154748 -0.015073
vn -0.985540 -0.166159 0.033212
vn -0.981240 0.169741 0.091413
vn -0.975389 0.188003 0.115198
vn -0.987064 -0.145101 0.068198
vn 0.219440 0.959731 0.175391
vn -0.219459 0.959724 0.175408
vn -0.242872 0.964827 0.100607
vn 0.242892 0.964812 0.100701
vn 0.990707 0.134820 -0.018005
vn 0.987505 -0.154349 -0.031791
vn -0.989196 0.143455 0.030211
vn -0.987842 -0.154724 -0.015116
vn -0.987504 -0.154357 -0.031792
vn -0.990706 0.134825 -0.018005
vn 0.225582 0.962452 0.150993
vn -0.225560 0.962458 0.150985
vn 0.251663 0.957072 -0.143804
vn -0.251699 0.957064 -0.143792
vn -0.241789 0.960435 -0.138211
vn 0.241819 0.960429 -0.138200
vn -0.988283 -0.149674 -0.029894
vn -0.985224 0.168985 -0.027891
vn 0.243654 -0.950607 -0.192301
vn -0.243646 -0.950608 -0.192302
vn -0.248601 0.968603 -0.002500
vn 0.248607 0.968601 -0.002500
vn 0.245016 -0.950056 -0.193291
vn -0.245021 -0.950055 -0.193291
vn 0.985233 0.168936 -0.027864
vn 0.988280 -0.149697 -0.029899
vn -0.987124 -0.157323 -0.028903
vn -0.988312 0.152445 -0.000400
vn 0.987129 -0.157296 -0.028900
vn 0.988321 0.152383 -0.000400
vn 0.988321 0.152389 -0.000200
vn 0.987007 -0.160284 -0.011202
vn 0.243884 -0.955055 -0.168493
vn -0.243879 -0.955057 -0.168492
vn -0.986997 -0.160346 -0.011199
vn -0.988321 0.152387 -0.000200
vn 0.248576 0.968612 -0.000900
vn -0.248620 0.968601 -0.000900
vn -0.228623 0.964290 0.133702
vn 0.228617 0.964291 0.133702
vn -0.985085 -0.131398 0.111098
vn -0.982430 0.151495 0.108999
vn 0.245700 -0.967290 -0.063100
vn -0.245649 -0.967303 -0.063102
vn 0.232468 -0.961912 0.143817
vn -0.232501 -0.961907 0.143801
vn 0.982420 0.151540 0.109022
vn 0.985083 -0.131407 0.111105
vn 0.289818 -0.133103 0.947781
vn 0.280679 0.306480 0.909554
vn -0.280679 0.306479 0.909555
vn -0.289771 -0.133092 0.947797
vn -0.954739 -0.278408 0.104705
vn -0.946128 -0.247296 0.209014
vn -0.967094 -0.113098 0.227899
vn -0.212393 -0.932314 0.292712
vn -0.422893 -0.869680 0.254594
vn -0.452720 -0.883717 0.118697
vn -0.541700 -0.096789 0.834981
vn -0.494674 -0.299619 0.815798
vn -0.254387 -0.359425 0.897831
vn -0.962646 0.145603 0.228283
vn -0.935343 0.287198 0.206523
vn -0.949657 0.299077 0.093304
vn -0.238795 0.503902 0.830096
vn -0.465578 0.440825 0.767405
vn -0.524498 0.264795 0.809188
vn -0.442803 0.888768 0.118390
vn -0.404726 0.881531 0.243104
vn -0.204088 0.939119 0.276412
vn 0.967093 -0.113090 0.227906
vn 0.946125 -0.247326 0.208992
vn 0.954734 -0.278431 0.104690
vn 0.254396 -0.359423 0.897830
vn 0.494707 -0.299586 0.815790
vn 0.541711 -0.096779 0.834975
vn 0.452727 -0.883714 0.118691
vn 0.422888 -0.869681 0.254599
vn 0.212384 -0.932315 0.292716
vn 0.949652 0.299097 0.093284
vn 0.935344 0.287189 0.206530
vn 0.962646 0.145578 0.228297
vn 0.204101 0.939117 0.276408
vn 0.404720 0.881533 0.243108
vn 0.442731 0.888804 0.118391
vn 0.524515 0.264781 0.809182
vn 0.465611 0.440795 0.767402
vn 0.238770 0.503917 0.830094
vn -0.236506 -0.961823 -0.137703
vn -0.431812 -0.892326 -0.131501
vn -0.419322 -0.900600 -0.114405
vn -0.938143 -0.344998 0.029398
vn -0.943659 -0.330888 -0.004495
vn -0.416671 0.895713 0.155188
vn -0.430272 0.885883 0.173426
vn -0.935914 0.332952 0.114923
vn -0.929936 0.343907 0.130183
vn 0.236516 -0.961820 -0.137701
vn 0.419286 -0.900616 -0.114411
vn 0.431815 -0.892331 -0.131458
vn 0.943661 -0.330884 -0.004500
vn 0.938140 -0.345006 0.029406
vn 0.430277 0.885887 0.173398
vn 0.416683 0.895705 0.155206
vn 0.929944 0.343880 0.130192
vn 0.935950 0.332882 0.114833
vn -0.948314 0.313289 0.050500
vn -0.460099 0.883078 0.092099
vn 0.948317 0.313280 0.050493
vn 0.460105 0.883075 0.092096
vn 0.453958 -0.874364 -0.171494
vn 0.948776 -0.311674 -0.051791
vn -0.453964 -0.874361 -0.171492
vn -0.431812 -0.892325 -0.131511
vn -0.943660 -0.330886 -0.004489
vn -0.948773 -0.311685 -0.051797
vn -0.951016 0.305002 -0.050420
vn -0.468078 0.875059 -0.123187
vn 0.951015 0.305003 -0.050432
vn 0.468075 0.875053 -0.123239
vn 0.463519 -0.868169 -0.177292
vn 0.950272 -0.305354 -0.061179
vn -0.950274 -0.305347 -0.061178
vn -0.463513 -0.868175 -0.177280
vn 0.950190 -0.305292 -0.062733
vn 0.463814 -0.868456 -0.175100
vn -0.950192 -0.305288 -0.062733
vn -0.463801 -0.868461 -0.175112
vn -0.467412 0.873786 -0.134253
vn -0.951416 0.305205 -0.040705
vn 0.951416 0.305201 -0.040747
vn 0.467400 0.873801 -0.134199
vn 0.950778 -0.305334 -0.052846
vn 0.465380 -0.871065 -0.157059
vn -0.950779 -0.305331 -0.052847
vn -0.465381 -0.871064 -0.157060
vn -0.471396 0.881919 -0.002267
vn -0.952155 0.305614 -0.000784
vn 0.952155 0.305616 -0.000785
vn 0.471394 0.881920 -0.002262
vn -0.952096 0.305799 -0.000545
vn -0.471445 0.881895 -0.000776
vn 0.952113 0.305747 -0.000392
vn 0.471426 0.881905 -0.000759
vn 0.470484 -0.880407 -0.059399
vn 0.951960 -0.305608 -0.019408
vn -0.951889 -0.305840 -0.019218
vn -0.470518 -0.880386 -0.059448
vn -0.000000 -0.016172 -0.999869
vn 0.000000 -0.016495 -0.999864
vn 0.000000 -0.016591 -0.999862
vn 0.000000 -0.016316 -0.999867
vn -0.000000 -0.016374 -0.999866
vn 0.000000 -0.016374 -0.999866
vn 0.000000 -0.016522 -0.999864
vn 0.000000 -0.016522 -0.999864
vn 0.000000 -0.016522 -0.999864
vn 0.000000 -0.016522 -0.999864
vn -0.000000 -0.016243 -0.999868
vn -0.000000 -0.016243 -0.999868
vn 0.000000 -0.016243 -0.999868
vn 0.000000 -0.016483 -0.999864
vn 0.000000 -0.016483 -0.999864
vn -0.000000 -0.016483 -0.999864
vn -0.000000 -0.016582 -0.999862
vn -0.000000 -0.016582 -0.999863
vn -0.000000 -0.016582 -0.999862
vn 0.000000 -0.016582 -0.999863
vn 0.997778 -0.066622 0.000000
vn 0.999896 0.014430 -0.000002
vn 1.000000 0.000213 -0.000000
vn -0.997793 -0.066401 0.000000
vn -1.000000 0.000203 -0.000000
vn -0.999896 0.014406 -0.000004
vn -1.000000 -0.000002 -0.000005
vn -1.000000 -0.000002 0.000005
vn -0.980785 -0.195090 0.000000
vn -0.980785 -0.195090 0.000000
vn -0.923884 -0.382674 0.000000
vn -0.923883 -0.382674 0.000000
vn -0.831488 -0.555542 0.000000
vn -0.831457 -0.555589 0.000000
vn -0.707107 -0.707107 0.000000
vn -0.707100 -0.707114 0.000000
vn -0.555541 -0.831489 0.000000
vn -0.555580 -0.831463 0.000000
vn -0.382673 -0.923884 0.000000
vn -0.382673 -0.923884 0.000000
vn -0.195092 -0.980785 0.000000
vn -0.195092 -0.980785 0.000000
vn 0.000007 -1.000000 0.000000
vn 0.000000 -1.000000 0.000000
vn 0.195099 -0.980784 0.000000
vn 0.195113 -0.980781 0.000000
vn 0.382673 -0.923884 0.000000
vn 0.382693 -0.923876 0.000000
vn 0.555541 -0.831489 0.000000
vn 0.555541 -0.831489 0.000000
vn 0.707107 -0.707107 0.000000
vn 0.707107 -0.707107 0.000000
vn 0.831488 -0.555542 0.000000
vn 0.831489 -0.555542 0.000000
vn 0.923883 -0.382675 0.000000
vn 0.923884 -0.382673 0.000000
vn 0.980785 -0.195091 0.000000
vn 0.980785 -0.195090 0.000000
vn 1.000000 0.000008 -0.000000
vn 1.000000 0.000008 -0.000000
vn 0.980784 0.195096 -0.000000
vn 0.980784 0.195097 -0.000000
vn 0.923884 0.382674 -0.000000
vn 0.923883 0.382676 -0.000000
vn 0.831489 0.555541 -0.000000
vn 0.831489 0.555542 -0.000000
vn 0.707106 0.707107 -0.000000
vn 0.707107 0.707107 -0.000000
vn 0.555539 0.831491 -0.000000
vn 0.555539 0.831491 -0.000000
vn 0.382673 0.923884 -0.000000
vn 0.382693 0.923876 -0.000000
vn 0.195104 0.980783 -0.000000
vn 0.195117 0.980780 -0.000000
vn 0.000007 1.000000 -0.000000
vn -0.000000 1.000000 -0.000000
vn -0.195097 0.980784 -0.000000
vn -0.195097 0.980784 -0.000000
vn -0.382673 0.923884 -0.000000
vn -0.382673 0.923884 -0.000000
vn -0.555539 0.831491 -0.000000
vn -0.555577 0.831465 0.000000
vn -0.707106 0.707107 0.000000
vn -0.707099 0.707114 0.000000
vn -0.831489 0.555542 0.000000
vn -0.831458 0.555588 -0.000000
vn -0.923883 0.382675 -0.000000
vn -0.923883 0.382675 -0.000000
vn -0.980784 0.195096 -0.000000
vn -0.980784 0.195096 -0.000000
vn -1.000000 0.000017 0.000005
vn -1.000000 0.000018 -0.000005
vn 0.980780 0.195115 -0.000000
vn 0.980780 0.195115 -0.000000
vn 1.000000 0.000010 -0.000000
vn 1.000000 0.000010 -0.000000
vn 0.923869 0.382709 -0.000000
vn 0.923869 0.382709 -0.000000
vn 0.831475 0.555563 -0.000000
vn 0.831475 0.555562 -0.000000
vn 0.707106 0.707107 -0.000000
vn 0.707106 0.707107 -0.000000
vn 0.555562 0.831475 -0.000000
vn 0.555563 0.831475 -0.000000
vn 0.382711 0.923868 -0.000000
vn 0.382711 0.923868 -0.000000
vn 0.195115 0.980780 -0.000000
vn 0.195115 0.980780 -0.000000
vn -0.000009 1.000000 -0.000000
vn -0.000008 1.000000 -0.000000
vn -0.195099 0.980784 -0.000000
vn -0.195098 0.980784 -0.000000
vn -0.382726 0.923862 -0.000000
vn -0.382725 0.923862 -0.000000
vn -0.555597 0.831452 -0.000000
vn -0.555597 0.831452 -0.000000
vn -0.707059 0.707155 -0.000000
vn -0.707059 0.707155 -0.000000
vn -0.831480 0.555554 -0.000000
vn -0.831480 0.555555 -0.000000
vn -0.923898 0.382638 -0.000000
vn -0.923898 0.382638 -0.000000
vn -0.980780 0.195115 -0.000000
vn -0.980781 0.195114 -0.000000
vn -1.000000 -0.000009 0.000000
vn -1.000000 -0.000010 0.000000
vn -0.980784 -0.195098 0.000000
vn -0.980784 -0.195099 0.000000
vn -0.923893 -0.382651 0.000000
vn -0.923893 -0.382650 0.000000
vn -0.831456 -0.555590 0.000000
vn -0.831457 -0.555590 0.000000
vn -0.707108 -0.707106 0.000000
vn -0.707107 -0.707106 0.000000
vn -0.555592 -0.831455 0.000000
vn -0.555592 -0.831455 0.000000
vn -0.382648 -0.923894 0.000000
vn -0.382649 -0.923894 0.000000
vn -0.195098 -0.980784 0.000000
vn -0.195099 -0.980784 0.000000
vn -0.000008 -1.000000 0.000000
vn -0.000009 -1.000000 0.000000
vn 0.195115 -0.980780 0.000000
vn 0.195115 -0.980780 0.000000
vn 0.382634 -0.923900 0.000000
vn 0.382634 -0.923900 0.000000
vn 0.555558 -0.831478 0.000000
vn 0.555558 -0.831478 0.000000
vn 0.707155 -0.707058 0.000000
vn 0.707155 -0.707058 0.000000
vn 0.831451 -0.555598 0.000000
vn 0.831451 -0.555598 0.000000
vn 0.923864 -0.382721 0.000000
vn 0.923864 -0.382722 0.000000
vn 0.980784 -0.195098 0.000000
vn 0.980784 -0.195098 0.000000
vn 1.000000 -0.000029 0.000000
vn 1.000000 -0.000028 0.000000
vn -0.998020 -0.062904 0.000000
vn -0.999894 0.014576 0.000099
vn -0.999893 0.014595 0.000002
vn -0.998020 -0.062904 0.000000
vn 0.000000 -0.000000 -1.000000
vn -0.000212 0.034393 -0.999408
vn -0.000054 0.034399 -0.999408
vn 0.000000 -0.000000 -1.000000
vn 0.998020 -0.062904 0.000000
vn 0.999918 0.012801 0.000000
vn 0.999917 0.012872 0.000036
vn 0.998020 -0.062904 0.000000
vn 0.000000 0.000000 1.000000
vn -0.000050 0.036106 0.999348
vn -0.000108 0.036102 0.999348
vn 0.000000 0.000000 1.000000
vn 0.000000 -1.000000 0.000000
vn 0.000000 -1.000000 0.000000
vn 0.000000 -1.000000 0.000000
vn 0.000000 -1.000000 0.000000
vn 0.995965 0.089701 0.002774
vn 0.995884 0.090494 0.004989
vn -0.995836 0.091118 0.002961
vn -0.995931 0.089972 0.005126
vn -0.000264 0.072781 0.997348
vn 0.000009 0.072639 0.997358
vn -0.000155 0.069234 -0.997600
vn -0.000210 0.069338 -0.997593
vn 0.279077 0.960269 -0.000000
vn 0.279064 0.960272 -0.000000
vn 0.000033 1.000000 -0.000001
vn 0.000034 1.000000 -0.000007
vn 0.518194 0.855263 -0.000000
vn 0.518181 0.855271 -0.000000
vn 0.699430 0.714701 -0.000000
vn 0.699455 0.714677 0.000000
vn 0.826185 0.563399 -0.000000
vn 0.826202 0.563374 -0.000000
vn 0.910081 0.414430 -0.000000
vn 0.910082 0.414428 -0.000000
vn 0.962424 0.271550 -0.000000
vn 0.962428 0.271538 0.000000
vn 0.990937 0.134328 -0.000000
vn 0.990938 0.134324 0.000000
vn -0.990937 0.134328 0.000000
vn -0.990934 0.134347 -0.000000
vn -0.962433 0.271519 -0.000000
vn -0.962426 0.271546 0.000000
vn -0.910100 0.414389 -0.000000
vn -0.910083 0.414426 0.000000
vn -0.826185 0.563400 -0.000000
vn -0.826177 0.563410 0.000000
vn -0.699434 0.714697 -0.000000
vn -0.699460 0.714671 0.000000
vn -0.518196 0.855262 -0.000000
vn -0.518183 0.855270 -0.000000
vn -0.279078 0.960268 -0.000000
vn -0.279063 0.960273 -0.000000
vn -0.000034 1.000000 -0.000009
vn -0.000033 1.000000 -0.000003
vn -0.994735 0.102486 -0.000000
vn -0.978994 0.203891 -0.000000
vn -0.978993 0.203893 -0.000000
vn -0.994734 0.102487 -0.000000
vn 0.000000 -0.000000 -1.000000
vn 0.000000 -0.000000 -1.000000
vn 0.000000 -0.000000 -1.000000
vn 0.000000 -0.000000 -1.000000
vn 0.994731 0.102521 -0.000000
vn 0.978979 0.203962 -0.000000
vn 0.978979 0.203961 -0.000000
vn 0.994731 0.102520 -0.000000
vn 0.000000 0.000000 1.000000
vn 0.000000 0.000000 1.000000
vn 0.000000 0.000000 1.000000
vn 0.000000 0.000000 1.000000
vn -1.000000 0.000000 -0.000000
vn -1.000000 0.000000 -0.000000
vn 0.000000 1.000000 -0.000000
vn 0.000000 1.000000 -0.000000
vn 0.000000 1.000000 -0.000000
vn 0.000000 1.000000 -0.000000
vn 0.000000 -1.000000 0.000000
vn 0.000000 -1.000000 0.000000
vn 0.000000 -1.000000 0.000000
vn 0.000000 -1.000000 0.000000
vn 1.000000 0.000000 -0.000000
vn 1.000000 0.000000 -0.000000
vn 0.000000 0.000000 1.000000
vn 0.000000 0.000000 1.000000
vn 0.000000 -0.000000 -1.000000
vn 0.000000 -0.000000 -1.000000
vn 0.000000 1.000000 -0.000000
vn 0.000000 1.000000 -0.000000
vn 0.000000 1.000000 -0.000000
vn 0.000000 1.000000 -0.000000
vn 0.000000 1.000000 -0.000000
vn 0.000000 1.000000 -0.000000
vn 0.000000 1.000000 -0.000000
vn 0.000000 1.000000 -0.000000
vn -1.000000 -0.000024 -0.000005
vn -1.000000 -0.000024 0.000005
vn -0.980788 -0.195079 0.000000
vn -0.980787 -0.195080 0.000000
vn -0.923870 -0.382706 0.000000
vn -0.923869 -0.382708 0.000000
vn -0.831456 -0.555591 0.000000
vn -0.831454 -0.555594 0.000000
vn -0.707103 -0.707110 0.000000
vn -0.707101 -0.707112 0.000000
vn -0.555587 -0.831458 0.000000
vn -0.555586 -0.831459 0.000000
vn -0.382706 -0.923870 0.000000
vn -0.382706 -0.923870 0.000000
vn -0.195080 -0.980787 0.000000
vn -0.195079 -0.980788 0.000000
vn 0.000005 -1.000000 0.000000
vn 0.000007 -1.000000 0.000000
vn 0.195085 -0.980786 0.000000
vn 0.195087 -0.980786 0.000000
vn 0.382677 -0.923882 0.000000
vn 0.382680 -0.923881 0.000000
vn 0.555561 -0.831476 0.000000
vn 0.555562 -0.831475 0.000000
vn 0.707137 -0.707077 0.000000
vn 0.707137 -0.707076 0.000000
vn 0.831482 -0.555552 0.000000
vn 0.831482 -0.555551 0.000000
vn 0.923870 -0.382708 0.000000
vn 0.923870 -0.382707 0.000000
vn 0.980787 -0.195080 0.000000
vn 0.980788 -0.195079 0.000000
vn 1.000000 0.000006 -0.000000
vn 1.000000 0.000007 -0.000000
vn 0.980786 0.195084 -0.000000
vn 0.980786 0.195086 -0.000000
vn 0.923881 0.382680 -0.000000
vn 0.923881 0.382680 -0.000000
vn 0.831476 0.555561 -0.000000
vn 0.831475 0.555562 -0.000000
vn 0.707109 0.707104 -0.000000
vn 0.707107 0.707106 -0.000000
vn 0.555566 0.831473 -0.000000
vn 0.555564 0.831474 -0.000000
vn 0.382682 0.923880 -0.000000
vn 0.382681 0.923880 -0.000000
vn 0.195086 0.980786 -0.000000
vn 0.195085 0.980786 -0.000000
vn 0.000007 1.000000 -0.000000
vn 0.000005 1.000000 -0.000000
vn -0.195078 0.980788 -0.000000
vn -0.195081 0.980787 -0.000000
vn -0.382708 0.923869 -0.000000
vn -0.382710 0.923868 -0.000000
vn -0.555589 0.831457 -0.000000
vn -0.555590 0.831456 -0.000000
vn -0.707073 0.707141 -0.000000
vn -0.707074 0.707140 -0.000000
vn -0.831447 0.555604 -0.000000
vn -0.831449 0.555602 -0.000000
vn -0.923881 0.382681 -0.000000
vn -0.923881 0.382679 -0.000000
vn -0.980786 0.195086 -0.000000
vn -0.980786 0.195084 -0.000000
vn -1.000000 0.000038 0.000005
vn -1.000000 0.000038 -0.000005
vn 0.980783 0.195103 -0.000000
vn 0.980783 0.195104 -0.000000
vn 1.000000 0.000015 -0.000000
vn 1.000000 0.000016 -0.000000
vn 0.923876 0.382693 -0.000000
vn 0.923875 0.382695 -0.000000
vn 0.831499 0.555526 -0.000000
vn 0.831498 0.555528 -0.000000
vn 0.707107 0.707107 -0.000000
vn 0.707107 0.707107 -0.000000
vn 0.555529 0.831497 -0.000000
vn 0.555528 0.831498 -0.000000
vn 0.382675 0.923883 -0.000000
vn 0.382673 0.923884 -0.000000
vn 0.195090 0.980785 -0.000000
vn 0.195088 0.980786 -0.000000
vn 0.000001 1.000000 -0.000000
vn -0.000001 1.000000 -0.000000
vn -0.195110 0.980781 -0.000000
vn -0.195112 0.980781 -0.000000
vn -0.382660 0.923889 -0.000000
vn -0.382662 0.923889 -0.000000
vn -0.555538 0.831491 -0.000000
vn -0.555540 0.831490 -0.000000
vn -0.707140 0.707073 -0.000000
vn -0.707142 0.707072 -0.000000
vn -0.831498 0.555527 -0.000000
vn -0.831500 0.555526 -0.000000
vn -0.923875 0.382695 -0.000000
vn -0.923876 0.382693 -0.000000
vn -0.980783 0.195104 -0.000000
vn -0.980783 0.195103 -0.000000
vn -1.000000 -0.000007 0.000000
vn -1.000000 -0.000008 0.000000
vn -0.980781 -0.195111 0.000000
vn -0.980781 -0.195112 0.000000
vn -0.923890 -0.382659 0.000000
vn -0.923889 -0.382660 0.000000
vn -0.831492 -0.555537 0.000000
vn -0.831491 -0.555539 0.000000
vn -0.707104 -0.707110 0.000000
vn -0.707104 -0.707110 0.000000
vn -0.555543 -0.831488 0.000000
vn -0.555542 -0.831489 0.000000
vn -0.382661 -0.923889 0.000000
vn -0.382660 -0.923889 0.000000
vn -0.195107 -0.980782 0.000000
vn -0.195106 -0.980782 0.000000
vn -0.000001 -1.000000 0.000000
vn 0.000001 -1.000000 0.000000
vn 0.195084 -0.980787 0.000000
vn 0.195086 -0.980786 0.000000
vn 0.382673 -0.923884 0.000000
vn 0.382674 -0.923883 0.000000
vn 0.555531 -0.831496 0.000000
vn 0.555533 -0.831495 0.000000
vn 0.707069 -0.707145 0.000000
vn 0.707070 -0.707143 0.000000
vn 0.831491 -0.555539 0.000000
vn 0.831492 -0.555537 0.000000
vn 0.923890 -0.382659 0.000000
vn 0.923890 -0.382659 0.000000
vn 0.980781 -0.195112 0.000000
vn 0.980781 -0.195112 0.000000
vn 1.000000 -0.000030 0.000000
vn 1.000000 -0.000031 0.000000
vn 0.000000 -0.000000 -1.000000
vn 0.000000 -0.000000 -1.000000
vn 0.000000 -0.000000 -1.000000
vn 0.000000 -0.000000 -1.000000
vn 0.000000 -0.000000 -1.000000
vn 0.000000 -0.000000 -1.000000
vn 0.000000 -0.000000 -1.000000
vn 0.000000 -0.000000 -1.000000
vn 0.000000 -0.000000 -1.000000
vn 0.000000 -0.000000 -1.000000
vn -0.000041 -0.000000 -1.000000
vn -0.000041 -0.000000 -1.000000
vn -0.000041 -0.000000 -1.000000
vn 0.000018 -0.000000 -1.000000
vn 0.000018 -0.000000 -1.000000
vn 0.000018 -0.000000 -1.000000
vn 0.000000 -0.000000 -1.000000
vn 0.000000 -0.000000 -1.000000
vn -0.000035 -0.000000 -1.000000
vn -0.000035 -0.000000 -1.000000
vn -0.000035 -0.000000 -1.000000
vn 0.000027 -0.000000 -1.000000
vn 0.000027 -0.000000 -1.000000
vn 0.000027 -0.000000 -1.000000
vn 0.000000 -0.000000 -1.000000
vn 0.000000 -0.000000 -1.000000
vn -0.000027 -0.000000 -1.000000
vn -0.000027 -0.000000 -1.000000
vn -0.000027 -0.000000 -1.000000
vn 0.000000 -0.000000 -1.000000
vn 0.000000 -0.000000 -1.000000
vn -0.000014 -0.000000 -1.000000
vn -0.000014 -0.000000 -1.000000
vn -0.000014 -0.000000 -1.000000
vn 0.000000 -0.000000 -1.000000
vn 0.000000 -0.000000 -1.000000
vn 0.000000 -0.000000 -1.000000
vn 0.000000 -0.000000 -1.000000
vn 0.000014 -0.000000 -1.000000
vn 0.000014 -0.000000 -1.000000
vn 0.000014 -0.000000 -1.000000
vn 0.000000 -0.000000 -1.000000
vn 0.000000 -0.000000 -1.000000
vn 0.000045 -0.000000 -1.000000
vn 0.000045 -0.000000 -1.000000
vn 0.000045 -0.000000 -1.000000
vn -0.000027 -0.000000 -1.000000
vn -0.000027 -0.000000 -1.000000
vn -0.000027 -0.000000 -1.000000
vn -0.000045 -0.000000 -1.000000
vn -0.000045 -0.000000 -1.000000
vn -0.000045 -0.000000 -1.000000
vn 0.000000 -0.000000 -1.000000
vn 0.000000 -0.000000 -1.000000
vn 0.000000 -0.000000 -1.000000
vn -0.000045 -0.000000 -1.000000
vn -0.000045 -0.000000 -1.000000
vn 0.000000 -0.000000 -1.000000
vn 0.000000 -0.000000 -1.000000
vn 0.000018 -0.000000 -1.000000
vn 0.000018 -0.000000 -1.000000
vn 0.000018 -0.000000 -1.000000
vn 0.000000 -0.000000 -1.000000
vn 0.000000 -0.000000 -1.000000
vn 0.000000 -0.000000 -1.000000
vn 0.000000 -0.000000 -1.000000
vn 0.000000 -0.000000 -1.000000
vn 0.000041 -0.000000 -1.000000
vn 0.000041 -0.000000 -1.000000
vn 0.000041 -0.000000 -1.000000
vn -0.000035 -0.000000 -1.000000
vn -0.000035 -0.000000 -1.000000
vn -0.000035 -0.000000 -1.000000
vn 0.000000 -0.000000 -1.000000
vn 0.000000 -0.000000 -1.000000
vn 0.000035 -0.000000 -1.000000
vn 0.000035 -0.000000 -1.000000
vn 0.000035 -0.000000 -1.000000
vn 0.000000 -0.000000 -1.000000
vn 0.000000 -0.000000 -1.000000
vn 0.000000 -0.000000 -1.000000
vn 0.000000 -0.000000 -1.000000
vn 0.000000 -0.000000 -1.000000
vn 0.000000 -0.000000 -1.000000
vn 0.000000 -0.000000 -1.000000
vn 0.000000 -0.000000 -1.000000
vn 0.000000 -0.000000 -1.000000
vn -0.000011 -0.000000 -1.000000
vn -0.000011 -0.000000 -1.000000
vn -0.000011 -0.000000 -1.000000
vn 0.000000 -0.000000 -1.000000
vn 0.000000 -0.000000 -1.000000
vn -0.000045 -0.000000 -1.000000
vn -0.000045 -0.000000 -1.000000
vn -0.000045 -0.000000 -1.000000
vn 0.000055 -0.000000 -1.000000
vn 0.000055 -0.000000 -1.000000
vn 0.000055 -0.000000 -1.000000
vn 0.000023 -0.000000 -1.000000
vn 0.000023 -0.000000 -1.000000
vn 0.000023 -0.000000 -1.000000
vn 0.000000 -0.000000 -1.000000
vn 0.000000 -0.000000 -1.000000
vn 0.000000 -0.000000 -1.000000
vn 0.000023 -0.000000 -1.000000
vn 0.000023 -0.000000 -1.000000
vn 0.000000 -0.000000 -1.000000
vn 0.000000 -0.000000 -1.000000
vn 0.000000 -0.000000 -1.000000
vn 0.000000 -0.000000 -1.000000
vn 0.000000 -0.000000 -1.000000
vn 0.000000 -0.000000 -1.000000
vn 0.000000 -0.000000 -1.000000
vn 0.000000 -0.000000 -1.000000
vn 0.000018 -0.000000 -1.000000
vn 0.000018 -0.000000 -1.000000
vn 0.000018 -0.000000 -1.000000
vn 0.000000 -0.000000 -1.000000
vn 0.000000 -0.000000 -1.000000
vn 0.000000 -0.000000 -1.000000
vn 0.000000 0.000000 1.000000
vn 0.000000 0.000000 1.000000
vn 0.000000 0.000000 1.000000
vn 0.000000 0.000000 1.000000
vn -0.000000 0.000000 1.000000
vn -0.000001 0.000000 1.000000
vn -0.000001 0.000000 1.000000
vn -0.000001 0.000000 1.000000
vn 0.000000 0.000000 1.000000
vn 0.000000 0.000000 1.000000
vn 0.000000 0.000000 1.000000
vn 0.000000 0.000000 1.000000
vn 0.000002 0.000000 1.000000
vn 0.000002 0.000000 1.000000
vn 0.000002 0.000000 1.000000
vn 0.000000 0.000000 1.000000
vn 0.000000 0.000000 1.000000
vn 0.000000 0.000000 1.000000
vn 0.000000 0.000000 1.000000
vn 0.000000 0.000000 1.000000
vn 0.000000 0.000000 1.000000
vn 0.000000 0.000000 1.000000
vn 0.000000 0.000000 1.000000
vn 0.000000 0.000000 1.000000
vn 0.000000 0.000000 1.000000
vn 0.000000 0.000000 1.000000
vn 0.000000 0.000000 1.000000
vn 0.000000 0.000000 1.000000
vn 0.000000 0.000000 1.000000
vn 0.000000 0.000000 1.000000
vn 0.000000 0.000000 1.000000
vn 0.000000 0.000000 1.000000
vn 0.000000 0.000000 1.000000
vn 0.000000 0.000000 1.000000
vn 0.000001 0.000000 1.000000
vn 0.000001 0.000000 1.000000
vn 0.000001 0.000000 1.000000
vn 0.000000 0.000000 1.000000
vn 0.000000 0.000000 1.000000
vn 0.000000 0.000000 1.000000
vn 0.000002 0.000000 1.000000
vn 0.000002 0.000000 1.000000
vn 0.000002 0.000000 1.000000
vn 0.000000 0.000000 1.000000
vn 0.000000 0.000000 1.000000
vn 0.000000 0.000000 1.000000
vn 0.000000 0.000000 1.000000
vn -0.000000 0.000000 1.000000
vn 0.000000 0.000000 1.000000
vn 0.000000 0.000000 1.000000
vn 0.000000 0.000000 1.000000
vn 0.000000 0.000000 1.000000
vn 0.000000 0.000000 1.000000
vn 0.000000 0.000000 1.000000
vn 0.000001 0.000000 1.000000
vn 0.000001 0.000000 1.000000
vn 0.000001 0.000000 1.000000
vn 0.000000 0.000000 1.000000
vn 0.000000 0.000000 1.000000
vn 0.000000 0.000000 1.000000
vn 0.000000 0.000000 1.000000
vn 0.000000 0.000000 1.000000
vn 0.000000 0.000000 1.000000
vn -0.000002 0.000000 1.000000
vn -0.000002 0.000000 1.000000
vn -0.000002 0.000000 1.000000
vn 0.000000 0.000000 1.000000
vn 0.000000 0.000000 1.000000
vn 0.000000 0.000000 1.000000
vn 0.000000 0.000000 1.000000
vn 0.000000 0.000000 1.000000
vn 0.000001 0.000000 1.000000
vn 0.000001 0.000000 1.000000
vn 0.000001 0.000000 1.000000
vn 0.000000 0.000000 1.000000
vn 0.000000 0.000000 1.000000
vn 0.000000 0.000000 1.000000
vn -0.000000 0.000000 1.000000
vn 0.000000 0.000000 1.000000
vn -0.000001 0.000000 1.000000
vn -0.000001 0.000000 1.000000
vn -0.000001 0.000000 1.000000
vn -0.000002 0.000000 1.000000
vn -0.000002 0.000000 1.000000
vn -0.000002 0.000000 1.000000
vn 0.000000 0.000000 1.000000
vn 0.000000 0.000000 1.000000
vn 0.000000 0.000000 1.000000
vn 0.000000 0.000000 1.000000
vn 0.000000 0.000000 1.000000
vn 0.000000 0.000000 1.000000
vn 0.995861 0.090726 0.005429
vn 0.995864 0.090690 0.005480
vn 0.995865 0.090689 0.005377
vn 0.995866 0.090677 0.005435
vn 0.000000 0.994693 0.102884
vn 0.000000 0.994693 0.102884
vn 0.000000 0.994693 0.102884
vn -0.000095 0.976514 0.215454
vn -0.000076 0.994693 0.102888
vn -0.000107 0.977099 0.212785
vn -0.000254 0.994692 0.102902
vn -0.000096 0.977098 0.212790
vn 0.000073 0.994693 0.102886
vn -0.000107 0.976513 0.215459
vn 0.000000 0.994694 0.102883
vn 0.000000 0.994694 0.102883
vn 0.000000 0.994694 0.102883
vn 0.000076 0.994693 0.102886
vn -0.995923 0.090018 0.005765
vn -0.995929 0.089943 0.005964
vn -0.995926 0.089991 0.005823
vn -0.995927 0.089974 0.005845
vn -0.000486 0.073105 0.997324
vn -0.000049 0.977093 0.212814
vn -0.000479 0.073105 0.997324
vn -0.000481 0.073101 0.997324
vn -0.000466 0.073083 0.997326
vn -0.000460 0.073074 0.997326
vn -0.000490 0.073094 0.997325
vn -0.000503 0.073101 0.997324
vn -0.000505 0.073141 0.997321
vn -0.000523 0.073116 0.997323
vn -0.000481 0.073085 0.997326
vn -0.000496 0.073102 0.997324
vn -0.000491 0.073091 0.997325
vn -0.000490 0.073091 0.997325
vn -0.000494 0.073070 0.997327
vn -0.000501 0.073111 0.997324
vn -0.000148 0.976496 0.215536
vn -0.000045 0.977090 0.212826
vn -0.000429 0.073067 0.997327
vn -0.000479 0.073014 0.997331
vn -0.000479 0.073094 0.997325
vn -0.000537 0.073104 0.997324
vn -0.000522 0.073101 0.997324
vn -0.000517 0.073104 0.997324
vn -0.000532 0.073105 0.997324
vn -0.000492 0.073104 0.997324
vn -0.000515 0.073093 0.997325
vn -0.000499 0.073110 0.997324
vn -0.000135 0.976496 0.215535
vn -0.000539 0.069904 -0.997554
vn -0.000502 0.069900 -0.997554
vn -0.000431 0.069940 -0.997551
vn -0.000481 0.069880 -0.997555
vn -0.000480 0.069858 -0.997557
vn -0.000505 0.069881 -0.997555
vn -0.000506 0.069895 -0.997554
vn -0.000471 0.069910 -0.997553
vn -0.000460 0.069924 -0.997552
vn -0.000466 0.069906 -0.997553
vn -0.000481 0.069888 -0.997555
vn -0.000528 0.069872 -0.997556
vn -0.000514 0.069890 -0.997555
vn -0.000493 0.069899 -0.997554
vn -0.000495 0.069899 -0.997554
vn -0.000513 0.069874 -0.997556
vn -0.000501 0.069894 -0.997554
vn -0.000505 0.069867 -0.997556
vn -0.000500 0.069899 -0.997554
vn -0.000497 0.069925 -0.997552
vn -0.000502 0.069883 -0.997555
vn -0.000504 0.069892 -0.997554
vn -0.000458 0.069899 -0.997554
vn -0.000476 0.069900 -0.997554
vn -0.000502 0.069896 -0.997554
vn -0.000505 0.069899 -0.997554
vn -0.000475 0.069895 -0.997554
vn -0.000508 0.069902 -0.997554
vn -0.000497 0.069919 -0.997553
vn -0.000498 0.069916 -0.997553
vn -0.000499 0.069885 -0.997555
vn 0.997780 0.066603 0.000001
vn -0.997791 0.066439 -0.000000
vn -0.000092 -0.127803 0.991800
vn -0.000001 0.966048 0.258364
vn -0.000092 0.969557 0.244868
vn -0.000110 -0.127801 0.991800
vn 0.000000 -0.127954 0.991780
vn 0.000000 -0.127954 0.991780
vn 0.000000 -0.127954 0.991780
vn 0.000091 -0.127817 0.991798
vn 0.000039 0.969604 0.244678
vn 0.000000 0.966049 0.258360
vn 0.000099 -0.127819 0.991798
vn 0.000000 -0.127961 0.991779
vn 0.000000 -0.127961 0.991779
vn 0.000000 -0.127961 0.991779
vn -0.000013 -0.962390 -0.271670
vn -0.000031 0.127799 -0.991800
vn -0.000033 0.127799 -0.991800
vn 0.000000 -0.966049 -0.258360
vn 0.000039 0.127798 -0.991800
vn 0.000037 0.127798 -0.991800
vn 0.000026 -0.962612 -0.270885
vn 0.000001 0.127701 -0.991813
vn 0.000001 0.127701 -0.991813
vn 0.000001 0.127701 -0.991813
vn 0.000000 0.127714 -0.991811
vn 0.000000 0.127714 -0.991811
vn 0.000000 0.127714 -0.991811
vn -0.000000 -0.966049 -0.258360
vn 0.000049 0.991800 0.127796
vn 0.000043 0.991800 0.127797
vn -0.001395 0.969606 0.244668
vn 0.000012 0.991803 0.127777
vn 0.000012 0.991803 0.127777
vn 0.000012 0.991803 0.127777
vn 0.000000 0.991798 0.127815
vn 0.000000 0.991798 0.127815
vn 0.000000 0.991798 0.127815
vn 0.000000 0.991799 0.127809
vn 0.000000 0.991799 0.127810
vn 0.000000 0.966046 0.258369
vn 0.000002 0.969556 0.244868
vn 0.000000 0.966047 0.258365
vn 0.000000 -0.991803 -0.127778
vn 0.000000 -0.991803 -0.127778
vn 0.000000 -0.991803 -0.127778
vn 0.000000 -0.991802 -0.127786
vn 0.000000 -0.991802 -0.127786
vn 0.000000 -0.991802 -0.127786
vn -0.000165 -0.991799 -0.127808
vn -0.000084 -0.991799 -0.127804
vn -0.000009 -0.966049 -0.258360
vn -0.000006 -0.962611 -0.270887
vn 0.000087 -0.991799 -0.127805
vn 0.000003 -0.966048 -0.258361
vn 0.001290 -0.962391 -0.271667
vn 0.000174 -0.991799 -0.127809
vn 1.000000 0.000000 -0.000000
vn 1.000000 0.000000 -0.000000
vn 1.000000 0.000000 -0.000000
vn 1.000000 0.000000 -0.000000
vn 1.000000 -0.000000 0.000000
vn 1.000000 -0.000000 0.000000
vn 1.000000 0.000000 -0.000000
vn 1.000000 0.000000 -0.000000
vn 1.000000 0.000000 -0.000000
vn 1.000000 0.000000 -0.000000
vn 1.000000 0.000000 -0.000000
vn 1.000000 -0.000001 0.000000
vn 1.000000 -0.000001 0.000000
vn 1.000000 -0.000001 0.000000
vn 1.000000 0.000000 -0.000000
vn 1.000000 0.000000 -0.000000
vn 1.000000 0.000000 -0.000000
vn 1.000000 0.000000 -0.000000
vn -1.000000 -0.000000 0.000000
vn -1.000000 -0.000000 0.000000
vn -1.000000 -0.000000 0.000000
vn -1.000000 0.000001 -0.000000
vn -1.000000 0.000001 -0.000000
vn -1.000000 0.000001 -0.000000
vn -1.000000 0.000000 -0.000000
vn -1.000000 0.000001 -0.000000
vn -1.000000 0.000001 -0.000000
vn -1.000000 0.000001 -0.000000
vn -1.000000 0.000000 -0.000000
vn -1.000000 0.000000 -0.000000
vn -1.000000 0.000000 -0.000000
vn -1.000000 0.000000 -0.000000
vn 0.000000 -1.000000 0.000000
vn 0.000000 -1.000000 0.000000
vn 0.000000 -1.000000 0.000000
vn 0.000000 -1.000000 0.000000
vn -0.000000 -1.000000 0.000220
vn -0.000000 -1.000000 0.000220
vn -0.000000 -1.000000 0.000220
vn 0.000000 -1.000000 0.000175
vn -0.000000 -1.000000 0.000274
vn 0.000000 -1.000000 -0.000158
vn -0.000000 -1.000000 0.000047
vn 0.000000 -1.000000 0.000000
vn 0.000000 -1.000000 0.000000
vn 0.000000 -1.000000 0.000000
vn 0.000000 -1.000000 0.000000
vn 0.000000 -1.000000 0.000000
vn 0.000000 -1.000000 0.000000
vn 0.000000 -1.000000 0.000000
vn 0.000000 -1.000000 0.000000
vn 0.000000 -1.000000 0.000000
vn 0.000000 -1.000000 0.000112
vn 0.000000 -1.000000 0.000112
vn 0.000000 -1.000000 0.000112
vn 0.000000 -1.000000 0.000000
vn 0.000000 -1.000000 0.000000
vn -0.000000 -1.000000 -0.000025
vn 0.000000 -1.000000 -0.000023
vn -0.000000 -1.000000 -0.000024
vn 0.000000 -1.000000 0.000000
vn 0.000000 -1.000000 0.000000
vn 0.000000 -0.000000 -1.000000
vn 0.000000 -0.000000 -1.000000
vn 0.000000 -0.000000 -1.000000
vn 0.000000 -0.000000 -1.000000
vn 0.000000 -0.000000 -1.000000
vn 0.000000 -0.000000 -1.000000
vn 0.000000 -0.000000 -1.000000
vn 0.000000 -0.000000 -1.000000
vn -0.000016 -0.000000 -1.000000
vn -0.000016 -0.000000 -1.000000
vn -0.000016 -0.000000 -1.000000
vn 0.000022 -0.000000 -1.000000
vn 0.000022 -0.000000 -1.000000
vn 0.000022 -0.000000 -1.000000
vn 0.000000 -0.000000 -1.000000
vn 0.000000 -0.000000 -1.000000
vn 0.000000 -0.000000 -1.000000
vn 0.000007 -0.000000 -1.000000
vn 0.000007 -0.000000 -1.000000
vn 0.000007 -0.000000 -1.000000
vn 0.000029 -0.000000 -1.000000
vn 0.000029 -0.000000 -1.000000
vn 0.000029 -0.000000 -1.000000
vn -0.000014 -0.000000 -1.000000
vn -0.000014 -0.000000 -1.000000
vn -0.000014 -0.000000 -1.000000
vn 0.000000 -0.000000 -1.000000
vn 0.000000 -0.000000 -1.000000
vn 0.000000 -0.000000 -1.000000
vn 0.000000 -0.000000 -1.000000
vn 0.000000 -0.000000 -1.000000
vn 0.000000 -0.000000 -1.000000
vn 0.000031 -0.000000 -1.000000
vn 0.000031 -0.000000 -1.000000
vn 0.000031 -0.000000 -1.000000
vn -0.000035 -0.000000 -1.000000
vn -0.000035 -0.000000 -1.000000
vn -0.000035 -0.000000 -1.000000
vn 0.000000 -0.000000 -1.000000
vn 0.000000 -0.000000 -1.000000
vn 0.000000 -0.000000 -1.000000
vn 0.000000 -0.000000 -1.000000
vn 0.000010 -0.000000 -1.000000
vn 0.000010 -0.000000 -1.000000
vn 0.000010 -0.000000 -1.000000
vn 0.000000 -0.000000 -1.000000
vn 0.000000 -0.000000 -1.000000
vn 0.000000 -0.000000 -1.000000
vn 0.000000 -0.000000 -1.000000
vn 0.000000 -0.000000 -1.000000
vn 0.000021 -0.000000 -1.000000
vn 0.000021 -0.000000 -1.000000
vn 0.000021 -0.000000 -1.000000
vn 0.000000 -0.000000 -1.000000
vn 0.000000 -0.000000 -1.000000
vn 0.000016 -0.000000 -1.000000
vn 0.000016 -0.000000 -1.000000
vn 0.000016 -0.000000 -1.000000
vn 0.000000 -0.000000 -1.000000
vn 0.000000 -0.000000 -1.000000
vn 0.000000 -0.000000 -1.000000
vn -0.000017 -0.000000 -1.000000
vn -0.000017 -0.000000 -1.000000
vn -0.000017 -0.000000 -1.000000
vn -0.000022 -0.000000 -1.000000
vn -0.000022 -0.000000 -1.000000
vn -0.000022 -0.000000 -1.000000
vn 0.000010 -0.000000 -1.000000
vn 0.000010 -0.000000 -1.000000
vn 0.000010 -0.000000 -1.000000
vn 0.000031 -0.000000 -1.000000
vn 0.000031 -0.000000 -1.000000
vn 0.000031 -0.000000 -1.000000
vn 0.000000 -0.000000 -1.000000
vn 0.000000 -0.000000 -1.000000
vn 0.000000 -0.000000 -1.000000
vn -0.000029 -0.000000 -1.000000
vn -0.000029 -0.000000 -1.000000
vn -0.000029 -0.000000 -1.000000
vn 0.000027 -0.000000 -1.000000
vn 0.000027 -0.000000 -1.000000
vn 0.000027 -0.000000 -1.000000
vn 0.000000 -0.000000 -1.000000
vn 0.000000 -0.000000 -1.000000
vn 0.000000 -0.000000 -1.000000
vn 0.000000 -0.000000 -1.000000
vn 0.000000 -0.000000 -1.000000
vn 0.000000 -0.000000 -1.000000
vn -0.000042 -0.000000 -1.000000
vn -0.000042 -0.000000 -1.000000
vn -0.000042 -0.000000 -1.000000
vn 0.000035 -0.000000 -1.000000
vn 0.000035 -0.000000 -1.000000
vn 0.000035 -0.000000 -1.000000
vn 0.000000 -0.000000 -1.000000
vn 0.000000 -0.000000 -1.000000
vn 0.000000 -0.000000 -1.000000
vn 0.000000 -0.000000 -1.000000
vn -0.000009 -0.000000 -1.000000
vn -0.000009 -0.000000 -1.000000
vn -0.000009 -0.000000 -1.000000
vn 0.000000 -0.000000 -1.000000
vn 0.000000 -0.000000 -1.000000
vn 0.000000 -0.000000 -1.000000
vn 0.000000 -0.000000 -1.000000
vn 0.000017 -0.000000 -1.000000
vn 0.000017 -0.000000 -1.000000
vn 0.000017 -0.000000 -1.000000
vn -0.000042 -0.000000 -1.000000
vn -0.000042 -0.000000 -1.000000
vn -0.000042 -0.000000 -1.000000
vn 0.000000 -0.000000 -1.000000
vn 0.000000 -0.000000 -1.000000
vn 0.000000 -0.000000 -1.000000
vn -0.000021 -0.000000 -1.000000
vn -0.000021 -0.000000 -1.000000
vn -0.000021 -0.000000 -1.000000
vn 0.000000 -0.000000 -1.000000
vn 0.000000 -0.000000 -1.000000
vn -0.000015 -0.000000 -1.000000
vn -0.000015 -0.000000 -1.000000
vn -0.000015 -0.000000 -1.000000
vn 0.000000 -0.000000 -1.000000
vn 0.000000 -0.000000 -1.000000
vn 0.000021 -0.000000 -1.000000
vn 0.000021 -0.000000 -1.000000
vn 0.000021 -0.000000 -1.000000
vn 0.000000 -0.000000 -1.000000
vn 0.000000 -0.000000 -1.000000
vn 0.000000 -0.000000 -1.000000
vn 0.000000 -0.000000 -1.000000
vn 0.000014 -0.000000 -1.000000
vn 0.000014 -0.000000 -1.000000
vn 0.000014 -0.000000 -1.000000
vn 0.000000 -0.000000 -1.000000
vn 0.000000 -0.000000 -1.000000
vn 0.000000 -0.000000 -1.000000
vn -0.000042 0.000000 1.000000
vn -0.000042 0.000000 1.000000
vn -0.000042 0.000000 1.000000
vn 0.000000 0.000000 1.000000
vn 0.000000 0.000000 1.000000
vn 0.000000 0.000000 1.000000
vn -0.000016 0.000000 1.000000
vn -0.000016 0.000000 1.000000
vn -0.000016 0.000000 1.000000
vn 0.000000 0.000000 1.000000
vn 0.000000 0.000000 1.000000
vn -0.000029 0.000000 1.000000
vn -0.000029 0.000000 1.000000
vn -0.000029 0.000000 1.000000
vn 0.000000 0.000000 1.000000
vn 0.000000 0.000000 1.000000
vn 0.000000 0.000000 1.000000
vn 0.000042 0.000000 1.000000
vn 0.000042 0.000000 1.000000
vn 0.000042 0.000000 1.000000
vn 0.000000 0.000000 1.000000
vn 0.000000 0.000000 1.000000
vn 0.000000 0.000000 1.000000
vn 0.000000 0.000000 1.000000
vn 0.000000 0.000000 1.000000
vn 0.000000 0.000000 1.000000
vn 0.000000 0.000000 1.000000
vn 0.000000 0.000000 1.000000
vn 0.000000 0.000000 1.000000
vn 0.000000 0.000000 1.000000
vn 0.000000 0.000000 1.000000
vn 0.000000 0.000000 1.000000
vn 0.000000 0.000000 1.000000
vn 0.000000 0.000000 1.000000
vn 0.000000 0.000000 1.000000
vn 0.000000 0.000000 1.000000
vn 0.000000 0.000000 1.000000
vn 0.000000 0.000000 1.000000
vn 0.000000 0.000000 1.000000
vn -0.000007 0.000000 1.000000
vn -0.000007 0.000000 1.000000
vn -0.000007 0.000000 1.000000
vn 0.000000 0.000000 1.000000
vn 0.000000 0.000000 1.000000
vn -0.000014 0.000000 1.000000
vn -0.000014 0.000000 1.000000
vn -0.000014 0.000000 1.000000
vn 0.000021 0.000000 1.000000
vn 0.000021 0.000000 1.000000
vn 0.000021 0.000000 1.000000
vn 0.000000 0.000000 1.000000
vn 0.000000 0.000000 1.000000
vn 0.000000 0.000000 1.000000
vn 0.000000 0.000000 1.000000
vn 0.000031 0.000000 1.000000
vn 0.000031 0.000000 1.000000
vn 0.000031 0.000000 1.000000
vn 0.000000 0.000000 1.000000
vn 0.000000 0.000000 1.000000
vn 0.000000 0.000000 1.000000
vn 0.000000 0.000000 1.000000
vn 0.000000 0.000000 1.000000
vn 0.000042 0.000000 1.000000
vn 0.000042 0.000000 1.000000
vn 0.000042 0.000000 1.000000
vn 0.000000 0.000000 1.000000
vn 0.000000 0.000000 1.000000
vn -0.000021 0.000000 1.000000
vn -0.000021 0.000000 1.000000
vn -0.000021 0.000000 1.000000
vn 0.000000 0.000000 1.000000
vn 0.000011 0.000000 1.000000
vn 0.000011 0.000000 1.000000
vn 0.000011 0.000000 1.000000
vn 0.000000 0.000000 1.000000
vn 0.000000 0.000000 1.000000
vn 0.000000 0.000000 1.000000
vn 0.000000 0.000000 1.000000
vn 0.000000 0.000000 1.000000
vn 0.000027 0.000000 1.000000
vn 0.000027 0.000000 1.000000
vn 0.000027 0.000000 1.000000
vn 0.000000 0.000000 1.000000
vn 0.000000 0.000000 1.000000
vn 0.000000 0.000000 1.000000
vn 0.000000 0.000000 1.000000
vn 0.000000 0.000000 1.000000
vn -0.000042 0.000000 1.000000
vn -0.000042 0.000000 1.000000
vn -0.000042 0.000000 1.000000
vn 0.000000 0.000000 1.000000
vn 0.000000 0.000000 1.000000
vn 0.000000 0.000000 1.000000
vn 0.000000 0.000000 1.000000
vn 0.000000 0.000000 1.000000
vn -0.000042 0.000000 1.000000
vn -0.000042 0.000000 1.000000
vn -0.000042 0.000000 1.000000
vn 0.000017 0.000000 1.000000
vn 0.000017 0.000000 1.000000
vn 0.000017 0.000000 1.000000
vn 0.000042 0.000000 1.000000
vn 0.000042 0.000000 1.000000
vn 0.000042 0.000000 1.000000
vn -0.000017 0.000000 1.000000
vn -0.000017 0.000000 1.000000
vn -0.000017 0.000000 1.000000
vn 0.000042 0.000000 1.000000
vn 0.000042 0.000000 1.000000
vn 0.000000 0.000000 1.000000
vn 0.000000 0.000000 1.000000
vn 0.000000 0.000000 1.000000
vn 0.000021 0.000000 1.000000
vn 0.000021 0.000000 1.000000
vn 0.000021 0.000000 1.000000
vn 0.000000 0.000000 1.000000
vn 0.000008 0.999889 -0.014903
vn 0.000008 0.999889 -0.014926
vn 0.194527 0.980789 -0.014602
vn 0.195632 0.980569 -0.014603
vn 0.381627 0.924213 -0.013800
vn 0.383750 0.923334 -0.013799
vn 0.554199 0.832292 -0.012400
vn 0.556987 0.830429 -0.012400
vn 0.705587 0.708544 -0.010599
vn 0.708598 0.705535 -0.010501
vn 0.830085 0.557575 -0.008300
vn 0.832855 0.553429 -0.008300
vn 0.922781 0.385284 -0.005700
vn 0.924986 0.379957 -0.005700
vn 0.980207 0.197954 -0.002998
vn 0.981369 0.192109 -0.002900
vn 0.999995 0.003087 0.000000
vn 0.999995 -0.003085 -0.000000
vn 0.981369 -0.192109 0.002900
vn 0.980207 -0.197955 0.002999
vn 0.924968 -0.380004 0.005700
vn 0.922780 -0.385286 0.005700
vn 0.832826 -0.553472 0.008299
vn 0.830085 -0.557576 0.008300
vn 0.708596 -0.705536 0.010501
vn 0.705586 -0.708545 0.010599
vn 0.556995 -0.830423 0.012400
vn 0.554239 -0.832265 0.012400
vn 0.383705 -0.923353 0.013799
vn 0.381631 -0.924212 0.013800
vn 0.195673 -0.980560 0.014600
vn 0.194582 -0.980778 0.014605
vn 0.000006 -0.999889 0.014919
vn 0.000006 -0.999889 0.014919
vn -0.195781 -0.980539 0.014594
vn -0.194594 -0.980775 0.014605
vn -0.383722 -0.923346 0.013799
vn -0.381649 -0.924205 0.013789
vn -0.557043 -0.830391 0.012394
vn -0.554247 -0.832260 0.012415
vn -0.708603 -0.705530 0.010501
vn -0.705559 -0.708571 0.010600
vn -0.832854 -0.553431 0.008300
vn -0.830085 -0.557575 0.008313
vn -0.924967 -0.380004 0.005679
vn -0.922780 -0.385286 0.005700
vn -0.981369 -0.192110 0.002876
vn -0.980206 -0.197955 0.002999
vn -0.999995 0.003085 -0.000036
vn -0.999995 -0.003085 0.000036
vn -0.980207 0.197954 -0.002999
vn -0.981369 0.192110 -0.002876
vn -0.922780 0.385284 -0.005700
vn -0.924968 0.380003 -0.005679
vn -0.830085 0.557575 -0.008313
vn -0.832828 0.553469 -0.008299
vn -0.705594 0.708537 -0.010599
vn -0.708639 0.705493 -0.010500
vn -0.554250 0.832258 -0.012415
vn -0.556994 0.830424 -0.012394
vn -0.381690 0.924188 -0.013788
vn -0.383720 0.923347 -0.013799
vn 0.073708 0.019053 -0.997098
vn 0.066280 0.032895 -0.997259
vn 0.066314 0.032873 -0.997257
vn 0.073703 0.019068 -0.997098
vn -0.194540 0.980786 -0.014603
vn -0.195643 0.980567 -0.014602
vn -0.000044 0.999889 -0.014898
vn -0.000044 0.999889 -0.014888
vn 0.382684 0.923819 -0.010588
vn 0.195099 0.980719 -0.011238
vn 0.195096 0.980720 -0.011236
vn 0.382679 0.923820 -0.010588
vn 0.015547 -0.089642 -0.995853
vn 0.030529 -0.085103 -0.995904
vn 0.030535 -0.085097 -0.995905
vn 0.015554 -0.089637 -0.995853
vn -0.079735 -0.011387 -0.996751
vn -0.078196 -0.027004 -0.996572
vn -0.078190 -0.027006 -0.996573
vn -0.079744 -0.011384 -0.996750
vn 0.030501 0.062256 -0.997594
vn 0.015571 0.066784 -0.997646
vn 0.015570 0.066785 -0.997646
vn 0.030534 0.062252 -0.997593
vn 0.066298 -0.055760 -0.996241
vn 0.073682 -0.041932 -0.996400
vn 0.073687 -0.041966 -0.996398
vn 0.066311 -0.055716 -0.996242
vn -0.056353 -0.067833 -0.996104
vn -0.044354 -0.077714 -0.995989
vn -0.044314 -0.077723 -0.995990
vn -0.056361 -0.067821 -0.996104
vn -0.044304 0.054896 -0.997509
vn -0.056397 0.044938 -0.997397
vn -0.056383 0.044973 -0.997396
vn -0.044310 0.054903 -0.997508
vn 0.078225 0.004145 -0.996927
vn 0.078209 0.004156 -0.996928
vn -0.000004 -0.091171 -0.995835
vn 0.000000 -0.091172 -0.995835
vn -0.078219 0.004116 -0.996928
vn -0.078221 0.004142 -0.996927
vn 0.044335 0.054880 -0.997508
vn 0.044326 0.054891 -0.997508
vn 0.056381 -0.067809 -0.996104
vn 0.056373 -0.067806 -0.996105
vn -0.066297 -0.055735 -0.996242
vn -0.066328 -0.055717 -0.996241
vn -0.030529 0.062258 -0.997593
vn -0.030540 0.062238 -0.997594
vn 0.079741 -0.011409 -0.996750
vn 0.079740 -0.011396 -0.996751
vn -0.015539 -0.089640 -0.995853
vn -0.015548 -0.089640 -0.995853
vn -0.073692 0.019083 -0.997099
vn -0.073700 0.019088 -0.997098
vn 0.056396 0.044966 -0.997395
vn 0.056363 0.044975 -0.997397
vn 0.044339 -0.077704 -0.995990
vn 0.044316 -0.077741 -0.995988
vn -0.073706 -0.041924 -0.996399
vn -0.073676 -0.041954 -0.996399
vn -0.015566 0.066784 -0.997646
vn -0.015566 0.066786 -0.997646
vn 0.078200 -0.026974 -0.996573
vn 0.078195 -0.026988 -0.996573
vn -0.030535 -0.085094 -0.995905
vn -0.030544 -0.085096 -0.995905
vn -0.066303 0.032897 -0.997257
vn -0.066308 0.032861 -0.997258
vn -0.000011 0.068297 -0.997665
vn 0.000003 0.068298 -0.997665
vn 0.000006 0.068298 -0.997665
vn -0.000007 0.068297 -0.997665
vn -0.555580 0.831409 -0.009526
vn -0.707111 0.707056 -0.008102
vn -0.707115 0.707053 -0.008102
vn -0.555584 0.831406 -0.009529
vn 0.000002 -0.999934 0.011460
vn 0.195096 -0.980720 0.011238
vn 0.195101 -0.980719 0.011237
vn 0.000006 -0.999934 0.011459
vn 0.555584 0.831406 -0.009526
vn 0.555580 0.831409 -0.009529
vn -0.382679 0.923821 -0.010587
vn -0.382683 0.923819 -0.010588
vn -0.195096 -0.980720 0.011238
vn -0.195093 -0.980720 0.011236
vn 0.707092 0.707075 -0.008101
vn 0.707089 0.707078 -0.008103
vn -0.195091 0.980721 -0.011238
vn -0.195096 0.980720 -0.011236
vn -0.382687 -0.923817 0.010586
vn -0.382683 -0.923819 0.010582
vn 0.831452 0.555560 -0.006366
vn 0.831451 0.555562 -0.006365
vn -0.000010 0.999934 -0.011508
vn -0.000010 0.999934 -0.011501
vn -0.555559 -0.831422 0.009527
vn -0.555576 -0.831411 0.009532
vn 0.923885 0.382645 -0.004384
vn 0.923884 0.382647 -0.004384
vn -0.707113 -0.707054 0.008111
vn -0.707113 -0.707054 0.008110
vn 0.980787 0.195068 -0.002236
vn 0.980786 0.195073 -0.002235
vn -0.831463 -0.555544 0.006370
vn -0.831448 -0.555566 0.006364
vn 1.000000 -0.000004 0.000000
vn 1.000000 0.000001 -0.000000
vn -0.923873 -0.382675 0.004384
vn -0.923870 -0.382682 0.004384
vn 0.980787 -0.195072 0.002236
vn 0.980787 -0.195069 0.002234
vn -0.980787 -0.195068 0.002235
vn -0.980786 -0.195074 0.002234
vn 0.923884 -0.382647 0.004384
vn 0.923885 -0.382645 0.004383
vn -1.000000 -0.000000 -0.000000
vn -1.000000 -0.000002 -0.000000
vn 0.831466 -0.555540 0.006366
vn 0.831456 -0.555554 0.006371
vn -0.980786 0.195072 -0.002236
vn -0.980787 0.195068 -0.002235
vn 0.707081 -0.707086 0.008110
vn 0.707086 -0.707081 0.008109
vn -0.923869 0.382683 -0.004383
vn -0.923872 0.382677 -0.004384
vn 0.555560 -0.831422 0.009534
vn 0.555584 -0.831406 0.009525
vn -0.831447 0.555567 -0.006365
vn -0.831451 0.555562 -0.006367
vn 0.382683 -0.923819 0.010586
vn 0.382688 -0.923817 0.010583
vn 0.000018 0.999934 -0.011496
vn 0.000018 0.999934 -0.011502
vn 0.999950 -0.009978 -0.000000
vn 0.999950 0.010013 -0.000000
vn 0.978826 0.204694 -0.000000
vn 0.982660 0.185416 -0.000000
vn 0.920314 0.391181 -0.000000
vn 0.927392 0.374091 -0.000000
vn 0.826892 0.562361 -0.000000
vn 0.836086 0.548599 -0.000000
vn 0.702139 0.712040 -0.000000
vn 0.712135 0.702042 -0.000000
vn 0.551039 0.834480 -0.000000
vn 0.560213 0.828349 -0.000000
vn 0.379204 0.925313 -0.000002
vn 0.386228 0.922403 0.000001
vn 0.193200 0.981159 -0.000001
vn 0.196928 0.980418 -0.000000
vn -0.000005 1.000000 -0.000000
vn -0.000006 1.000000 -0.000000
vn -0.193250 0.981150 -0.000000
vn -0.196934 0.980417 -0.000000
vn -0.379222 0.925306 -0.000000
vn -0.386248 0.922395 -0.000000
vn -0.551007 0.834501 -0.000000
vn -0.560221 0.828343 -0.000000
vn -0.702133 0.712046 -0.000000
vn -0.712131 0.702047 -0.000000
vn -0.826895 0.562356 -0.000000
vn -0.836089 0.548594 -0.000000
vn -0.920314 0.391181 -0.000000
vn -0.927392 0.374090 -0.000000
vn -0.978824 0.204702 -0.000000
vn -0.982659 0.185422 -0.000000
vn -0.999950 0.010008 -0.000000
vn -0.999950 -0.009973 0.000000
vn -0.982658 -0.185428 0.000000
vn -0.978823 -0.204707 0.000000
vn -0.927384 -0.374110 0.000000
vn -0.920306 -0.391199 0.000000
vn -0.836083 -0.548602 0.000000
vn -0.826891 -0.562363 0.000000
vn -0.712137 -0.702040 0.000000
vn -0.702141 -0.712038 0.000000
vn -0.560216 -0.828346 0.000000
vn -0.551044 -0.834476 0.000000
vn -0.386286 -0.922379 0.000000
vn -0.379220 -0.925307 0.000000
vn -0.196983 -0.980407 0.000000
vn -0.193255 -0.981149 0.000000
vn -0.000006 -1.000000 0.000000
vn -0.000005 -1.000000 0.000000
vn 0.196887 -0.980426 -0.000001
vn 0.193250 -0.981150 0.000000
vn 0.386266 -0.922388 0.000000
vn 0.379244 -0.925297 0.000000
vn 0.560209 -0.828351 0.000000
vn 0.550999 -0.834506 0.000000
vn 0.712142 -0.702036 0.000000
vn 0.702146 -0.712033 0.000003
vn 0.836080 -0.548607 -0.000003
vn 0.826888 -0.562367 0.000000
vn 0.927384 -0.374112 0.000000
vn 0.920306 -0.391199 0.000000
vn 0.982659 -0.185422 -0.000003
vn 0.978825 -0.204699 0.000004
vn 0.999950 0.009967 0.000000
vn 0.999950 -0.010024 0.000000
vn 0.999927 -0.011185 -0.004592
vn 0.999950 0.008918 -0.004496
vn 0.976503 0.215483 -0.002901
vn 0.987154 0.159293 -0.012380
vn 0.911231 0.411893 0.001497
vn 0.928947 0.370214 0.000301
vn 0.808970 0.587784 0.008800
vn 0.837822 0.545903 0.006698
vn 0.677158 0.735615 0.018096
vn 0.713392 0.700592 0.015599
vn 0.523815 0.851372 0.027996
vn 0.560403 0.827818 0.025800
vn 0.356119 0.933716 0.036798
vn 0.385511 0.922024 0.035401
vn 0.180031 0.982725 0.042898
vn 0.196214 0.979644 0.042401
vn -0.000163 0.998985 0.045036
vn -0.000005 0.998987 0.045000
vn -0.180029 0.982725 0.042903
vn -0.196197 0.979647 0.042401
vn -0.356133 0.933710 0.036802
vn -0.385499 0.922029 0.035400
vn -0.523816 0.851371 0.028002
vn -0.560383 0.827831 0.025797
vn -0.677135 0.735636 0.018100
vn -0.713400 0.700583 0.015601
vn -0.808984 0.587765 0.008802
vn -0.837820 0.545905 0.006702
vn -0.911224 0.411908 0.001500
vn -0.928947 0.370212 0.000298
vn -0.976503 0.215486 -0.002635
vn -0.987153 0.159298 -0.012387
vn -0.999951 0.008910 -0.004200
vn -0.999927 -0.011189 -0.004589
vn -0.980405 -0.196970 -0.002816
vn -0.977843 -0.209323 -0.002698
vn -0.919896 -0.392162 0.000496
vn -0.918632 -0.395115 0.000601
vn -0.822816 -0.568286 0.004999
vn -0.824717 -0.565524 0.005002
vn -0.694931 -0.719008 0.009899
vn -0.699876 -0.714199 0.009700
vn -0.542403 -0.839997 0.014300
vn -0.548883 -0.835780 0.014099
vn -0.371630 -0.928210 0.017798
vn -0.377582 -0.925807 0.017699
vn -0.188788 -0.981814 0.020001
vn -0.192300 -0.981132 0.020000
vn 0.000107 -0.999783 0.020832
vn 0.000104 -0.999783 0.020834
vn 0.188817 -0.981809 0.020001
vn 0.192287 -0.981135 0.020000
vn 0.371635 -0.928208 0.017802
vn 0.377568 -0.925813 0.017699
vn 0.542407 -0.839994 0.014300
vn 0.548867 -0.835791 0.014097
vn 0.694917 -0.719022 0.009900
vn 0.699875 -0.714199 0.009699
vn 0.822806 -0.568300 0.005001
vn 0.824713 -0.565530 0.004998
vn 0.919888 -0.392181 0.000501
vn 0.918631 -0.395115 0.000599
vn 0.980397 -0.197012 -0.002807
vn 0.977845 -0.209313 -0.002699
vn 0.999952 0.008857 -0.004200
vn 0.999927 -0.011215 -0.004599
vn 0.745682 0.378191 -0.548571
vn 0.589817 0.439412 -0.677520
vn 0.549371 0.451681 -0.702977
vn 0.702098 0.398101 -0.590401
vn -0.868158 0.304877 -0.391602
vn -0.951050 0.223217 -0.213725
vn -0.923039 0.256928 -0.286333
vn -0.828593 0.332510 -0.450411
vn -0.345297 -0.270005 0.898814
vn -0.174969 -0.288610 0.941324
vn -0.185693 -0.287806 0.939514
vn -0.366033 -0.266806 0.891535
vn 0.990406 0.136408 -0.022102
vn 0.990406 0.136405 -0.022116
vn 0.949636 -0.012805 0.313093
vn 0.985518 0.054703 0.160502
vn 0.985520 0.054708 0.160492
vn 0.978392 0.035999 0.203600
vn -0.208510 0.514287 -0.831885
vn -0.408012 0.485528 -0.773168
vn -0.376983 0.491409 -0.785112
vn -0.191697 0.515794 -0.834990
vn -0.878268 -0.082505 0.470997
vn -0.777438 -0.144508 0.612134
vn -0.816646 -0.123208 0.563835
vn -0.916026 -0.050073 0.397981
vn 0.505811 -0.239415 0.828755
vn 0.651564 -0.197295 0.732488
vn 0.687617 -0.183998 0.702373
vn 0.535340 -0.232108 0.812119
vn 0.407994 0.485496 -0.773198
vn 0.376989 0.491403 -0.785113
vn -0.954923 0.217609 -0.201912
vn -0.954923 0.217608 -0.201913
vn 0.000099 -0.294795 0.955561
vn -0.000172 -0.294854 0.955542
vn 0.954929 0.217601 -0.201895
vn 0.951050 0.223225 -0.213715
vn 0.923046 0.256917 -0.286320
vn 0.954923 0.217604 -0.201915
vn -0.589828 0.439406 -0.677514
vn -0.549366 0.451686 -0.702977
vn -0.651586 -0.197290 0.732470
vn -0.687620 -0.183984 0.702374
vn 0.777399 -0.144498 0.612186
vn 0.816667 -0.123208 0.563804
vn 0.208477 0.514287 -0.831893
vn 0.191714 0.515795 -0.834986
vn -0.990406 0.136410 -0.022110
vn -0.990406 0.136408 -0.022112
vn 0.174968 -0.288605 0.941325
vn 0.185690 -0.287803 0.939515
vn 0.868162 0.304884 -0.391587
vn 0.828588 0.332506 -0.450425
vn -0.745698 0.378198 -0.548545
vn -0.702088 0.398108 -0.590409
vn -0.505805 -0.239420 0.828758
vn -0.535320 -0.232109 0.812132
vn 0.878259 -0.082499 0.471015
vn 0.916028 -0.050133 0.397968
vn 0.000442 0.524175 -0.851610
vn 0.000180 0.524001 -0.851717
vn -0.985516 0.054694 0.160519
vn -0.949629 -0.012781 0.313114
vn -0.978389 0.035994 0.203617
vn -0.985518 0.054704 0.160508
vn 0.345299 -0.270004 0.898814
vn 0.366013 -0.266812 0.891541
vn 0.000000 -0.011496 -0.999934
vn 0.000000 -0.011496 -0.999934
vn 0.000000 -0.011496 -0.999934
vn 0.000000 -0.011542 -0.999933
vn 0.000000 -0.011542 -0.999933
vn 0.000000 -0.011542 -0.999933
vn 0.000000 -0.011543 -0.999933
vn 0.000000 -0.011543 -0.999933
vn 0.000000 -0.011543 -0.999933
vn 0.000000 -0.011358 -0.999936
vn 0.000000 -0.011358 -0.999936
vn 0.000000 -0.011358 -0.999936
vn 0.000000 -0.011357 -0.999936
vn 0.000000 -0.011357 -0.999936
vn 0.000000 -0.011357 -0.999936
vn 0.000000 -0.011570 -0.999933
vn 0.000000 -0.011570 -0.999933
vn 0.000000 -0.011570 -0.999933
vn 0.000000 -0.011570 -0.999933
vn 0.000000 -0.011433 -0.999935
vn 0.000000 -0.011433 -0.999935
vn 0.000000 -0.011433 -0.999935
vn 0.000000 -0.011433 -0.999935
vn 0.000000 -0.011417 -0.999935
vn 0.000000 -0.011417 -0.999935
vn 0.000000 -0.011417 -0.999935
vn 0.000000 -0.011418 -0.999935
vn 0.000000 -0.011418 -0.999935
vn 0.000000 -0.011418 -0.999935
vn 0.000000 -0.011575 -0.999933
vn 0.000000 -0.011575 -0.999933
vn 0.000000 -0.011575 -0.999933
vn 0.000000 -0.011575 -0.999933
vn 0.000000 -0.011369 -0.999935
vn 0.000000 -0.011369 -0.999935
vn 0.000000 -0.011369 -0.999935
vn 0.000000 -0.011369 -0.999935
vn 0.000000 -0.011503 -0.999934
vn 0.000000 -0.011503 -0.999934
vn 0.000000 -0.011503 -0.999934
vn 0.000000 -0.011503 -0.999934
vn 0.000000 -0.011435 -0.999935
vn 0.000000 -0.011435 -0.999935
vn 0.000000 -0.011435 -0.999935
vn 0.000000 -0.011435 -0.999935
vn 0.000000 -0.011416 -0.999935
vn 0.000000 -0.011416 -0.999935
vn 0.000000 -0.011416 -0.999935
vn 0.000000 -0.011417 -0.999935
vn 0.000000 -0.011417 -0.999935
vn 0.000000 -0.011417 -0.999935
vn 0.000000 -0.011433 -0.999935
vn 0.000000 -0.011433 -0.999935
vn 0.000000 -0.011433 -0.999935
vn 0.000000 -0.011433 -0.999935
vn 0.000000 -0.011570 -0.999933
vn 0.000000 -0.011570 -0.999933
vn 0.000000 -0.011570 -0.999933
vn 0.000000 -0.011570 -0.999933
vn 0.000000 -0.011357 -0.999936
vn 0.000000 -0.011357 -0.999936
vn 0.000000 -0.011357 -0.999936
vn 0.000000 -0.011357 -0.999936
vn 0.000000 -0.011542 -0.999933
vn 0.000000 -0.011542 -0.999933
vn 0.000000 -0.011542 -0.999933
vn 0.000000 -0.011542 -0.999933
vn 0.000000 -0.011497 -0.999934
vn 0.000000 -0.011497 -0.999934
vn 0.000000 -0.011497 -0.999934
vn 0.000000 0.011245 0.999937
vn -0.000000 0.011245 0.999937
vn -0.000000 0.011245 0.999937
vn 0.000000 0.011474 0.999934
vn 0.000000 0.011474 0.999934
vn 0.000000 0.011474 0.999934
vn 0.000000 0.011473 0.999934
vn 0.000000 0.011473 0.999934
vn 0.000000 0.011473 0.999934
vn 0.000000 0.011542 0.999933
vn 0.000000 0.011542 0.999933
vn 0.000000 0.011542 0.999933
vn 0.000000 0.011543 0.999933
vn 0.000000 0.011543 0.999933
vn 0.000000 0.011543 0.999933
vn 0.000000 0.011394 0.999935
vn 0.000000 0.011394 0.999935
vn 0.000000 0.011394 0.999935
vn 0.000000 0.011394 0.999935
vn 0.000000 0.011453 0.999934
vn 0.000000 0.011453 0.999934
vn 0.000000 0.011453 0.999934
vn 0.000000 0.011453 0.999934
vn 0.000000 0.011511 0.999934
vn 0.000000 0.011511 0.999934
vn 0.000000 0.011511 0.999934
vn 0.000000 0.011511 0.999934
vn 0.000000 0.011458 0.999934
vn 0.000000 0.011458 0.999934
vn 0.000000 0.011458 0.999934
vn 0.000000 0.011458 0.999934
vn 0.000000 0.011425 0.999935
vn 0.000000 0.011425 0.999935
vn 0.000000 0.011425 0.999935
vn 0.000000 0.011425 0.999935
vn 0.000000 0.011507 0.999934
vn 0.000000 0.011507 0.999934
vn 0.000000 0.011507 0.999934
vn 0.000000 0.011507 0.999934
vn 0.000000 0.011457 0.999934
vn 0.000000 0.011457 0.999934
vn 0.000000 0.011457 0.999934
vn 0.000000 0.011457 0.999934
vn 0.000000 0.011420 0.999935
vn 0.000000 0.011420 0.999935
vn 0.000000 0.011420 0.999935
vn 0.000000 0.011420 0.999935
vn 0.000000 0.011453 0.999934
vn 0.000000 0.011453 0.999934
vn 0.000000 0.011453 0.999934
vn 0.000000 0.011453 0.999934
vn 0.000000 0.011520 0.999934
vn 0.000000 0.011520 0.999934
vn 0.000000 0.011520 0.999934
vn 0.000000 0.011520 0.999934
vn 0.000000 0.011373 0.999935
vn 0.000000 0.011373 0.999935
vn 0.000000 0.011373 0.999935
vn 0.000000 0.011373 0.999935
vn 0.000000 0.011469 0.999934
vn 0.000000 0.011469 0.999934
vn 0.000000 0.011469 0.999934
vn 0.000000 0.011469 0.999934
vn 0.000000 0.011605 0.999933
vn 0.000000 0.011605 0.999933
vn 0.000000 0.011605 0.999933
vn 0.000000 -0.000000 -1.000000
vn 0.000000 -0.000000 -1.000000
vn 0.000000 -0.000000 -1.000000
vn 0.000000 -0.000000 -1.000000
vn 0.000000 -0.000000 -1.000000
vn 0.000000 -0.000000 -1.000000
vn 0.000000 -0.000000 -1.000000
vn 0.000000 -0.000000 -1.000000
vn 0.000000 -0.000000 -1.000000
vn 0.000000 -0.000000 -1.000000
vn 0.000000 -0.000000 -1.000000
vn 0.000000 -0.000000 -1.000000
vn 0.000000 -0.000000 -1.000000
vn 0.000000 -0.000000 -1.000000
vn 0.000000 -0.000000 -1.000000
vn 0.000000 -0.000000 -1.000000
vn 0.000000 -0.000000 -1.000000
vn 0.000000 -0.000000 -1.000000
vn 0.000000 -0.000000 -1.000000
vn 0.000000 -0.000000 -1.000000
vn 0.000000 -0.000000 -1.000000
vn 0.000000 -0.000000 -1.000000
vn 0.000000 -0.000000 -1.000000
vn 0.000000 -0.000000 -1.000000
vn 0.000000 -0.000000 -1.000000
vn 0.000000 -0.000000 -1.000000
vn 0.000000 -0.000000 -1.000000
vn 0.000000 -0.000000 -1.000000
vn 0.000000 -0.000000 -1.000000
vn 0.000000 -0.000000 -1.000000
vn 0.000000 -0.000000 -1.000000
vn 0.000000 -0.000000 -1.000000
vn 0.000000 0.000000 1.000000
vn 0.000000 0.000000 1.000000
vn 0.000000 0.000000 1.000000
vn 0.000000 0.000000 1.000000
vn 0.000000 0.000000 1.000000
vn 0.000000 0.000000 1.000000
vn 0.000000 0.000000 1.000000
vn 0.000000 0.000000 1.000000
vn 0.000000 0.000000 1.000000
vn 0.000000 0.000000 1.000000
vn 0.000000 0.000000 1.000000
vn 0.000000 0.000000 1.000000
vn 0.000000 0.000000 1.000000
vn 0.000000 0.000000 1.000000
vn 0.000000 0.000000 1.000000
vn 0.000000 0.000000 1.000000
vn 0.000000 0.000000 1.000000
vn 0.000000 0.000000 1.000000
vn 0.000000 0.000000 1.000000
vn 0.000000 0.000000 1.000000
vn 0.000000 0.000000 1.000000
vn 0.000000 0.000000 1.000000
vn 0.000000 0.000000 1.000000
vn 0.000000 0.000000 1.000000
vn 0.000000 0.000000 1.000000
vn 0.000000 0.000000 1.000000
vn 0.000000 0.000000 1.000000
vn 0.000000 0.000000 1.000000
vn 0.000000 0.000000 1.000000
vn 0.000000 0.000000 1.000000
vn 0.000000 0.000000 1.000000
vn 0.000000 0.000000 1.000000
vn 0.000000 -0.000000 -1.000000
vn 0.000000 -0.000000 -1.000000
vn 0.000000 -0.000000 -1.000000
vn -0.000000 0.000016 -1.000000
vn 0.000000 -0.000128 -1.000000
vn 0.000000 0.000352 -1.000000
vn -0.000000 -0.000128 -1.000000
vn 0.000000 -0.000217 -1.000000
vn 0.000000 -0.000217 -1.000000
vn 0.000000 -0.000217 -1.000000
vn 0.000000 0.000119 -1.000000
vn -0.000000 0.000119 -1.000000
vn -0.000000 0.000119 -1.000000
vn 0.000000 0.000161 -1.000000
vn 0.000000 0.000161 -1.000000
vn 0.000000 0.000161 -1.000000
vn 0.000000 0.000161 -1.000000
vn 0.000000 -0.000000 -1.000000
vn 0.000000 -0.000000 -1.000000
vn 0.000000 -0.000000 -1.000000
vn -0.000013 -0.000122 -1.000000
vn -0.000013 -0.000122 -1.000000
vn -0.000013 -0.000122 -1.000000
vn -0.000014 -0.000007 -1.000000
vn -0.000014 -0.000007 -1.000000
vn -0.000014 -0.000007 -1.000000
vn 0.000000 0.000116 -1.000000
vn 0.000000 0.000116 -1.000000
vn 0.000000 0.000116 -1.000000
vn 0.000000 -0.000107 -1.000000
vn 0.000000 -0.000107 -1.000000
vn 0.000000 -0.000107 -1.000000
vn 0.000000 -0.000107 -1.000000
vn 0.000000 -0.000000 -1.000000
vn 0.000000 -0.000000 -1.000000
vn 0.000000 -0.000000 -1.000000
vn 0.000000 -0.000000 -1.000000
vn 0.000000 -0.000000 -1.000000
vn 0.000000 -0.000000 -1.000000
vn 0.000000 0.000107 -1.000000
vn 0.000000 0.000107 -1.000000
vn 0.000000 0.000107 -1.000000
vn 0.000000 0.000107 -1.000000
vn 0.000000 -0.000116 -1.000000
vn 0.000000 -0.000116 -1.000000
vn 0.000000 -0.000116 -1.000000
vn 0.000000 -0.000116 -1.000000
vn 0.000000 0.000132 -1.000000
vn 0.000000 0.000132 -1.000000
vn 0.000000 0.000132 -1.000000
vn -0.000000 -0.000204 -1.000000
vn -0.000000 -0.000204 -1.000000
vn -0.000000 -0.000204 -1.000000
vn 0.000000 -0.000000 -1.000000
vn 0.000000 -0.000000 -1.000000
vn 0.000000 -0.000000 -1.000000
vn 0.000000 -0.000000 -1.000000
vn 0.000000 0.000119 -1.000000
vn 0.000000 0.000119 -1.000000
vn 0.000000 0.000119 -1.000000
vn 0.000000 0.000263 -1.000000
vn 0.000000 0.000210 -1.000000
vn 0.000000 -0.000196 -1.000000
vn -0.000000 -0.000128 -1.000000
vn -0.000000 0.000016 -1.000000
vn -0.000000 0.000016 -1.000000
vn 0.000000 0.000016 -1.000000
vn 0.000000 -0.000000 -1.000000
vn 0.000000 -0.000000 -1.000000
vn 0.000000 -0.000000 -1.000000
vn -0.000088 0.995301 0.096827
vn -0.000088 0.995301 0.096827
vn -0.000088 0.995301 0.096827
vn 0.000263 0.995307 0.096771
vn 0.000263 0.995307 0.096771
vn 0.000263 0.995307 0.096771
vn -0.000252 0.995301 0.096828
vn -0.000252 0.995301 0.096828
vn -0.000252 0.995301 0.096828
vn 0.000173 0.995301 0.096828
vn 0.000173 0.995301 0.096828
vn 0.000173 0.995301 0.096828
vn -0.000175 0.995307 0.096767
vn -0.000175 0.995307 0.096767
vn -0.000175 0.995307 0.096767
vn 0.000082 0.995302 0.096824
vn 0.000082 0.995302 0.096824
vn 0.000082 0.995302 0.096824
vn -0.000065 0.995300 0.096843
vn -0.000065 0.995300 0.096843
vn -0.000065 0.995300 0.096843
vn -0.000072 0.995300 0.096837
vn -0.000072 0.995300 0.096837
vn -0.000072 0.995300 0.096837
vn -0.000126 0.995299 0.096846
vn -0.000126 0.995299 0.096846
vn -0.000126 0.995299 0.096846
vn 0.000081 0.995300 0.096844
vn 0.000081 0.995300 0.096844
vn 0.000081 0.995300 0.096844
vn 0.000095 0.995300 0.096843
vn 0.000095 0.995300 0.096843
vn 0.000095 0.995300 0.096843
vn -0.000106 0.995299 0.096847
vn -0.000106 0.995299 0.096847
vn -0.000106 0.995299 0.096847
vn -0.000039 0.995300 0.096835
vn -0.000039 0.995300 0.096835
vn -0.000039 0.995300 0.096835
vn 0.000081 0.995300 0.096838
vn 0.000081 0.995300 0.096838
vn 0.000081 0.995300 0.096838
vn 0.000058 0.995300 0.096838
vn 0.000058 0.995300 0.096838
vn 0.000058 0.995300 0.096838
vn -0.000076 0.995300 0.096842
vn -0.000076 0.995300 0.096842
vn -0.000076 0.995300 0.096842
vn -0.000061 0.995300 0.096835
vn -0.000061 0.995300 0.096835
vn -0.000061 0.995300 0.096835
vn -0.000340 0.995315 0.096682
vn -0.000340 0.995315 0.096682
vn -0.000340 0.995315 0.096682
vn 0.000028 0.995300 0.096842
vn 0.000028 0.995300 0.096842
vn 0.000028 0.995300 0.096842
vn -0.000080 0.995300 0.096843
vn -0.000080 0.995300 0.096843
vn -0.000080 0.995300 0.096843
vn -0.000097 0.995300 0.096844
vn -0.000097 0.995300 0.096844
vn -0.000097 0.995300 0.096844
vn 0.000082 0.995299 0.096846
vn 0.000082 0.995299 0.096846
vn 0.000082 0.995299 0.096846
vn -0.000198 0.995310 0.096741
vn -0.000198 0.995310 0.096741
vn -0.000198 0.995310 0.096741
vn -0.000065 0.995300 0.096839
vn -0.000065 0.995300 0.096839
vn -0.000065 0.995300 0.096839
vn 0.000082 0.995301 0.096829
vn 0.000082 0.995301 0.096829
vn 0.000082 0.995301 0.096829
vn 0.000170 0.995307 0.096769
vn 0.000170 0.995307 0.096769
vn 0.000170 0.995307 0.096769
vn -0.000171 0.995301 0.096828
vn -0.000171 0.995301 0.096828
vn -0.000171 0.995301 0.096828
vn -0.000233 0.995306 0.096774
vn -0.000233 0.995306 0.096774
vn -0.000233 0.995306 0.096774
vn -0.000104 0.995305 0.096789
vn -0.000104 0.995305 0.096789
vn -0.000104 0.995305 0.096789
vn -0.000076 0.995301 0.096828
vn -0.000076 0.995301 0.096828
vn -0.000076 0.995301 0.096828
vn -1.000000 0.000000 -0.000000
vn -1.000000 0.000000 -0.000000
vn -1.000000 0.000000 -0.000000
vn -1.000000 0.000000 -0.000000
vn 0.000000 -0.000000 -1.000000
vn 0.000000 -0.000000 -1.000000
vn 0.000000 -0.000000 -1.000000
vn 0.000000 -0.000000 -1.000000
vn 1.000000 0.000000 -0.000000
vn 1.000000 0.000000 -0.000000
vn 1.000000 0.000000 -0.000000
vn 1.000000 0.000000 -0.000000
vn 0.981687 -0.190500 0.000000
vn 0.981687 -0.190500 0.000000
vn 0.981687 -0.190500 0.000000
vn 0.981687 -0.190503 0.000000
vn 0.981687 -0.190503 0.000000
vn 0.981687 -0.190503 0.000000
vn 0.000000 -1.000000 0.000000
vn 0.000000 -1.000000 0.000000
vn 0.000000 -1.000000 0.000000
vn 0.000000 -1.000000 0.000000
vn 0.000000 1.000000 -0.000000
vn 0.000000 1.000000 -0.000000
vn 0.000000 1.000000 -0.000000
vn 0.000000 1.000000 -0.000000
vn 0.162045 0.512682 0.843148
vn 0.000000 0.903188 0.429246
vn -0.000007 0.702162 0.712017
vn 0.600645 0.342996 0.722204
vn 0.166200 0.000000 0.986092
vn 0.171704 -0.008602 0.985111
vn 0.765898 -0.121844 0.631312
vn -0.171703 -0.008602 0.985111
vn -0.166203 0.000000 0.986092
vn -0.166197 0.000000 0.986093
vn -0.171601 -0.008494 0.985130
vn 0.000000 -1.000000 0.000000
vn 0.000000 -1.000000 0.000000
vn -0.229638 -0.033799 -0.972689
vn -0.000000 -0.142002 -0.989866
vn 0.000000 0.334080 -0.942545
vn 0.000000 0.334063 -0.942551
vn 0.874317 -0.146971 0.462569
vn -0.719169 0.017929 -0.694604
vn 0.000000 -0.311510 -0.950243
vn -0.874301 0.146998 -0.462590
vn -0.719173 0.017918 -0.694600
vn -0.229701 -0.033798 -0.972674
vn -0.874324 0.147007 -0.462545
vn -0.000032 -0.170837 -0.985299
vn 0.000032 -0.170838 -0.985299
vn -1.000000 0.000000 -0.000000
vn -1.000000 0.000000 -0.000000
vn -1.000000 0.000000 -0.000000
vn -1.000000 0.000000 -0.000000
vn 0.000000 -0.296873 0.954917
vn -0.000011 -0.296878 0.954916
vn 1.000000 0.000000 -0.000000
vn 1.000000 0.000000 -0.000000
vn 1.000000 0.000000 -0.000000
vn 1.000000 0.000000 -0.000000
vn -0.000027 -0.170791 -0.985307
vn 0.000000 -0.694513 -0.719480
vn 0.000000 -0.694517 -0.719476
vn 0.000027 -0.170798 -0.985306
vn -1.000000 0.000000 -0.000000
vn -1.000000 0.000000 -0.000000
vn 0.000000 -0.525491 0.850799
vn 0.000000 -0.525491 0.850799
vn 1.000000 -0.000000 0.000000
vn 1.000000 0.000000 -0.000000
vn 0.000000 1.000000 -0.000000
vn 0.000000 1.000000 -0.000000
vn 0.000000 1.000000 -0.000000
vn 0.000000 1.000000 -0.000000
vn -0.981703 -0.190418 0.000000
vn -0.981703 -0.190418 0.000000
vn -0.981703 -0.190418 0.000000
vn -0.981703 -0.190420 0.000000
vn -0.981703 -0.190420 0.000000
vn -0.981703 -0.190420 0.000000
vn 0.000000 1.000000 0.000023
vn 0.000000 1.000000 0.000023
vn 0.000000 1.000000 0.000023
vn 0.000000 1.000000 -0.000000
vn 0.177128 -0.017233 0.984037
vn 0.177098 -0.017183 0.984043
vn 0.177093 -0.017177 0.984044
vn 0.177103 -0.017196 0.984042
vn -0.177134 -0.017165 0.984037
vn -0.177105 -0.017203 0.984042
vn -0.177098 -0.017214 0.984043
vn -0.177107 -0.017199 0.984041
vn 0.000000 -1.000000 0.000000
vn 0.000000 -1.000000 0.000000
vn 0.000000 -1.000000 0.000000
vn 0.000000 -1.000000 0.000000
vn 0.000000 -1.000000 0.000000
vn 0.000000 -1.000000 0.000000
vn 0.000000 -1.000000 0.000000
vn 0.000000 -1.000000 0.000000
vn 1.000000 0.000000 -0.000000
vn 1.000000 0.000000 -0.000000
vn 1.000000 0.000000 -0.000000
vn 1.000000 0.000000 -0.000000
vn 0.000000 -1.000000 0.000000
vn 0.000000 -1.000000 0.000000
vn 0.000000 -1.000000 0.000000
vn 0.000000 -1.000000 0.000000
vn -1.000000 0.000000 -0.000000
vn -1.000000 0.000000 -0.000000
vn -1.000000 0.000000 -0.000000
vn -1.000000 0.000000 -0.000000
vn 0.171699 -0.008598 0.985112
vn 0.177117 -0.017187 0.984040
vn 0.177076 -0.017243 0.984046
vn 0.161963 0.512753 0.843121
vn -0.171604 -0.008498 0.985129
vn -0.177120 -0.017221 0.984039
vn -0.177096 -0.017182 0.984044
vn -0.171705 -0.008603 0.985111
vn 0.000000 -1.000000 0.000000
vn 0.000000 -1.000000 0.000000
vn 0.000000 -1.000000 0.000000
vn 0.000000 -1.000000 0.000000
vn -0.359838 0.933015 -0.000000
vn -0.359838 0.933015 -0.000000
vn -0.359838 0.933015 -0.000000
vn -0.359838 0.933015 -0.000000
vn 0.359842 0.933013 -0.000000
vn 0.359842 0.933013 -0.000000
vn 0.359842 0.933013 -0.000000
vn 0.359842 0.933013 -0.000000
vn 0.359842 0.933013 -0.000000
vn 0.359842 0.933013 -0.000000
vn -0.359838 0.933015 -0.000000
vn -0.359838 0.933015 -0.000000
vn -1.000000 0.000000 -0.000000
vn -1.000000 0.000000 -0.000000
vn -1.000000 0.000000 -0.000000
vn -1.000000 0.000000 -0.000000
vn -0.000000 -0.000000 -1.000000
vn -0.000000 -0.000000 -1.000000
vn -0.000000 -0.000000 -1.000000
vn 0.000000 -0.000000 -1.000000
vn 0.327967 0.944689 -0.000000
vn 0.327989 0.944682 -0.000000
vn 0.527882 0.849318 -0.000000
vn 0.527882 0.849318 -0.000000
vn 0.000000 0.000000 1.000000
vn 0.000000 0.000000 1.000000
vn 0.000000 0.000000 1.000000
vn 0.000000 0.000000 1.000000
vn 0.098513 -0.995136 0.000000
vn 0.327971 -0.944688 0.000000
vn 0.327999 -0.944678 -0.000002
vn 0.098513 -0.995136 0.000000
vn 0.098515 0.995136 -0.000000
vn 0.098515 0.995136 -0.000000
vn 1.000000 0.000000 -0.000000
vn 1.000000 0.000000 -0.000000
vn 1.000000 0.000000 -0.000000
vn 1.000000 0.000000 -0.000000
vn -0.000001 -0.000000 -1.000000
vn -0.000001 -0.000000 -1.000000
vn -0.000001 -0.000000 -1.000000
vn 0.000000 -0.000000 -1.000000
vn 0.000000 -0.000000 -1.000000
vn -0.000001 0.000000 1.000000
vn -0.000001 0.000000 1.000000
vn -0.000001 0.000000 1.000000
vn 0.000002 0.000000 1.000000
vn 0.000002 0.000000 1.000000
vn 0.000002 0.000000 1.000000
vn 0.527851 -0.849337 0.000000
vn 0.527851 -0.849337 0.000000
vn -1.000000 0.000000 -0.000000
vn -1.000000 0.000000 -0.000000
vn -1.000000 0.000000 -0.000000
vn -1.000000 0.000000 -0.000000
vn -1.000000 0.000000 -0.000000
vn 0.000000 -0.000000 -1.000000
vn 0.000000 -0.000000 -1.000000
vn 0.000000 -0.000000 -1.000000
vn 0.000000 -0.000000 -1.000000
vn 0.000000 -0.000000 -1.000000
vn 1.000000 0.000000 -0.000000
vn 1.000000 0.000000 -0.000000
vn 1.000000 0.000000 -0.000000
vn 1.000000 0.000000 -0.000000
vn 1.000000 0.000000 -0.000000
vn 0.000000 0.000000 1.000000
vn 0.000000 0.000000 1.000000
vn 0.000000 0.000000 1.000000
vn 0.000000 0.000000 1.000000
vn 0.000000 0.000000 1.000000
g Body
usemtl Atlas
f 1/1/1 2/2/2 3/3/3
f 4/4/4 5/5/5 6/6/6
f 4/4/4 6/6/6 7/7/7
f 8/8/8 9/9/9 10/10/10
f 8/8/8 10/10/10 11/11/11
f 12/12/12 13/13/13 14/14/14
f 12/12/12 14/14/14 15/15/15
f 11/11/11 10/10/10 16/16/16
f 11/11/11 16/16/16 17/17/17
f 18/18/18 19/19/19 20/20/20
f 18/18/18 20/20/20 21/21/21
f 22/22/22 23/23/23 24/24/24
f 22/22/22 24/24/24 25/25/25
f 21/21/21 20/20/20 26/26/26
f 21/21/21 26/26/26 27/27/27
f 18/18/18 28/28/28 29/29/29
f 18/18/18 29/29/29 30/30/30
f 9/9/9 31/31/31 32/32/32
f 9/9/9 32/32/32 33/33/33
f 5/5/5 34/34/34 35/35/35
f 5/5/5 35/35/35 31/31/31
f 36/36/36 37/37/37 38/38/38
f 36/36/36 38/38/38 39/39/39
f 40/40/40 41/41/41 42/42/42
f 40/40/40 42/42/42 43/43/43
f 12/12/12 39/39/39 38/38/38
f 12/12/12 38/38/38 44/44/44
f 16/16/16 45/45/45 46/46/46
f 16/16/16 46/46/46 47/47/47
f 27/27/27 48/48/48 49/49/49
f 27/27/27 49/49/49 50/50/50
f 24/24/24 51/51/51 52/52/52
f 24/24/24 52/52/52 53/53/53
f 54/54/54 55/55/55 56/56/56
f 54/54/54 56/56/56 57/57/57
f 25/25/25 58/58/58 56/56/56
f 25/25/25 56/56/56 55/55/55
f 26/26/26 59/59/59 60/60/60
f 26/26/26 60/60/60 61/61/61
f 9/9/9 8/8/8 62/62/62
f 9/9/9 62/62/62 31/31/31
f 31/31/31 62/62/62 6/6/6
f 31/31/31 6/6/6 5/5/5
f 36/36/36 63/63/63 64/64/64
f 36/36/36 64/64/64 37/37/37
f 37/37/37 64/64/64 20/20/20
f 37/37/37 20/20/20 19/19/19
f 10/10/10 9/9/9 33/33/33
f 10/10/10 33/33/33 65/65/65
f 66/66/66 28/28/28 18/18/18
f 66/66/66 18/18/18 21/21/21
f 24/24/24 23/23/23 67/67/67
f 24/24/24 67/67/67 51/51/51
f 47/47/47 68/68/68 17/17/17
f 47/47/47 17/17/17 16/16/16
f 22/22/22 25/25/25 55/55/55
f 22/22/22 55/55/55 69/69/69
f 70/70/70 55/55/55 54/54/54
f 70/70/70 54/54/54 71/71/71
f 25/25/25 24/24/24 53/53/53
f 25/25/25 53/53/53 58/58/58
f 61/61/61 48/48/48 27/27/27
f 61/61/61 27/27/27 26/26/26
f 26/26/26 20/20/20 64/64/64
f 26/26/26 64/64/64 59/59/59
f 57/57/57 64/64/64 63/63/63
f 57/57/57 63/63/63 54/54/54
f 21/21/21 27/27/27 50/50/50
f 21/21/21 50/50/50 66/66/66
f 65/65/65 45/45/45 16/16/16
f 65/65/65 16/16/16 10/10/10
f 72/72/72 73/73/73 74/74/74
f 72/72/72 74/74/74 75/75/75
f 76/76/76 77/77/77 78/78/78
f 76/76/76 78/78/78 79/79/79
f 80/80/80 81/81/81 82/82/82
f 80/80/80 82/82/82 83/83/83
f 77/77/77 84/84/84 85/85/85
f 77/77/77 85/85/85 78/78/78
f 86/86/86 87/87/87 88/88/88
f 86/86/86 88/88/88 89/89/89
f 90/90/90 91/91/91 92/92/92
f 90/90/90 92/92/92 93/93/93
f 87/87/87 94/94/94 95/95/95
f 87/87/87 95/95/95 88/88/88
f 86/86/86 96/96/96 97/97/97
f 86/86/86 97/97/97 98/98/98
f 79/79/79 99/99/99 100/100/100
f 79/79/79 100/100/100 101/101/101
f 74/74/74 101/101/101 102/102/102
f 74/74/74 102/102/102 103/103/103
f 104/104/104 105/105/105 106/106/106
f 104/104/104 106/106/106 107/107/107
f 108/108/108 109/109/109 110/110/110
f 108/108/108 110/110/110 111/111/111
f 81/81/81 112/112/112 106/106/106
f 81/81/81 106/106/106 105/105/105
f 85/85/85 113/113/113 114/114/114
f 85/85/85 114/114/114 115/115/115
f 94/94/94 116/116/116 117/117/117
f 94/94/94 117/117/117 118/118/118
f 92/92/92 119/119/119 120/120/120
f 92/92/92 120/120/120 121/121/121
f 122/122/122 123/123/123 124/124/124
f 122/122/122 124/124/124 125/125/125
f 91/91/91 126/126/126 127/127/127
f 91/91/91 127/127/127 128/128/128
f 95/95/95 129/129/129 130/130/130
f 95/95/95 130/130/130 131/131/131
f 79/79/79 101/101/101 132/132/132
f 79/79/79 132/132/132 76/76/76
f 101/101/101 74/74/74 73/73/73
f 101/101/101 73/73/73 132/132/132
f 104/104/104 107/107/107 133/133/133
f 104/104/104 133/133/133 134/134/134
f 107/107/107 89/89/89 88/88/88
f 107/107/107 88/88/88 133/133/133
f 78/78/78 135/135/135 99/99/99
f 78/78/78 99/99/99 79/79/79
f 136/136/136 87/87/87 86/86/86
f 136/136/136 86/86/86 98/98/98
f 92/92/92 121/121/121 137/137/137
f 92/92/92 137/137/137 93/93/93
f 113/113/113 85/85/85 84/84/84
f 113/113/113 84/84/84 138/138/138
f 90/90/90 139/139/139 126/126/126
f 90/90/90 126/126/126 91/91/91
f 140/140/140 141/141/141 122/122/122
f 140/140/140 122/122/122 125/125/125
f 91/91/91 128/128/128 119/119/119
f 91/91/91 119/119/119 92/92/92
f 129/129/129 95/95/95 94/94/94
f 129/129/129 94/94/94 118/118/118
f 95/95/95 131/131/131 133/133/133
f 95/95/95 133/133/133 88/88/88
f 123/123/123 122/122/122 134/134/134
f 123/123/123 134/134/134 133/133/133
f 87/87/87 136/136/136 116/116/116
f 87/87/87 116/116/116 94/94/94
f 135/135/135 78/78/78 85/85/85
f 135/135/135 85/85/85 115/115/115
f 142/142/142 143/143/143 144/144/144
f 142/142/142 144/144/144 145/145/145
f 146/146/146 147/147/147 148/148/148
f 146/146/146 148/148/148 149/149/149
f 150/150/150 151/151/151 152/152/152
f 150/150/150 152/152/152 153/153/153
f 154/154/154 150/150/150 153/153/153
f 154/154/154 153/153/153 155/155/155
f 156/156/156 157/157/157 158/158/158
f 159/159/159 160/160/160 161/161/161
f 162/162/162 163/163/163 164/164/164
f 165/165/165 166/166/166 167/167/167
f 168/168/168 169/169/169 170/170/170
f 171/171/171 172/172/172 173/173/173
f 174/174/174 175/175/175 176/176/176
f 177/177/177 178/178/178 179/179/179
f 180/180/180 181/181/181 182/182/182
f 183/183/183 184/184/184 185/185/185
f 186/186/186 187/187/187 188/188/188
f 189/189/189 190/190/190 191/191/191
f 192/192/192 193/193/193 194/194/194
f 195/195/195 196/196/196 197/197/197
f 151/151/151 142/142/142 145/145/145
f 151/151/151 145/145/145 152/152/152
f 198/198/198 199/199/199 200/200/200
f 201/201/201 202/202/202 203/203/203
f 204/204/204 205/205/205 206/206/206
f 207/207/207 208/208/208 209/209/209
f 210/210/210 211/211/211 212/212/212
f 210/210/210 212/212/212 213/213/213
f 214/214/214 215/215/215 216/216/216
f 214/214/214 216/216/216 217/217/217
f 3/3/3 218/218/218 219/219/219
f 3/3/3 219/219/219 220/220/220
f 1/1/1 3/3/3 220/220/220
f 1/1/1 220/220/220 221/221/221
f 222/222/222 223/223/223 224/224/224
f 222/222/222 224/224/224 225/225/225
f 226/226/226 63/63/63 36/36/36
f 63/63/63 226/226/226 227/227/227
f 63/63/63 227/227/227 228/228/228
f 63/63/63 228/228/228 229/229/229
f 229/229/229 54/54/54 63/63/63
f 54/54/54 229/229/229 230/230/230
f 54/54/54 230/230/230 231/231/231
f 54/54/54 231/231/231 232/232/232
f 54/54/54 232/232/232 71/71/71
f 71/71/71 232/232/232 233/233/233
f 234/234/234 36/36/36 39/39/39
f 36/36/36 234/234/234 226/226/226
f 226/226/226 234/234/234 235/235/235
f 15/15/15 39/39/39 12/12/12
f 39/39/39 15/15/15 234/234/234
f 234/234/234 15/15/15 236/236/236
f 134/134/134 237/237/237 238/238/238
f 237/237/237 134/134/134 239/239/239
f 134/134/134 240/240/240 104/104/104
f 240/240/240 134/134/134 238/238/238
f 122/122/122 239/239/239 134/134/134
f 239/239/239 122/122/122 241/241/241
f 241/241/241 122/122/122 242/242/242
f 242/242/242 122/122/122 141/141/141
f 242/242/242 141/141/141 243/243/243
f 104/104/104 244/244/244 105/105/105
f 244/244/244 104/104/104 240/240/240
f 244/244/244 240/240/240 245/245/245
f 105/105/105 82/82/82 81/81/81
f 82/82/82 105/105/105 244/244/244
f 82/82/82 244/244/244 246/246/246
f 247/247/247 248/248/248 249/249/249
f 248/248/248 247/247/247 250/250/250
f 250/250/250 247/247/247 251/251/251
f 252/252/252 253/253/253 254/254/254
f 253/253/253 252/252/252 255/255/255
f 255/255/255 252/252/252 256/256/256
f 257/257/257 258/258/258 259/259/259
f 260/260/260 261/261/261 262/262/262
f 263/263/263 264/264/264 265/265/265
f 266/266/266 267/267/267 268/268/268
f 267/267/267 266/266/266 269/269/269
f 267/267/267 269/269/269 270/270/270
f 271/271/271 272/272/272 273/273/273
f 272/272/272 271/271/271 274/274/274
f 274/274/274 271/271/271 275/275/275
f 276/276/276 277/277/277 278/278/278
f 277/277/277 276/276/276 279/279/279
f 279/279/279 276/276/276 280/280/280
f 279/279/279 280/280/280 281/281/281
f 279/279/279 281/281/281 282/282/282
f 3/3/3 283/283/283 218/218/218
f 283/283/283 3/3/3 2/2/2
f 283/283/283 2/2/2 284/284/284
f 285/285/285 286/286/286 287/287/287
f 288/288/288 289/289/289 290/290/290
f 291/291/291 285/285/285 292/292/292
f 293/293/293 294/294/294 295/295/295
f 296/296/296 292/292/292 297/297/297
f 296/296/296 297/297/297 298/298/298
f 298/298/298 297/297/297 299/299/299
f 300/300/300 301/301/301 302/302/302
f 303/303/303 299/299/299 304/304/304
f 303/303/303 304/304/304 305/305/305
f 303/303/303 305/305/305 306/306/306
f 306/306/306 305/305/305 307/307/307
f 222/222/222 308/308/308 223/223/223
f 308/308/308 222/222/222 309/309/309
f 308/308/308 309/309/309 283/283/283
f 308/308/308 283/283/283 284/284/284
f 310/310/310 311/311/311 312/312/312
f 310/310/310 312/312/312 313/313/313
f 314/314/314 315/315/315 316/316/316
f 314/314/314 316/316/316 317/317/317
f 318/318/318 319/319/319 320/320/320
f 318/318/318 320/320/320 321/321/321
f 322/322/322 323/323/323 324/324/324
f 322/322/322 324/324/324 314/314/314
f 325/325/325 326/326/326 327/327/327
f 325/325/325 327/327/327 328/328/328
f 329/329/329 330/330/330 331/331/331
f 329/329/329 331/331/331 310/310/310
f 318/318/318 325/325/325 332/332/332
f 318/318/318 332/332/332 319/319/319
f 333/333/333 334/334/334 335/335/335
f 333/333/333 335/335/335 336/336/336
f 337/337/337 338/338/338 339/339/339
f 337/337/337 339/339/339 340/340/340
f 341/341/341 342/342/342 343/343/343
f 341/341/341 343/343/343 344/344/344
f 345/345/345 346/346/346 347/347/347
f 345/345/345 347/347/347 348/348/348
f 349/349/349 350/350/350 351/351/351
f 349/349/349 351/351/351 352/352/352
f 353/353/353 354/354/354 355/355/355
f 353/353/353 355/355/355 356/356/356
f 357/357/357 358/358/358 359/359/359
f 357/357/357 359/359/359 360/360/360
f 361/361/361 362/362/362 363/363/363
f 361/361/361 363/363/363 364/364/364
f 365/365/365 366/366/366 367/367/367
f 365/365/365 367/367/367 368/368/368
f 342/342/342 341/341/341 369/369/369
f 342/342/342 369/369/369 370/370/370
f 371/371/371 372/372/372 366/366/366
f 371/371/371 366/366/366 365/365/365
f 373/373/373 347/347/347 346/346/346
f 373/373/373 346/346/346 374/374/374
f 368/368/368 367/367/367 375/375/375
f 368/368/368 375/375/375 376/376/376
f 377/377/377 355/355/355 354/354/354
f 377/377/377 354/354/354 345/345/345
f 362/362/362 361/361/361 344/344/344
f 362/362/362 344/344/344 378/378/378
f 379/379/379 337/337/337 340/340/340
f 379/379/379 340/340/340 380/380/380
f 381/381/381 333/333/333 336/336/336
f 381/381/381 336/336/336 382/382/382
f 383/383/383 329/329/329 310/310/310
f 383/383/383 310/310/310 313/313/313
f 332/332/332 325/325/325 328/328/328
f 332/332/332 328/328/328 384/384/384
f 385/385/385 322/322/322 314/314/314
f 385/385/385 314/314/314 317/317/317
f 386/386/386 318/318/318 321/321/321
f 386/386/386 321/321/321 387/387/387
f 324/324/324 388/388/388 315/315/315
f 324/324/324 315/315/315 314/314/314
f 331/331/331 389/389/389 311/311/311
f 331/331/331 311/311/311 310/310/310
f 390/390/390 391/391/391 392/392/392
f 390/390/390 392/392/392 393/393/393
f 394/394/394 395/395/395 396/396/396
f 394/394/394 396/396/396 397/397/397
f 398/398/398 399/399/399 400/400/400
f 398/398/398 400/400/400 401/401/401
f 402/402/402 403/403/403 404/404/404
f 405/405/405 406/406/406 407/407/407
f 408/408/408 409/409/409 410/410/410
f 411/411/411 412/412/412 413/413/413
f 414/414/414 415/415/415 416/416/416
f 414/414/414 416/416/416 417/417/417
f 418/418/418 419/419/419 420/420/420
f 418/418/418 420/420/420 421/421/421
f 422/422/422 423/423/423 419/419/419
f 422/422/422 419/419/419 418/418/418
f 424/424/424 425/425/425 426/426/426
f 424/424/424 426/426/426 427/427/427
f 415/415/415 428/428/428 429/429/429
f 415/415/415 429/429/429 416/416/416
f 430/430/430 394/394/394 397/397/397
f 430/430/430 397/397/397 431/431/431
f 432/432/432 433/433/433 434/434/434
f 432/432/432 434/434/434 435/435/435
f 401/401/401 400/400/400 436/436/436
f 401/401/401 436/436/436 437/437/437
f 438/438/438 439/439/439 425/425/425
f 438/438/438 425/425/425 424/424/424
f 395/395/395 440/440/440 441/441/441
f 395/395/395 441/441/441 396/396/396
f 428/428/428 430/430/430 431/431/431
f 428/428/428 431/431/431 429/429/429
f 442/442/442 443/443/443 444/444/444
f 442/442/442 444/444/444 445/445/445
f 446/446/446 447/447/447 448/448/448
f 446/446/446 448/448/448 449/449/449
f 450/450/450 442/442/442 445/445/445
f 450/450/450 445/445/445 451/451/451
f 452/452/452 453/453/453 454/454/454
f 452/452/452 454/454/454 455/455/455
f 456/456/456 457/457/457 458/458/458
f 456/456/456 458/458/458 459/459/459
f 460/460/460 461/461/461 462/462/462
f 460/460/460 462/462/462 463/463/463
f 464/464/464 446/446/446 449/449/449
f 464/464/464 449/449/449 465/465/465
f 453/453/453 464/464/464 465/465/465
f 453/453/453 465/465/465 454/454/454
f 443/443/443 466/466/466 467/467/467
f 468/468/468 469/469/469 470/470/470
f 447/447/447 456/456/456 459/459/459
f 447/447/447 459/459/459 448/448/448
f 471/471/471 472/472/472 473/473/473
f 471/471/471 473/473/473 469/469/469
f 474/474/474 450/450/450 451/451/451
f 474/474/474 451/451/451 475/475/475
f 476/476/476 477/477/477 478/478/478
f 476/476/476 478/478/478 479/479/479
f 472/472/472 480/480/480 481/481/481
f 472/472/472 481/481/481 473/473/473
f 457/457/457 482/482/482 483/483/483
f 457/457/457 483/483/483 458/458/458
f 484/484/484 485/485/485 486/486/486
f 487/487/487 488/488/488 489/489/489
f 490/490/490 491/491/491 492/492/492
f 490/490/490 492/492/492 493/493/493
f 494/494/494 495/495/495 491/491/491
f 494/494/494 491/491/491 490/490/490
f 496/496/496 497/497/497 498/498/498
f 499/499/499 500/500/500 501/501/501
f 502/502/502 503/503/503 504/504/504
f 502/502/502 504/504/504 505/505/505
f 506/506/506 507/507/507 503/503/503
f 506/506/506 503/503/503 502/502/502
f 508/508/508 509/509/509 510/510/510
f 508/508/508 510/510/510 511/511/511
f 512/512/512 513/513/513 514/514/514
f 512/512/512 514/514/514 515/515/515
f 516/516/516 517/517/517 518/518/518
f 516/516/516 518/518/518 519/519/519
f 520/520/520 521/521/521 522/522/522
f 523/523/523 524/524/524 525/525/525
f 526/526/526 527/527/527 528/528/528
f 526/526/526 528/528/528 529/529/529
f 530/530/530 531/531/531 532/532/532
f 533/533/533 534/534/534 535/535/535
f 536/536/536 537/537/537 538/538/538
f 536/536/536 538/538/538 539/539/539
f 540/540/540 541/541/541 542/542/542
f 540/540/540 542/542/542 543/543/543
f 544/544/544 545/545/545 546/546/546
f 544/544/544 546/546/546 547/547/547
f 548/548/548 549/549/549 550/550/550
f 548/548/548 550/550/550 551/551/551
f 548/548/548 551/551/551 552/552/552
f 548/548/548 552/552/552 553/553/553
f 554/554/554 555/555/555 556/556/556
f 554/554/554 556/556/556 557/557/557
f 558/558/558 559/559/559 560/560/560
f 558/558/558 560/560/560 561/561/561
f 540/540/540 543/543/543 562/562/562
f 540/540/540 562/562/562 563/563/563
f 536/536/536 539/539/539 564/564/564
f 536/536/536 564/564/564 565/565/565
f 544/544/544 547/547/547 566/566/566
f 544/544/544 566/566/566 567/567/567
f 568/568/568 569/569/569 570/570/570
f 568/568/568 570/570/570 571/571/571
f 572/572/572 573/573/573 574/574/574
f 572/572/572 574/574/574 575/575/575
f 576/576/576 577/577/577 578/578/578
f 576/576/576 578/578/578 579/579/579
f 580/580/580 581/581/581 582/582/582
f 583/583/583 584/584/584 585/585/585
f 586/586/586 587/587/587 588/588/588
f 586/586/586 588/588/588 589/589/589
f 590/590/590 591/591/591 592/592/592
f 591/591/591 590/590/590 593/593/593
f 591/591/591 593/593/593 594/594/594
f 594/594/594 593/593/593 595/595/595
f 594/594/594 595/595/595 596/596/596
f 596/596/596 595/595/595 597/597/597
f 596/596/596 597/597/597 598/598/598
f 592/592/592 599/599/599 600/600/600
f 599/599/599 592/592/592 591/591/591
f 600/600/600 599/599/599 601/601/601
f 602/602/602 603/603/603 604/604/604
f 605/605/605 601/601/601 606/606/606
f 605/605/605 606/606/606 607/607/607
f 607/607/607 606/606/606 608/608/608
f 609/609/609 610/610/610 611/611/611
f 612/612/612 613/613/613 614/614/614
f 615/615/615 609/609/609 616/616/616
f 617/617/617 618/618/618 619/619/619
f 616/616/616 620/620/620 621/621/621
f 621/621/621 620/620/620 622/622/622
f 621/621/621 622/622/622 623/623/623
f 624/624/624 625/625/625 626/626/626
f 627/627/627 610/610/610 615/615/615
f 628/628/628 627/627/627 629/629/629
f 630/630/630 631/631/631 632/632/632
f 633/633/633 629/629/629 634/634/634
f 635/635/635 636/636/636 637/637/637
f 638/638/638 634/634/634 639/639/639
f 640/640/640 359/359/359 350/350/350
f 359/359/359 640/640/640 641/641/641
f 359/359/359 641/641/641 642/642/642
f 359/359/359 642/642/642 643/643/643
f 359/359/359 643/643/643 644/644/644
f 349/349/349 645/645/645 350/350/350
f 645/645/645 349/349/349 360/360/360
f 645/645/645 360/360/360 646/646/646
f 646/646/646 360/360/360 647/647/647
f 647/647/647 360/360/360 648/648/648
f 648/648/648 360/360/360 649/649/649
f 649/649/649 360/360/360 650/650/650
f 650/650/650 360/360/360 651/651/651
f 651/651/651 360/360/360 652/652/652
f 652/652/652 360/360/360 653/653/653
f 653/653/653 359/359/359 644/644/644
f 359/359/359 653/653/653 360/360/360
f 350/350/350 654/654/654 640/640/640
f 654/654/654 350/350/350 645/645/645
f 655/655/655 656/656/656 657/657/657
f 656/656/656 655/655/655 658/658/658
f 658/658/658 655/655/655 659/659/659
f 658/658/658 659/659/659 660/660/660
f 660/660/660 659/659/659 661/661/661
f 660/660/660 661/661/661 662/662/662
f 326/326/326 663/663/663 386/386/386
f 663/663/663 326/326/326 664/664/664
f 664/664/664 326/326/326 665/665/665
f 665/665/665 326/326/326 666/666/666
f 666/666/666 326/326/326 667/667/667
f 386/386/386 668/668/668 318/318/318
f 668/668/668 386/386/386 663/663/663
f 326/326/326 669/669/669 667/667/667
f 669/669/669 326/326/326 670/670/670
f 318/318/318 671/671/671 325/325/325
f 671/671/671 318/318/318 668/668/668
f 325/325/325 671/671/671 672/672/672
f 325/325/325 672/672/672 673/673/673
f 325/325/325 673/673/673 674/674/674
f 325/325/325 674/674/674 675/675/675
f 325/325/325 675/675/675 676/676/676
f 325/325/325 676/676/676 677/677/677
f 325/325/325 677/677/677 670/670/670
f 325/325/325 670/670/670 326/326/326
f 678/678/678 679/679/679 680/680/680
f 679/679/679 678/678/678 681/681/681
f 681/681/681 678/678/678 682/682/682
f 681/681/681 682/682/682 683/683/683
f 683/683/683 682/682/682 684/684/684
f 683/683/683 684/684/684 685/685/685
f 686/686/686 687/687/687 688/688/688
f 687/687/687 686/686/686 689/689/689
f 689/689/689 690/690/690 691/691/691
f 690/690/690 689/689/689 686/686/686
f 690/690/690 686/686/686 692/692/692
f 690/690/690 692/692/692 693/693/693
f 693/693/693 692/692/692 694/694/694
f 695/695/695 504/504/504 503/503/503
f 504/504/504 695/695/695 696/696/696
f 697/697/697 698/698/698 699/699/699
f 698/698/698 697/697/697 700/700/700
f 700/700/700 697/697/697 701/701/701
f 701/701/701 697/697/697 702/702/702
f 702/702/702 697/697/697 703/703/703
f 703/703/703 697/697/697 704/704/704
f 703/703/703 704/704/704 705/705/705
f 706/706/706 707/707/707 708/708/708
f 707/707/707 706/706/706 709/709/709
f 707/707/707 709/709/709 710/710/710
f 707/707/707 710/710/710 711/711/711
f 712/712/712 713/713/713 714/714/714
f 713/713/713 712/712/712 715/715/715
f 713/713/713 715/715/715 716/716/716
f 713/713/713 716/716/716 717/717/717
f 713/713/713 717/717/717 718/718/718
f 713/713/713 718/718/718 719/719/719
f 713/713/713 719/719/719 720/720/720
f 713/713/713 720/720/720 721/721/721
f 713/713/713 721/721/721 722/722/722
f 713/713/713 722/722/722 723/723/723
f 723/723/723 722/722/722 724/724/724
f 495/495/495 725/725/725 491/491/491
f 725/725/725 495/495/495 726/726/726
f 725/725/725 496/496/496 727/727/727
f 725/725/725 492/492/492 491/491/491
f 492/492/492 725/725/725 728/728/728
f 487/487/487 725/725/725 729/729/729
f 507/507/507 695/695/695 503/503/503
f 695/695/695 507/507/507 730/730/730
f 731/731/731 732/732/732 733/733/733
f 734/734/734 735/735/735 736/736/736
f 737/737/737 738/738/738 739/739/739
f 740/740/740 741/741/741 742/742/742
f 743/743/743 744/744/744 745/745/745
f 746/746/746 747/747/747 748/748/748
f 746/746/746 748/748/748 749/749/749
f 750/750/750 751/751/751 752/752/752
f 750/750/750 752/752/752 753/753/753
f 754/754/754 755/755/755 756/756/756
f 754/754/754 756/756/756 757/757/757
f 758/758/758 759/759/759 760/760/760
f 758/758/758 760/760/760 761/761/761
f 762/762/762 763/763/763 764/764/764
f 762/762/762 764/764/764 765/765/765
f 766/766/766 767/767/767 768/768/768
f 766/766/766 768/768/768 769/769/769
f 754/754/754 767/767/767 766/766/766
f 754/754/754 766/766/766 755/755/755
f 751/751/751 750/750/750 770/770/770
f 751/751/751 770/770/770 771/771/771
f 772/772/772 773/773/773 746/746/746
f 772/772/772 746/746/746 749/749/749
f 774/774/774 775/775/775 759/759/759
f 774/774/774 759/759/759 758/758/758
f 776/776/776 777/777/777 778/778/778
f 779/779/779 780/780/780 781/781/781
f 775/775/775 774/774/774 782/782/782
f 775/775/775 782/782/782 783/783/783
f 773/773/773 772/772/772 784/784/784
f 773/773/773 784/784/784 785/785/785
f 753/753/753 752/752/752 786/786/786
f 753/753/753 786/786/786 787/787/787
f 788/788/788 789/789/789 790/790/790
f 788/788/788 790/790/790 791/791/791
f 791/791/791 790/790/790 792/792/792
f 791/791/791 792/792/792 793/793/793
f 793/793/793 792/792/792 794/794/794
f 793/793/793 794/794/794 795/795/795
f 795/795/795 794/794/794 796/796/796
f 795/795/795 796/796/796 797/797/797
f 797/797/797 796/796/796 798/798/798
f 797/797/797 798/798/798 799/799/799
f 799/799/799 798/798/798 800/800/800
f 799/799/799 800/800/800 801/801/801
f 802/802/802 803/803/803 804/804/804
f 805/805/805 806/806/806 807/807/807
f 808/808/808 809/809/809 810/810/810
f 808/808/808 810/810/810 811/811/811
f 812/812/812 813/813/813 814/814/814
f 812/812/812 814/814/814 815/815/815
f 816/816/816 812/812/812 815/815/815
f 816/816/816 815/815/815 817/817/817
f 818/818/818 816/816/816 817/817/817
f 818/818/818 817/817/817 819/819/819
f 820/820/820 818/818/818 819/819/819
f 820/820/820 819/819/819 821/821/821
f 813/813/813 822/822/822 823/823/823
f 813/813/813 823/823/823 814/814/814
f 824/824/824 825/825/825 826/826/826
f 825/825/825 824/824/824 827/827/827
f 825/825/825 827/827/827 828/828/828
f 825/825/825 828/828/828 829/829/829
f 829/829/829 828/828/828 830/830/830
f 829/829/829 830/830/830 831/831/831
f 831/831/831 830/830/830 832/832/832
f 832/832/832 830/830/830 833/833/833
f 832/832/832 833/833/833 834/834/834
f 834/834/834 833/833/833 835/835/835
f 835/835/835 833/833/833 836/836/836
f 837/837/837 838/838/838 839/839/839
f 838/838/838 837/837/837 840/840/840
f 840/840/840 837/837/837 841/841/841
f 841/841/841 837/837/837 842/842/842
f 841/841/841 842/842/842 843/843/843
f 843/843/843 842/842/842 844/844/844
f 843/843/843 844/844/844 845/845/845
f 843/843/843 845/845/845 846/846/846
f 846/846/846 845/845/845 847/847/847
f 846/846/846 847/847/847 848/848/848
f 846/846/846 848/848/848 849/849/849
f 850/850/850 851/851/851 852/852/852
f 850/850/850 852/852/852 853/853/853
f 853/853/853 852/852/852 854/854/854
f 853/853/853 854/854/854 855/855/855
f 855/855/855 854/854/854 856/856/856
f 855/855/855 856/856/856 857/857/857
f 858/858/858 859/859/859 860/860/860
f 858/858/858 860/860/860 861/861/861
f 861/861/861 860/860/860 862/862/862
f 861/861/861 862/862/862 863/863/863
f 863/863/863 862/862/862 864/864/864
f 863/863/863 864/864/864 865/865/865
f 865/865/865 864/864/864 866/866/866
f 865/865/865 866/866/866 867/867/867
f 868/868/868 869/869/869 870/870/870
f 871/871/871 872/872/872 873/873/873
f 874/874/874 875/875/875 876/876/876
f 874/874/874 876/876/876 877/877/877
f 877/877/877 876/876/876 878/878/878
f 877/877/877 878/878/878 879/879/879
f 879/879/879 878/878/878 880/880/880
f 879/879/879 880/880/880 881/881/881
f 881/881/881 880/880/880 882/882/882
f 881/881/881 882/882/882 883/883/883
f 884/884/884 885/885/885 886/886/886
f 884/884/884 886/886/886 887/887/887
f 887/887/887 886/886/886 888/888/888
f 887/887/887 888/888/888 889/889/889
f 889/889/889 888/888/888 890/890/890
f 889/889/889 890/890/890 891/891/891
f 892/892/892 893/893/893 894/894/894
f 892/892/892 894/894/894 895/895/895
f 895/895/895 894/894/894 896/896/896
f 895/895/895 896/896/896 897/897/897
f 897/897/897 896/896/896 898/898/898
f 897/897/897 898/898/898 899/899/899
f 900/900/900 901/901/901 902/902/902
f 900/900/900 902/902/902 903/903/903
f 903/903/903 902/902/902 904/904/904
f 903/903/903 904/904/904 905/905/905
f 905/905/905 904/904/904 906/906/906
f 905/905/905 906/906/906 907/907/907
f 907/907/907 906/906/906 908/908/908
f 907/907/907 908/908/908 909/909/909
f 910/910/910 911/911/911 912/912/912
f 910/910/910 912/912/912 913/913/913
f 914/914/914 915/915/915 916/916/916
f 914/914/914 916/916/916 917/917/917
f 917/917/917 916/916/916 918/918/918
f 917/917/917 918/918/918 919/919/919
f 919/919/919 918/918/918 920/920/920
f 919/919/919 920/920/920 921/921/921
f 921/921/921 920/920/920 922/922/922
f 921/921/921 922/922/922 923/923/923
f 924/924/924 925/925/925 926/926/926
f 924/924/924 926/926/926 927/927/927
f 927/927/927 926/926/926 928/928/928
f 927/927/927 928/928/928 929/929/929
f 929/929/929 928/928/928 930/930/930
f 929/929/929 930/930/930 931/931/931
f 906/906/906 904/904/904 932/932/932
f 906/906/906 932/932/932 933/933/933
f 934/934/934 935/935/935 936/936/936
f 934/934/934 936/936/936 937/937/937
f 920/920/920 918/918/918 938/938/938
f 920/920/920 938/938/938 939/939/939
f 902/902/902 901/901/901 940/940/940
f 902/902/902 940/940/940 941/941/941
f 916/916/916 915/915/915 935/935/935
f 916/916/916 935/935/935 934/934/934
f 928/928/928 926/926/926 942/942/942
f 928/928/928 942/942/942 943/943/943
f 896/896/896 894/894/894 944/944/944
f 896/896/896 944/944/944 945/945/945
f 908/908/908 906/906/906 933/933/933
f 908/908/908 933/933/933 946/946/946
f 922/922/922 920/920/920 939/939/939
f 922/922/922 939/939/939 947/947/947
f 904/904/904 902/902/902 941/941/941
f 904/904/904 941/941/941 932/932/932
f 918/918/918 916/916/916 934/934/934
f 918/918/918 934/934/934 938/938/938
f 948/948/948 928/928/928 943/943/943
f 948/948/948 943/943/943 949/949/949
f 898/898/898 896/896/896 945/945/945
f 898/898/898 945/945/945 950/950/950
f 912/912/912 911/911/911 951/951/951
f 912/912/912 951/951/951 952/952/952
f 894/894/894 953/953/953 954/954/954
f 894/894/894 954/954/954 944/944/944
f 926/926/926 925/925/925 955/955/955
f 926/926/926 955/955/955 942/942/942
f 956/956/956 957/957/957 958/958/958
f 956/956/956 958/958/958 959/959/959
f 945/945/945 944/944/944 960/960/960
f 945/945/945 960/960/960 961/961/961
f 938/938/938 934/934/934 937/937/937
f 938/938/938 937/937/937 962/962/962
f 950/950/950 945/945/945 961/961/961
f 950/950/950 961/961/961 963/963/963
f 939/939/939 938/938/938 962/962/962
f 939/939/939 962/962/962 964/964/964
f 941/941/941 940/940/940 965/965/965
f 941/941/941 965/965/965 966/966/966
f 947/947/947 939/939/939 964/964/964
f 947/947/947 964/964/964 967/967/967
f 932/932/932 941/941/941 966/966/966
f 932/932/932 966/966/966 968/968/968
f 942/942/942 955/955/955 969/969/969
f 942/942/942 969/969/969 970/970/970
f 933/933/933 932/932/932 968/968/968
f 933/933/933 968/968/968 971/971/971
f 943/943/943 942/942/942 970/970/970
f 943/943/943 970/970/970 972/972/972
f 946/946/946 933/933/933 971/971/971
f 946/946/946 971/971/971 973/973/973
f 974/974/974 943/943/943 972/972/972
f 974/974/974 972/972/972 975/975/975
f 952/952/952 951/951/951 976/976/976
f 952/952/952 976/976/976 977/977/977
f 944/944/944 978/978/978 979/979/979
f 944/944/944 979/979/979 960/960/960
f 980/980/980 981/981/981 982/982/982
f 980/980/980 982/982/982 983/983/983
f 984/984/984 956/956/956 959/959/959
f 984/984/984 959/959/959 985/985/985
f 986/986/986 980/980/980 983/983/983
f 986/986/986 983/983/983 987/987/987
f 988/988/988 984/984/984 985/985/985
f 988/988/988 985/985/985 989/989/989
f 990/990/990 986/986/986 987/987/987
f 990/990/990 987/987/987 991/991/991
f 992/992/992 988/988/988 989/989/989
f 992/992/992 989/989/989 993/993/993
f 994/994/994 990/990/990 991/991/991
f 994/994/994 991/991/991 995/995/995
f 996/996/996 992/992/992 993/993/993
f 996/996/996 993/993/993 997/997/997
f 998/998/998 994/994/994 995/995/995
f 998/998/998 995/995/995 999/999/999
f 1000/1000/1000 996/996/996 997/997/997
f 1000/1000/1000 997/997/997 1001/1001/1001
f 1002/1002/1002 998/998/998 999/999/999
f 1002/1002/1002 999/999/999 1003/1003/1003
f 1004/1004/1004 1000/1000/1000 1001/1001/1001
f 1004/1004/1004 1001/1001/1001 1005/1005/1005
f 977/977/977 976/976/976 1006/1006/1006
f 977/977/977 1006/1006/1006 1007/1007/1007
f 981/981/981 1008/1008/1008 1009/1009/1009
f 981/981/981 1009/1009/1009 982/982/982
f 1010/1010/1010 1011/1011/1011 1012/1012/1012
f 1011/1011/1011 1010/1010/1010 1013/1013/1013
f 1013/1013/1013 1010/1010/1010 1014/1014/1014
f 1013/1013/1013 1014/1014/1014 1015/1015/1015
f 1015/1015/1015 1014/1014/1014 1016/1016/1016
f 1015/1015/1015 1016/1016/1016 1017/1017/1017
f 1017/1017/1017 1016/1016/1016 1018/1018/1018
f 1017/1017/1017 1018/1018/1018 1019/1019/1019
f 1019/1019/1019 1018/1018/1018 1020/1020/1020
f 1019/1019/1019 1020/1020/1020 1021/1021/1021
f 1021/1021/1021 1020/1020/1020 1022/1022/1022
f 1021/1021/1021 1022/1022/1022 1023/1023/1023
f 1023/1023/1023 1022/1022/1022 1024/1024/1024
f 1025/1025/1025 1026/1026/1026 1027/1027/1027
f 1026/1026/1026 1025/1025/1025 1028/1028/1028
f 1028/1028/1028 1025/1025/1025 1029/1029/1029
f 1028/1028/1028 1029/1029/1029 1030/1030/1030
f 1030/1030/1030 1029/1029/1029 1031/1031/1031
f 1030/1030/1030 1031/1031/1031 1032/1032/1032
f 1032/1032/1032 1031/1031/1031 1033/1033/1033
f 1032/1032/1032 1033/1033/1033 1034/1034/1034
f 1034/1034/1034 1033/1033/1033 1035/1035/1035
f 1034/1034/1034 1035/1035/1035 1036/1036/1036
f 1036/1036/1036 1035/1035/1035 1037/1037/1037
f 1036/1036/1036 1037/1037/1037 1038/1038/1038
f 1038/1038/1038 1037/1037/1037 1039/1039/1039
f 1040/1040/1040 1041/1041/1041 1042/1042/1042
f 1041/1041/1041 1040/1040/1040 1043/1043/1043
f 1041/1041/1041 1043/1043/1043 1044/1044/1044
f 1044/1044/1044 1043/1043/1043 1045/1045/1045
f 1044/1044/1044 1045/1045/1045 1046/1046/1046
f 1046/1046/1046 1045/1045/1045 1047/1047/1047
f 1046/1046/1046 1047/1047/1047 1048/1048/1048
f 1048/1048/1048 1047/1047/1047 1049/1049/1049
f 1048/1048/1048 1049/1049/1049 1050/1050/1050
f 1050/1050/1050 1049/1049/1049 1051/1051/1051
f 1050/1050/1050 1051/1051/1051 1052/1052/1052
f 1052/1052/1052 1051/1051/1051 1053/1053/1053
f 1052/1052/1052 1053/1053/1053 1054/1054/1054
f 1055/1055/1055 1056/1056/1056 1057/1057/1057
f 1056/1056/1056 1055/1055/1055 1058/1058/1058
f 1056/1056/1056 1058/1058/1058 1059/1059/1059
f 1059/1059/1059 1058/1058/1058 1060/1060/1060
f 1059/1059/1059 1060/1060/1060 1061/1061/1061
f 1061/1061/1061 1060/1060/1060 1062/1062/1062
f 1061/1061/1061 1062/1062/1062 1063/1063/1063
f 1063/1063/1063 1062/1062/1062 1064/1064/1064
f 1063/1063/1063 1064/1064/1064 1065/1065/1065
f 1065/1065/1065 1064/1064/1064 1066/1066/1066
f 1065/1065/1065 1066/1066/1066 1067/1067/1067
f 1067/1067/1067 1066/1066/1066 1068/1068/1068
f 1067/1067/1067 1068/1068/1068 1069/1069/1069
f 1070/1070/1070 1071/1071/1071 1072/1072/1072
f 1070/1070/1070 1072/1072/1072 1073/1073/1073
f 1074/1074/1074 1075/1075/1075 1076/1076/1076
f 1074/1074/1074 1076/1076/1076 1077/1077/1077
f 1078/1078/1078 1079/1079/1079 1080/1080/1080
f 1078/1078/1078 1080/1080/1080 1081/1081/1081
f 1082/1082/1082 1083/1083/1083 1084/1084/1084
f 1082/1082/1082 1084/1084/1084 1085/1085/1085
f 1086/1086/1086 1087/1087/1087 1088/1088/1088
f 1086/1086/1086 1088/1088/1088 1089/1089/1089
f 1082/1082/1082 1090/1090/1090 1091/1091/1091
f 1082/1082/1082 1091/1091/1091 1083/1083/1083
f 1092/1092/1092 1093/1093/1093 1094/1094/1094
f 1092/1092/1092 1094/1094/1094 1095/1095/1095
f 1085/1085/1085 1084/1084/1084 1096/1096/1096
f 1085/1085/1085 1096/1096/1096 1097/1097/1097
f 1077/1077/1077 1076/1076/1076 1093/1093/1093
f 1077/1077/1077 1093/1093/1093 1092/1092/1092
f 1098/1098/1098 1099/1099/1099 1100/1100/1100
f 1098/1098/1098 1100/1100/1100 1101/1101/1101
f 1102/1102/1102 1103/1103/1103 1104/1104/1104
f 1102/1102/1102 1104/1104/1104 1105/1105/1105
f 1101/1101/1101 1100/1100/1100 1106/1106/1106
f 1101/1101/1101 1106/1106/1106 1107/1107/1107
f 1108/1108/1108 1109/1109/1109 1110/1110/1110
f 1108/1108/1108 1110/1110/1110 1111/1111/1111
f 1097/1097/1097 1096/1096/1096 1112/1112/1112
f 1097/1097/1097 1112/1112/1112 1113/1113/1113
f 1114/1114/1114 1115/1115/1115 1116/1116/1116
f 1114/1114/1114 1116/1116/1116 1117/1117/1117
f 1113/1113/1113 1112/1112/1112 1115/1115/1115
f 1113/1113/1113 1115/1115/1115 1114/1114/1114
f 1095/1095/1095 1094/1094/1094 1118/1118/1118
f 1095/1095/1095 1118/1118/1118 1119/1119/1119
f 1107/1107/1107 1106/1106/1106 1120/1120/1120
f 1107/1107/1107 1120/1120/1120 1121/1121/1121
f 1122/1122/1122 1123/1123/1123 1124/1124/1124
f 1122/1122/1122 1124/1124/1124 1125/1125/1125
f 1126/1126/1126 1127/1127/1127 1128/1128/1128
f 1126/1126/1126 1128/1128/1128 1129/1129/1129
f 1130/1130/1130 1131/1131/1131 1132/1132/1132
f 1130/1130/1130 1132/1132/1132 1133/1133/1133
f 1134/1134/1134 1135/1135/1135 1136/1136/1136
f 1134/1134/1134 1136/1136/1136 1137/1137/1137
f 1086/1086/1086 1138/1138/1138 1139/1139/1139
f 1086/1086/1086 1139/1139/1139 1140/1140/1140
f 1141/1141/1141 1142/1142/1142 1143/1143/1143
f 1141/1141/1141 1143/1143/1143 1144/1144/1144
f 1145/1145/1145 1146/1146/1146 1147/1147/1147
f 1145/1145/1145 1147/1147/1147 1148/1148/1148
f 1149/1149/1149 1150/1150/1150 1151/1151/1151
f 1149/1149/1149 1151/1151/1151 1152/1152/1152
f 1083/1083/1083 1153/1153/1153 1154/1154/1154
f 1083/1083/1083 1154/1154/1154 1155/1155/1155
f 1156/1156/1156 1157/1157/1157 1158/1158/1158
f 1156/1156/1156 1158/1158/1158 1159/1159/1159
f 1160/1160/1160 1161/1161/1161 1162/1162/1162
f 1160/1160/1160 1162/1162/1162 1163/1163/1163
f 1074/1074/1074 1164/1164/1164 1165/1165/1165
f 1074/1074/1074 1165/1165/1165 1166/1166/1166
f 1075/1075/1075 1167/1167/1167 1168/1168/1168
f 1075/1075/1075 1168/1168/1168 1169/1169/1169
f 1170/1170/1170 1171/1171/1171 1172/1172/1172
f 1170/1170/1170 1172/1172/1172 1173/1173/1173
f 1084/1084/1084 1174/1174/1174 1175/1175/1175
f 1084/1084/1084 1175/1175/1175 1176/1176/1176
f 1177/1177/1177 1173/1173/1173 1172/1172/1172
f 1177/1177/1177 1172/1172/1172 1178/1178/1178
f 1085/1085/1085 1179/1179/1179 1180/1180/1180
f 1085/1085/1085 1180/1180/1180 1181/1181/1181
f 1102/1102/1102 1182/1182/1182 1183/1183/1183
f 1102/1102/1102 1183/1183/1183 1184/1184/1184
f 1093/1093/1093 1185/1185/1185 1186/1186/1186
f 1093/1093/1093 1186/1186/1186 1187/1187/1187
f 1111/1111/1111 1184/1184/1184 1183/1183/1183
f 1111/1111/1111 1183/1183/1183 1188/1188/1188
f 1103/1103/1103 1189/1189/1189 1190/1190/1190
f 1103/1103/1103 1190/1190/1190 1191/1191/1191
f 1110/1110/1110 1192/1192/1192 1190/1190/1190
f 1110/1110/1110 1190/1190/1190 1189/1189/1189
f 1113/1113/1113 1193/1193/1193 1194/1194/1194
f 1113/1113/1113 1194/1194/1194 1195/1195/1195
f 1127/1127/1127 1196/1196/1196 1197/1197/1197
f 1127/1127/1127 1197/1197/1197 1198/1198/1198
f 1199/1199/1199 1200/1200/1200 1201/1201/1201
f 1199/1199/1199 1201/1201/1201 1202/1202/1202
f 1095/1095/1095 1203/1203/1203 1204/1204/1204
f 1095/1095/1095 1204/1204/1204 1205/1205/1205
f 1130/1130/1130 1206/1206/1206 1207/1207/1207
f 1130/1130/1130 1207/1207/1207 1208/1208/1208
f 1094/1094/1094 1209/1209/1209 1210/1210/1210
f 1094/1094/1094 1210/1210/1210 1211/1211/1211
f 1105/1105/1105 1212/1212/1212 1213/1213/1213
f 1105/1105/1105 1213/1213/1213 1214/1214/1214
f 1126/1126/1126 1215/1215/1215 1216/1216/1216
f 1126/1126/1126 1216/1216/1216 1217/1217/1217
f 1115/1115/1115 1218/1218/1218 1219/1219/1219
f 1115/1115/1115 1219/1219/1219 1220/1220/1220
f 1221/1221/1221 1222/1222/1222 1223/1223/1223
f 1221/1221/1221 1223/1223/1223 1224/1224/1224
f 1131/1131/1131 1225/1225/1225 1226/1226/1226
f 1131/1131/1131 1226/1226/1226 1227/1227/1227
f 1104/1104/1104 1228/1228/1228 1229/1229/1229
f 1104/1104/1104 1229/1229/1229 1230/1230/1230
f 1114/1114/1114 1231/1231/1231 1232/1232/1232
f 1114/1114/1114 1232/1232/1232 1233/1233/1233
f 1234/1234/1234 1235/1235/1235 1236/1236/1236
f 1234/1234/1234 1236/1236/1236 1237/1237/1237
f 1125/1125/1125 1238/1238/1238 1239/1239/1239
f 1125/1125/1125 1239/1239/1239 1240/1240/1240
f 1128/1128/1128 1241/1241/1241 1242/1242/1242
f 1128/1128/1128 1242/1242/1242 1243/1243/1243
f 1244/1244/1244 1245/1245/1245 1246/1246/1246
f 1244/1244/1244 1246/1246/1246 1247/1247/1247
f 1133/1133/1133 1248/1248/1248 1249/1249/1249
f 1133/1133/1133 1249/1249/1249 1250/1250/1250
f 1122/1122/1122 1251/1251/1251 1252/1252/1252
f 1122/1122/1122 1252/1252/1252 1253/1253/1253
f 1254/1254/1254 1255/1255/1255 1256/1256/1256
f 1254/1254/1254 1256/1256/1256 1257/1257/1257
f 1129/1129/1129 1258/1258/1258 1256/1256/1256
f 1129/1129/1129 1256/1256/1256 1255/1255/1255
f 1124/1124/1124 1257/1257/1257 1256/1256/1256
f 1124/1124/1124 1256/1256/1256 1259/1259/1259
f 1132/1132/1132 1260/1260/1260 1261/1261/1261
f 1132/1132/1132 1261/1261/1261 1262/1262/1262
f 1263/1263/1263 1264/1264/1264 1265/1265/1265
f 1263/1263/1263 1265/1265/1265 1266/1266/1266
f 1123/1123/1123 1267/1267/1267 1265/1265/1265
f 1123/1123/1123 1265/1265/1265 1264/1264/1264
f 1134/1134/1134 1268/1268/1268 1269/1269/1269
f 1134/1134/1134 1269/1269/1269 1135/1135/1135
f 1270/1270/1270 1271/1271/1271 1087/1087/1087
f 1270/1270/1270 1087/1087/1087 1086/1086/1086
f 1272/1272/1272 1273/1273/1273 1089/1089/1089
f 1272/1272/1272 1089/1089/1089 1088/1088/1088
f 1090/1090/1090 1082/1082/1082 1274/1274/1274
f 1090/1090/1090 1274/1274/1274 1275/1275/1275
f 1276/1276/1276 1145/1145/1145 1148/1148/1148
f 1276/1276/1276 1148/1148/1148 1277/1277/1277
f 1278/1278/1278 1153/1153/1153 1083/1083/1083
f 1278/1278/1278 1083/1083/1083 1091/1091/1091
f 1079/1079/1079 1078/1078/1078 1279/1279/1279
f 1079/1079/1079 1279/1279/1279 1280/1280/1280
f 1280/1280/1280 1279/1279/1279 1070/1070/1070
f 1280/1280/1280 1070/1070/1070 1073/1073/1073
f 1099/1099/1099 1098/1098/1098 1281/1281/1281
f 1099/1099/1099 1281/1281/1281 1282/1282/1282
f 1282/1282/1282 1281/1281/1281 1081/1081/1081
f 1282/1282/1282 1081/1081/1081 1080/1080/1080
f 1082/1082/1082 1085/1085/1085 1283/1283/1283
f 1082/1082/1082 1283/1283/1283 1274/1274/1274
f 1075/1075/1075 1089/1089/1089 1273/1273/1273
f 1075/1075/1075 1273/1273/1273 1167/1167/1167
f 1160/1160/1160 1141/1141/1141 1144/1144/1144
f 1160/1160/1160 1144/1144/1144 1161/1161/1161
f 1166/1166/1166 1138/1138/1138 1086/1086/1086
f 1166/1166/1166 1086/1086/1086 1074/1074/1074
f 1149/1149/1149 1177/1177/1177 1178/1178/1178
f 1149/1149/1149 1178/1178/1178 1150/1150/1150
f 1284/1284/1284 1174/1174/1174 1084/1084/1084
f 1284/1284/1284 1084/1084/1084 1083/1083/1083
f 1074/1074/1074 1077/1077/1077 1285/1285/1285
f 1074/1074/1074 1285/1285/1285 1164/1164/1164
f 1159/1159/1159 1286/1286/1286 1100/1100/1100
f 1159/1159/1159 1100/1100/1100 1156/1156/1156
f 1096/1096/1096 1084/1084/1084 1287/1287/1287
f 1096/1096/1096 1287/1287/1287 1288/1288/1288
f 1289/1289/1289 1171/1171/1171 1170/1170/1170
f 1289/1289/1289 1170/1170/1170 1101/1101/1101
f 1085/1085/1085 1097/1097/1097 1290/1290/1290
f 1085/1085/1085 1290/1290/1290 1179/1179/1179
f 1076/1076/1076 1075/1075/1075 1291/1291/1291
f 1076/1076/1076 1291/1291/1291 1292/1292/1292
f 1293/1293/1293 1294/1294/1294 1295/1295/1295
f 1293/1293/1293 1295/1295/1295 1296/1296/1296
f 1103/1103/1103 1102/1102/1102 1297/1297/1297
f 1103/1103/1103 1297/1297/1297 1298/1298/1298
f 1298/1298/1298 1297/1297/1297 1111/1111/1111
f 1298/1298/1298 1111/1111/1111 1110/1110/1110
f 1101/1101/1101 1107/1107/1107 1299/1299/1299
f 1101/1101/1101 1299/1299/1299 1289/1289/1289
f 1288/1288/1288 1300/1300/1300 1112/1112/1112
f 1288/1288/1288 1112/1112/1112 1096/1096/1096
f 1110/1110/1110 1109/1109/1109 1301/1301/1301
f 1110/1110/1110 1301/1301/1301 1192/1192/1192
f 1302/1302/1302 1290/1290/1290 1097/1097/1097
f 1302/1302/1302 1097/1097/1097 1113/1113/1113
f 1108/1108/1108 1111/1111/1111 1188/1188/1188
f 1108/1108/1108 1188/1188/1188 1303/1303/1303
f 1292/1292/1292 1185/1185/1185 1093/1093/1093
f 1292/1292/1292 1093/1093/1093 1076/1076/1076
f 1106/1106/1106 1100/1100/1100 1286/1286/1286
f 1106/1106/1106 1286/1286/1286 1304/1304/1304
f 1305/1305/1305 1285/1285/1285 1077/1077/1077
f 1305/1305/1305 1077/1077/1077 1092/1092/1092
f 1131/1131/1131 1130/1130/1130 1208/1208/1208
f 1131/1131/1131 1208/1208/1208 1225/1225/1225
f 1230/1230/1230 1212/1212/1212 1105/1105/1105
f 1230/1230/1230 1105/1105/1105 1104/1104/1104
f 1127/1127/1127 1126/1126/1126 1217/1217/1217
f 1127/1127/1127 1217/1217/1217 1196/1196/1196
f 1196/1196/1196 1217/1217/1217 1121/1121/1121
f 1196/1196/1196 1121/1121/1121 1120/1120/1120
f 1092/1092/1092 1095/1095/1095 1306/1306/1306
f 1092/1092/1092 1306/1306/1306 1305/1305/1305
f 1304/1304/1304 1200/1200/1200 1199/1199/1199
f 1304/1304/1304 1199/1199/1199 1106/1106/1106
f 1115/1115/1115 1112/1112/1112 1300/1300/1300
f 1115/1115/1115 1300/1300/1300 1218/1218/1218
f 1224/1224/1224 1299/1299/1299 1107/1107/1107
f 1224/1224/1224 1107/1107/1107 1221/1221/1221
f 1113/1113/1113 1114/1114/1114 1307/1307/1307
f 1113/1113/1113 1307/1307/1307 1193/1193/1193
f 1191/1191/1191 1228/1228/1228 1104/1104/1104
f 1191/1191/1191 1104/1104/1104 1103/1103/1103
f 1094/1094/1094 1093/1093/1093 1308/1308/1308
f 1094/1094/1094 1308/1308/1308 1209/1209/1209
f 1214/1214/1214 1182/1182/1182 1102/1102/1102
f 1214/1214/1214 1102/1102/1102 1105/1105/1105
f 1122/1122/1122 1125/1125/1125 1240/1240/1240
f 1122/1122/1122 1240/1240/1240 1251/1251/1251
f 1247/1247/1247 1235/1235/1235 1234/1234/1234
f 1247/1247/1247 1234/1234/1234 1244/1244/1244
f 1123/1123/1123 1122/1122/1122 1253/1253/1253
f 1123/1123/1123 1253/1253/1253 1267/1267/1267
f 1262/1262/1262 1248/1248/1248 1133/1133/1133
f 1262/1262/1262 1133/1133/1133 1132/1132/1132
f 1124/1124/1124 1123/1123/1123 1264/1264/1264
f 1124/1124/1124 1264/1264/1264 1257/1257/1257
f 1257/1257/1257 1264/1264/1264 1263/1263/1263
f 1257/1257/1257 1263/1263/1263 1254/1254/1254
f 1125/1125/1125 1124/1124/1124 1259/1259/1259
f 1125/1125/1125 1259/1259/1259 1238/1238/1238
f 1243/1243/1243 1258/1258/1258 1129/1129/1129
f 1243/1243/1243 1129/1129/1129 1128/1128/1128
f 1114/1114/1114 1117/1117/1117 1309/1309/1309
f 1114/1114/1114 1309/1309/1309 1231/1231/1231
f 1227/1227/1227 1310/1310/1310 1132/1132/1132
f 1227/1227/1227 1132/1132/1132 1131/1131/1131
f 1118/1118/1118 1094/1094/1094 1311/1311/1311
f 1118/1118/1118 1311/1311/1311 1312/1312/1312
f 1313/1313/1313 1206/1206/1206 1130/1130/1130
f 1313/1313/1313 1130/1130/1130 1133/1133/1133
f 1126/1126/1126 1129/1129/1129 1314/1314/1314
f 1126/1126/1126 1314/1314/1314 1215/1215/1215
f 1315/1315/1315 1316/1316/1316 1116/1116/1116
f 1315/1315/1315 1116/1116/1116 1115/1115/1115
f 1128/1128/1128 1127/1127/1127 1198/1198/1198
f 1128/1128/1128 1198/1198/1198 1317/1317/1317
f 1318/1318/1318 1203/1203/1203 1095/1095/1095
f 1318/1318/1318 1095/1095/1095 1119/1119/1119
f 1086/1086/1086 1089/1089/1089 1075/1075/1075
f 1086/1086/1086 1075/1075/1075 1074/1074/1074
f 1319/1319/1319 1320/1320/1320 1321/1321/1321
f 1319/1319/1319 1321/1321/1321 1322/1322/1322
f 1323/1323/1323 1324/1324/1324 1325/1325/1325
f 1323/1323/1323 1325/1325/1325 1326/1326/1326
f 1327/1327/1327 1328/1328/1328 1329/1329/1329
f 1327/1327/1327 1329/1329/1329 1330/1330/1330
f 1320/1320/1320 1319/1319/1319 1331/1331/1331
f 1320/1320/1320 1331/1331/1331 1332/1332/1332
f 1333/1333/1333 1334/1334/1334 1335/1335/1335
f 1333/1333/1333 1335/1335/1335 1336/1336/1336
f 1324/1324/1324 1323/1323/1323 1337/1337/1337
f 1324/1324/1324 1337/1337/1337 1338/1338/1338
f 1326/1326/1326 1325/1325/1325 1339/1339/1339
f 1326/1326/1326 1339/1339/1339 1340/1340/1340
f 1322/1322/1322 1321/1321/1321 1341/1341/1341
f 1322/1322/1322 1341/1341/1341 1342/1342/1342
f 1328/1328/1328 1327/1327/1327 1343/1343/1343
f 1328/1328/1328 1343/1343/1343 1344/1344/1344
f 1334/1334/1334 1333/1333/1333 1345/1345/1345
f 1334/1334/1334 1345/1345/1345 1346/1346/1346
f 1347/1347/1347 1348/1348/1348 1349/1349/1349
f 1347/1347/1347 1349/1349/1349 1350/1350/1350
f 1336/1336/1336 1335/1335/1335 1351/1351/1351
f 1336/1336/1336 1351/1351/1351 1352/1352/1352
f 1338/1338/1338 1337/1337/1337 1348/1348/1348
f 1338/1338/1338 1348/1348/1348 1347/1347/1347
f 1330/1330/1330 1329/1329/1329 1353/1353/1353
f 1330/1330/1330 1353/1353/1353 1354/1354/1354
f 1355/1355/1355 1356/1356/1356 1357/1357/1357
f 1355/1355/1355 1357/1357/1357 1358/1358/1358
f 1354/1354/1354 1353/1353/1353 1359/1359/1359
f 1354/1354/1354 1359/1359/1359 1360/1360/1360
f 1352/1352/1352 1351/1351/1351 1356/1356/1356
f 1352/1352/1352 1356/1356/1356 1355/1355/1355
f 1332/1332/1332 1331/1331/1331 1361/1361/1361
f 1332/1332/1332 1361/1361/1361 1362/1362/1362
f 1358/1358/1358 1357/1357/1357 1363/1363/1363
f 1358/1358/1358 1363/1363/1363 1364/1364/1364
f 1362/1362/1362 1361/1361/1361 1365/1365/1365
f 1362/1362/1362 1365/1365/1365 1366/1366/1366
f 1350/1350/1350 1349/1349/1349 1367/1367/1367
f 1350/1350/1350 1367/1367/1367 1368/1368/1368
f 1360/1360/1360 1359/1359/1359 1369/1369/1369
f 1360/1360/1360 1369/1369/1369 1370/1370/1370
f 1371/1371/1371 1372/1372/1372 1373/1373/1373
f 1374/1374/1374 1375/1375/1375 1376/1376/1376
f 1366/1366/1366 1365/1365/1365 1377/1377/1377
f 1366/1366/1366 1377/1377/1377 1378/1378/1378
f 1368/1368/1368 1367/1367/1367 1379/1379/1379
f 1368/1368/1368 1379/1379/1379 1380/1380/1380
f 1370/1370/1370 1369/1369/1369 1381/1381/1381
f 1370/1370/1370 1381/1381/1381 1382/1382/1382
f 1340/1340/1340 1339/1339/1339 1383/1383/1383
f 1340/1340/1340 1383/1383/1383 1384/1384/1384
f 1342/1342/1342 1341/1341/1341 1385/1385/1385
f 1342/1342/1342 1385/1385/1385 1386/1386/1386
f 1344/1344/1344 1343/1343/1343 1387/1387/1387
f 1344/1344/1344 1387/1387/1387 1388/1388/1388
f 1346/1346/1346 1345/1345/1345 1389/1389/1389
f 1346/1346/1346 1389/1389/1389 1390/1390/1390
f 1391/1391/1391 1392/1392/1392 1393/1393/1393
f 1394/1394/1394 1395/1395/1395 1396/1396/1396
f 1386/1386/1386 1385/1385/1385 1397/1397/1397
f 1386/1386/1386 1397/1397/1397 1398/1398/1398
f 1388/1388/1388 1387/1387/1387 1399/1399/1399
f 1388/1388/1388 1399/1399/1399 1400/1400/1400
f 1390/1390/1390 1389/1389/1389 1401/1401/1401
f 1390/1390/1390 1401/1401/1401 1402/1402/1402
f 1403/1403/1403 1404/1404/1404 1294/1294/1294
f 1404/1404/1404 1403/1403/1403 1405/1405/1405
f 1405/1405/1405 1403/1403/1403 1406/1406/1406
f 1405/1405/1405 1406/1406/1406 1407/1407/1407
f 1408/1408/1408 1108/1108/1108 1409/1409/1409
f 1108/1108/1108 1408/1408/1408 1410/1410/1410
f 1108/1108/1108 1410/1410/1410 1411/1411/1411
f 1108/1108/1108 1411/1411/1411 1109/1109/1109
f 1109/1109/1109 1411/1411/1411 1412/1412/1412
f 1412/1412/1412 1411/1411/1411 1413/1413/1413
f 1664/1664/1664 1665/1665/1665 1666/1666/1666
f 1664/1664/1664 1666/1666/1666 1667/1667/1667
f 1668/1668/1668 1669/1669/1669 1670/1670/1670
f 1668/1668/1668 1670/1670/1670 1671/1671/1671
f 1672/1672/1672 1673/1673/1673 1674/1674/1674
f 1672/1672/1672 1674/1674/1674 1675/1675/1675
f 1676/1676/1676 1677/1677/1677 1678/1678/1678
f 1676/1676/1676 1678/1678/1678 1679/1679/1679
f 1680/1680/1680 1681/1681/1681 1682/1682/1682
f 1680/1680/1680 1682/1682/1682 1683/1683/1683
f 1670/1670/1670 1669/1669/1669 1684/1684/1684
f 1670/1670/1670 1684/1684/1684 1685/1685/1685
f 1686/1686/1686 1687/1687/1687 1688/1688/1688
f 1686/1686/1686 1688/1688/1688 1689/1689/1689
f 1690/1690/1690 1691/1691/1691 1692/1692/1692
f 1690/1690/1690 1692/1692/1692 1693/1693/1693
f 1678/1678/1678 1677/1677/1677 1694/1694/1694
f 1678/1678/1678 1694/1694/1694 1695/1695/1695
f 1696/1696/1696 1697/1697/1697 1698/1698/1698
f 1696/1696/1696 1698/1698/1698 1699/1699/1699
f 1700/1700/1700 1701/1701/1701 1702/1702/1702
f 1700/1700/1700 1702/1702/1702 1703/1703/1703
f 1704/1704/1704 1705/1705/1705 1706/1706/1706
f 1704/1704/1704 1706/1706/1706 1707/1707/1707
f 1695/1695/1695 1694/1694/1694 1697/1697/1697
f 1695/1695/1695 1697/1697/1697 1696/1696/1696
f 1685/1685/1685 1684/1684/1684 1708/1708/1708
f 1685/1685/1685 1708/1708/1708 1709/1709/1709
f 1710/1710/1710 1711/1711/1711 1712/1712/1712
f 1710/1710/1710 1712/1712/1712 1713/1713/1713
f 1714/1714/1714 1715/1715/1715 1716/1716/1716
f 1714/1714/1714 1716/1716/1716 1717/1717/1717
f 1709/1709/1709 1708/1708/1708 1718/1718/1718
f 1709/1709/1709 1718/1718/1718 1719/1719/1719
f 1689/1689/1689 1688/1688/1688 1720/1720/1720
f 1689/1689/1689 1720/1720/1720 1721/1721/1721
f 1722/1722/1722 1690/1690/1690 1693/1693/1693
f 1722/1722/1722 1693/1693/1693 1723/1723/1723
f 1701/1701/1701 1724/1724/1724 1725/1725/1725
f 1701/1701/1701 1725/1725/1725 1702/1702/1702
f 1726/1726/1726 1727/1727/1727 1705/1705/1705
f 1726/1726/1726 1705/1705/1705 1704/1704/1704
f 1728/1728/1728 1729/1729/1729 1730/1730/1730
f 1728/1728/1728 1730/1730/1730 1731/1731/1731
f 1732/1732/1732 1733/1733/1733 1734/1734/1734
f 1732/1732/1732 1734/1734/1734 1735/1735/1735
f 1736/1736/1736 1737/1737/1737 1738/1738/1738
f 1736/1736/1736 1738/1738/1738 1739/1739/1739
f 1740/1740/1740 1741/1741/1741 1742/1742/1742
f 1740/1740/1740 1742/1742/1742 1743/1743/1743
f 1744/1744/1744 1745/1745/1745 1746/1746/1746
f 1744/1744/1744 1746/1746/1746 1747/1747/1747
f 1748/1748/1748 1749/1749/1749 1750/1750/1750
f 1748/1748/1748 1750/1750/1750 1751/1751/1751
f 1738/1738/1738 1737/1737/1737 1752/1752/1752
f 1738/1738/1738 1752/1752/1752 1753/1753/1753
f 1754/1754/1754 1755/1755/1755 1756/1756/1756
f 1754/1754/1754 1756/1756/1756 1757/1757/1757
f 1758/1758/1758 1759/1759/1759 1760/1760/1760
f 1758/1758/1758 1760/1760/1760 1761/1761/1761
f 1746/1746/1746 1745/1745/1745 1762/1762/1762
f 1746/1746/1746 1762/1762/1762 1763/1763/1763
f 1764/1764/1764 1765/1765/1765 1766/1766/1766
f 1764/1764/1764 1766/1766/1766 1767/1767/1767
f 1768/1768/1768 1769/1769/1769 1770/1770/1770
f 1768/1768/1768 1770/1770/1770 1771/1771/1771
f 1772/1772/1772 1773/1773/1773 1774/1774/1774
f 1772/1772/1772 1774/1774/1774 1775/1775/1775
f 1763/1763/1763 1762/1762/1762 1765/1765/1765
f 1763/1763/1763 1765/1765/1765 1764/1764/1764
f 1753/1753/1753 1752/1752/1752 1776/1776/1776
f 1753/1753/1753 1776/1776/1776 1777/1777/1777
f 1778/1778/1778 1779/1779/1779 1780/1780/1780
f 1778/1778/1778 1780/1780/1780 1781/1781/1781
f 1782/1782/1782 1783/1783/1783 1784/1784/1784
f 1782/1782/1782 1784/1784/1784 1785/1785/1785
f 1777/1777/1777 1776/1776/1776 1786/1786/1786
f 1777/1777/1777 1786/1786/1786 1787/1787/1787
f 1757/1757/1757 1756/1756/1756 1788/1788/1788
f 1757/1757/1757 1788/1788/1788 1789/1789/1789
f 1790/1790/1790 1758/1758/1758 1761/1761/1761
f 1790/1790/1790 1761/1761/1761 1791/1791/1791
f 1769/1769/1769 1792/1792/1792 1793/1793/1793
f 1769/1769/1769 1793/1793/1793 1770/1770/1770
f 1794/1794/1794 1795/1795/1795 1773/1773/1773
f 1794/1794/1794 1773/1773/1773 1772/1772/1772
f 1796/1796/1796 1797/1797/1797 1798/1798/1798
f 1796/1796/1796 1798/1798/1798 1799/1799/1799
f 1800/1800/1800 1801/1801/1801 1802/1802/1802
f 1800/1800/1800 1802/1802/1802 1803/1803/1803
f 1804/1804/1804 1805/1805/1805 1806/1806/1806
f 1804/1804/1804 1806/1806/1806 1807/1807/1807
f 1808/1808/1808 1809/1809/1809 1810/1810/1810
f 1808/1808/1808 1810/1810/1810 1811/1811/1811
f 1812/1812/1812 1813/1813/1813 1814/1814/1814
f 1812/1812/1812 1814/1814/1814 1815/1815/1815
f 1816/1816/1816 1817/1817/1817 1818/1818/1818
f 1816/1816/1816 1818/1818/1818 1819/1819/1819
f 1806/1806/1806 1805/1805/1805 1820/1820/1820
f 1806/1806/1806 1820/1820/1820 1821/1821/1821
f 1822/1822/1822 1823/1823/1823 1824/1824/1824
f 1822/1822/1822 1824/1824/1824 1825/1825/1825
f 1826/1826/1826 1827/1827/1827 1828/1828/1828
f 1826/1826/1826 1828/1828/1828 1829/1829/1829
f 1814/1814/1814 1813/1813/1813 1830/1830/1830
f 1814/1814/1814 1830/1830/1830 1831/1831/1831
f 1832/1832/1832 1833/1833/1833 1834/1834/1834
f 1832/1832/1832 1834/1834/1834 1835/1835/1835
f 1836/1836/1836 1837/1837/1837 1838/1838/1838
f 1836/1836/1836 1838/1838/1838 1839/1839/1839
f 1840/1840/1840 1841/1841/1841 1842/1842/1842
f 1840/1840/1840 1842/1842/1842 1843/1843/1843
f 1831/1831/1831 1830/1830/1830 1833/1833/1833
f 1831/1831/1831 1833/1833/1833 1832/1832/1832
f 1821/1821/1821 1820/1820/1820 1844/1844/1844
f 1821/1821/1821 1844/1844/1844 1845/1845/1845
f 1846/1846/1846 1847/1847/1847 1848/1848/1848
f 1846/1846/1846 1848/1848/1848 1849/1849/1849
f 1850/1850/1850 1851/1851/1851 1852/1852/1852
f 1850/1850/1850 1852/1852/1852 1853/1853/1853
f 1845/1845/1845 1844/1844/1844 1854/1854/1854
f 1845/1845/1845 1854/1854/1854 1855/1855/1855
f 1825/1825/1825 1824/1824/1824 1856/1856/1856
f 1825/1825/1825 1856/1856/1856 1857/1857/1857
f 1858/1858/1858 1826/1826/1826 1829/1829/1829
f 1858/1858/1858 1829/1829/1829 1859/1859/1859
f 1837/1837/1837 1860/1860/1860 1861/1861/1861
f 1837/1837/1837 1861/1861/1861 1838/1838/1838
f 1862/1862/1862 1863/1863/1863 1841/1841/1841
f 1862/1862/1862 1841/1841/1841 1840/1840/1840
f 1864/1864/1864 1865/1865/1865 1866/1866/1866
f 1864/1864/1864 1866/1866/1866 1867/1867/1867
f 1868/1868/1868 1869/1869/1869 1870/1870/1870
f 1868/1868/1868 1870/1870/1870 1871/1871/1871
f 1872/1872/1872 1873/1873/1873 1874/1874/1874
f 1872/1872/1872 1874/1874/1874 1875/1875/1875
f 1876/1876/1876 1877/1877/1877 1878/1878/1878
f 1876/1876/1876 1878/1878/1878 1879/1879/1879
f 1880/1880/1880 1881/1881/1881 1882/1882/1882
f 1880/1880/1880 1882/1882/1882 1883/1883/1883
f 1884/1884/1884 1885/1885/1885 1886/1886/1886
f 1884/1884/1884 1886/1886/1886 1887/1887/1887
f 1874/1874/1874 1873/1873/1873 1888/1888/1888
f 1874/1874/1874 1888/1888/1888 1889/1889/1889
f 1890/1890/1890 1891/1891/1891 1892/1892/1892
f 1890/1890/1890 1892/1892/1892 1893/1893/1893
f 1894/1894/1894 1895/1895/1895 1896/1896/1896
f 1894/1894/1894 1896/1896/1896 1897/1897/1897
f 1882/1882/1882 1881/1881/1881 1898/1898/1898
f 1882/1882/1882 1898/1898/1898 1899/1899/1899
f 1900/1900/1900 1901/1901/1901 1902/1902/1902
f 1900/1900/1900 1902/1902/1902 1903/1903/1903
f 1904/1904/1904 1905/1905/1905 1906/1906/1906
f 1904/1904/1904 1906/1906/1906 1907/1907/1907
f 1908/1908/1908 1909/1909/1909 1910/1910/1910
f 1908/1908/1908 1910/1910/1910 1911/1911/1911
f 1899/1899/1899 1898/1898/1898 1901/1901/1901
f 1899/1899/1899 1901/1901/1901 1900/1900/1900
f 1889/1889/1889 1888/1888/1888 1912/1912/1912
f 1889/1889/1889 1912/1912/1912 1913/1913/1913
f 1914/1914/1914 1915/1915/1915 1916/1916/1916
f 1914/1914/1914 1916/1916/1916 1917/1917/1917
f 1918/1918/1918 1919/1919/1919 1920/1920/1920
f 1918/1918/1918 1920/1920/1920 1921/1921/1921
f 1913/1913/1913 1912/1912/1912 1922/1922/1922
f 1913/1913/1913 1922/1922/1922 1923/1923/1923
f 1893/1893/1893 1892/1892/1892 1924/1924/1924
f 1893/1893/1893 1924/1924/1924 1925/1925/1925
f 1926/1926/1926 1894/1894/1894 1897/1897/1897
f 1926/1926/1926 1897/1897/1897 1927/1927/1927
f 1905/1905/1905 1928/1928/1928 1929/1929/1929
f 1905/1905/1905 1929/1929/1929 1906/1906/1906
f 1930/1930/1930 1931/1931/1931 1909/1909/1909
f 1930/1930/1930 1909/1909/1909 1908/1908/1908
f 1932/1932/1932 1933/1933/1933 1934/1934/1934
f 1932/1932/1932 1934/1934/1934 1935/1935/1935
f 1936/1936/1936 1937/1937/1937 1938/1938/1938
f 1936/1936/1936 1938/1938/1938 1939/1939/1939
f 1940/1940/1940 1941/1941/1941 1942/1942/1942
f 1940/1940/1940 1942/1942/1942 1943/1943/1943
f 1944/1944/1944 1945/1945/1945 1946/1946/1946
f 1944/1944/1944 1946/1946/1946 1947/1947/1947
f 1948/1948/1948 1949/1949/1949 1950/1950/1950
f 1948/1948/1948 1950/1950/1950 1951/1951/1951
f 1952/1952/1952 1953/1953/1953 1954/1954/1954
f 1952/1952/1952 1954/1954/1954 1955/1955/1955
f 1942/1942/1942 1941/1941/1941 1956/1956/1956
f 1942/1942/1942 1956/1956/1956 1957/1957/1957
f 1958/1958/1958 1959/1959/1959 1960/1960/1960
f 1958/1958/1958 1960/1960/1960 1961/1961/1961
f 1962/1962/1962 1963/1963/1963 1964/1964/1964
f 1962/1962/1962 1964/1964/1964 1965/1965/1965
f 1950/1950/1950 1949/1949/1949 1966/1966/1966
f 1950/1950/1950 1966/1966/1966 1967/1967/1967
f 1968/1968/1968 1969/1969/1969 1970/1970/1970
f 1968/1968/1968 1970/1970/1970 1971/1971/1971
f 1972/1972/1972 1973/1973/1973 1974/1974/1974
f 1972/1972/1972 1974/1974/1974 1975/1975/1975
f 1976/1976/1976 1977/1977/1977 1978/1978/1978
f 1976/1976/1976 1978/1978/1978 1979/1979/1979
f 1967/1967/1967 1966/1966/1966 1969/1969/1969
f 1967/1967/1967 1969/1969/1969 1968/1968/1968
f 1957/1957/1957 1956/1956/1956 1980/1980/1980
f 1957/1957/1957 1980/1980/1980 1981/1981/1981
f 1982/1982/1982 1983/1983/1983 1984/1984/1984
f 1982/1982/1982 1984/1984/1984 1985/1985/1985
f 1986/1986/1986 1987/1987/1987 1988/1988/1988
f 1986/1986/1986 1988/1988/1988 1989/1989/1989
f 1981/1981/1981 1980/1980/1980 1990/1990/1990
f 1981/1981/1981 1990/1990/1990 1991/1991/1991
f 1961/1961/1961 1960/1960/1960 1992/1992/1992
f 1961/1961/1961 1992/1992/1992 1993/1993/1993
f 1994/1994/1994 1962/1962/1962 1965/1965/1965
f 1994/1994/1994 1965/1965/1965 1995/1995/1995
f 1973/1973/1973 1996/1996/1996 1997/1997/1997
f 1973/1973/1973 1997/1997/1997 1974/1974/1974
f 1998/1998/1998 1999/1999/1999 1977/1977/1977
f 1998/1998/1998 1977/1977/1977 1976/1976/1976
f 2000/2000/2000 2001/2001/2001 2002/2002/2002
f 2000/2000/2000 2002/2002/2002 2003/2003/2003
f 2004/2004/2004 2005/2005/2005 2006/2006/2006
f 2004/2004/2004 2006/2006/2006 2007/2007/2007
f 2008/2008/2008 2009/2009/2009 2010/2010/2010
f 2008/2008/2008 2010/2010/2010 2011/2011/2011
f 2012/2012/2012 2013/2013/2013 2014/2014/2014
f 2012/2012/2012 2014/2014/2014 2015/2015/2015
f 2016/2016/2016 2017/2017/2017 2018/2018/2018
f 2016/2016/2016 2018/2018/2018 2019/2019/2019
f 2020/2020/2020 2021/2021/2021 2022/2022/2022
f 2020/2020/2020 2022/2022/2022 2023/2023/2023
f 2010/2010/2010 2009/2009/2009 2024/2024/2024
f 2010/2010/2010 2024/2024/2024 2025/2025/2025
f 2026/2026/2026 2027/2027/2027 2028/2028/2028
f 2026/2026/2026 2028/2028/2028 2029/2029/2029
f 2030/2030/2030 2031/2031/2031 2032/2032/2032
f 2030/2030/2030 2032/2032/2032 2033/2033/2033
f 2018/2018/2018 2017/2017/2017 2034/2034/2034
f 2018/2018/2018 2034/2034/2034 2035/2035/2035
f 2036/2036/2036 2037/2037/2037 2038/2038/2038
f 2036/2036/2036 2038/2038/2038 2039/2039/2039
f 2040/2040/2040 2041/2041/2041 2042/2042/2042
f 2040/2040/2040 2042/2042/2042 2043/2043/2043
f 2044/2044/2044 2045/2045/2045 2046/2046/2046
f 2044/2044/2044 2046/2046/2046 2047/2047/2047
f 2035/2035/2035 2034/2034/2034 2037/2037/2037
f 2035/2035/2035 2037/2037/2037 2036/2036/2036
f 2025/2025/2025 2024/2024/2024 2048/2048/2048
f 2025/2025/2025 2048/2048/2048 2049/2049/2049
f 2050/2050/2050 2051/2051/2051 2052/2052/2052
f 2050/2050/2050 2052/2052/2052 2053/2053/2053
f 2054/2054/2054 2055/2055/2055 2056/2056/2056
f 2054/2054/2054 2056/2056/2056 2057/2057/2057
f 2049/2049/2049 2048/2048/2048 2058/2058/2058
f 2049/2049/2049 2058/2058/2058 2059/2059/2059
f 2029/2029/2029 2028/2028/2028 2060/2060/2060
f 2029/2029/2029 2060/2060/2060 2061/2061/2061
f 2062/2062/2062 2030/2030/2030 2033/2033/2033
f 2062/2062/2062 2033/2033/2033 2063/2063/2063
f 2041/2041/2041 2064/2064/2064 2065/2065/2065
f 2041/2041/2041 2065/2065/2065 2042/2042/2042
f 2066/2066/2066 2067/2067/2067 2045/2045/2045
f 2066/2066/2066 2045/2045/2045 2044/2044/2044
f 2068/2068/2068 2069/2069/2069 2070/2070/2070
f 2068/2068/2068 2070/2070/2070 2071/2071/2071
f 2072/2072/2072 2073/2073/2073 2074/2074/2074
f 2072/2072/2072 2074/2074/2074 2075/2075/2075
f 2076/2076/2076 2077/2077/2077 2078/2078/2078
f 2076/2076/2076 2078/2078/2078 2079/2079/2079
f 2080/2080/2080 2081/2081/2081 2082/2082/2082
f 2080/2080/2080 2082/2082/2082 2083/2083/2083
f 2084/2084/2084 2085/2085/2085 2086/2086/2086
f 2084/2084/2084 2086/2086/2086 2087/2087/2087
f 2088/2088/2088 2089/2089/2089 2090/2090/2090
f 2088/2088/2088 2090/2090/2090 2091/2091/2091
f 2078/2078/2078 2077/2077/2077 2092/2092/2092
f 2078/2078/2078 2092/2092/2092 2093/2093/2093
f 2094/2094/2094 2095/2095/2095 2096/2096/2096
f 2094/2094/2094 2096/2096/2096 2097/2097/2097
f 2098/2098/2098 2099/2099/2099 2100/2100/2100
f 2098/2098/2098 2100/2100/2100 2101/2101/2101
f 2086/2086/2086 2085/2085/2085 2102/2102/2102
f 2086/2086/2086 2102/2102/2102 2103/2103/2103
f 2104/2104/2104 2105/2105/2105 2106/2106/2106
f 2104/2104/2104 2106/2106/2106 2107/2107/2107
f 2108/2108/2108 2109/2109/2109 2110/2110/2110
f 2108/2108/2108 2110/2110/2110 2111/2111/2111
f 2112/2112/2112 2113/2113/2113 2114/2114/2114
f 2112/2112/2112 2114/2114/2114 2115/2115/2115
f 2103/2103/2103 2102/2102/2102 2105/2105/2105
f 2103/2103/2103 2105/2105/2105 2104/2104/2104
f 2093/2093/2093 2092/2092/2092 2116/2116/2116
f 2093/2093/2093 2116/2116/2116 2117/2117/2117
f 2118/2118/2118 2119/2119/2119 2120/2120/2120
f 2118/2118/2118 2120/2120/2120 2121/2121/2121
f 2122/2122/2122 2123/2123/2123 2124/2124/2124
f 2122/2122/2122 2124/2124/2124 2125/2125/2125
f 2117/2117/2117 2116/2116/2116 2126/2126/2126
f 2117/2117/2117 2126/2126/2126 2127/2127/2127
f 2097/2097/2097 2096/2096/2096 2128/2128/2128
f 2097/2097/2097 2128/2128/2128 2129/2129/2129
f 2130/2130/2130 2098/2098/2098 2101/2101/2101
f 2130/2130/2130 2101/2101/2101 2131/2131/2131
f 2109/2109/2109 2132/2132/2132 2133/2133/2133
f 2109/2109/2109 2133/2133/2133 2110/2110/2110
f 2134/2134/2134 2135/2135/2135 2113/2113/2113
f 2134/2134/2134 2113/2113/2113 2112/2112/2112
f 2136/2136/2136 2137/2137/2137 2138/2138/2138
f 2136/2136/2136 2138/2138/2138 2139/2139/2139
f 2140/2140/2140 2141/2141/2141 2142/2142/2142
f 2140/2140/2140 2142/2142/2142 2143/2143/2143
f 2144/2144/2144 2145/2145/2145 2146/2146/2146
f 2144/2144/2144 2146/2146/2146 2147/2147/2147
f 2148/2148/2148 2149/2149/2149 2150/2150/2150
f 2148/2148/2148 2150/2150/2150 2151/2151/2151
f 2152/2152/2152 2153/2153/2153 2154/2154/2154
f 2152/2152/2152 2154/2154/2154 2155/2155/2155
f 2156/2156/2156 2157/2157/2157 2158/2158/2158
f 2156/2156/2156 2158/2158/2158 2159/2159/2159
f 2146/2146/2146 2145/2145/2145 2160/2160/2160
f 2146/2146/2146 2160/2160/2160 2161/2161/2161
f 2162/2162/2162 2163/2163/2163 2164/2164/2164
f 2162/2162/2162 2164/2164/2164 2165/2165/2165
f 2166/2166/2166 2167/2167/2167 2168/2168/2168
f 2166/2166/2166 2168/2168/2168 2169/2169/2169
f 2154/2154/2154 2153/2153/2153 2170/2170/2170
f 2154/2154/2154 2170/2170/2170 2171/2171/2171
f 2172/2172/2172 2173/2173/2173 2174/2174/2174
f 2172/2172/2172 2174/2174/2174 2175/2175/2175
f 2176/2176/2176 2177/2177/2177 2178/2178/2178
f 2176/2176/2176 2178/2178/2178 2179/2179/2179
f 2180/2180/2180 2181/2181/2181 2182/2182/2182
f 2180/2180/2180 2182/2182/2182 2183/2183/2183
f 2171/2171/2171 2170/2170/2170 2173/2173/2173
f 2171/2171/2171 2173/2173/2173 2172/2172/2172
f 2161/2161/2161 2160/2160/2160 2184/2184/2184
f 2161/2161/2161 2184/2184/2184 2185/2185/2185
f 2186/2186/2186 2187/2187/2187 2188/2188/2188
f 2186/2186/2186 2188/2188/2188 2189/2189/2189
f 2190/2190/2190 2191/2191/2191 2192/2192/2192
f 2190/2190/2190 2192/2192/2192 2193/2193/2193
f 2185/2185/2185 2184/2184/2184 2194/2194/2194
f 2185/2185/2185 2194/2194/2194 2195/2195/2195
f 2165/2165/2165 2164/2164/2164 2196/2196/2196
f 2165/2165/2165 2196/2196/2196 2197/2197/2197
f 2198/2198/2198 2166/2166/2166 2169/2169/2169
f 2198/2198/2198 2169/2169/2169 2199/2199/2199
f 2177/2177/2177 2200/2200/2200 2201/2201/2201
f 2177/2177/2177 2201/2201/2201 2178/2178/2178
f 2202/2202/2202 2203/2203/2203 2181/2181/2181
f 2202/2202/2202 2181/2181/2181 2180/2180/2180
f 2204/2204/2204 2205/2205/2205 2206/2206/2206
f 2204/2204/2204 2206/2206/2206 2207/2207/2207
f 2208/2208/2208 2209/2209/2209 2210/2210/2210
f 2208/2208/2208 2210/2210/2210 2211/2211/2211
f 2212/2212/2212 2213/2213/2213 2214/2214/2214
f 2212/2212/2212 2214/2214/2214 2215/2215/2215
f 2216/2216/2216 2217/2217/2217 2218/2218/2218
f 2216/2216/2216 2218/2218/2218 2219/2219/2219
f 2220/2220/2220 2221/2221/2221 2222/2222/2222
f 2220/2220/2220 2222/2222/2222 2223/2223/2223
f 2224/2224/2224 2225/2225/2225 2226/2226/2226
f 2224/2224/2224 2226/2226/2226 2227/2227/2227
f 2214/2214/2214 2213/2213/2213 2228/2228/2228
f 2214/2214/2214 2228/2228/2228 2229/2229/2229
f 2230/2230/2230 2231/2231/2231 2232/2232/2232
f 2230/2230/2230 2232/2232/2232 2233/2233/2233
f 2234/2234/2234 2235/2235/2235 2236/2236/2236
f 2234/2234/2234 2236/2236/2236 2237/2237/2237
f 2222/2222/2222 2221/2221/2221 2238/2238/2238
f 2222/2222/2222 2238/2238/2238 2239/2239/2239
f 2240/2240/2240 2241/2241/2241 2242/2242/2242
f 2240/2240/2240 2242/2242/2242 2243/2243/2243
f 2244/2244/2244 2245/2245/2245 2246/2246/2246
f 2244/2244/2244 2246/2246/2246 2247/2247/2247
f 2248/2248/2248 2249/2249/2249 2250/2250/2250
f 2248/2248/2248 2250/2250/2250 2251/2251/2251
f 2239/2239/2239 2238/2238/2238 2241/2241/2241
f 2239/2239/2239 2241/2241/2241 2240/2240/2240
f 2229/2229/2229 2228/2228/2228 2252/2252/2252
f 2229/2229/2229 2252/2252/2252 2253/2253/2253
f 2254/2254/2254 2255/2255/2255 2256/2256/2256
f 2254/2254/2254 2256/2256/2256 2257/2257/2257
f 2258/2258/2258 2259/2259/2259 2260/2260/2260
f 2258/2258/2258 2260/2260/2260 2261/2261/2261
f 2253/2253/2253 2252/2252/2252 2262/2262/2262
f 2253/2253/2253 2262/2262/2262 2263/2263/2263
f 2233/2233/2233 2232/2232/2232 2264/2264/2264
f 2233/2233/2233 2264/2264/2264 2265/2265/2265
f 2266/2266/2266 2234/2234/2234 2237/2237/2237
f 2266/2266/2266 2237/2237/2237 2267/2267/2267
f 2245/2245/2245 2268/2268/2268 2269/2269/2269
f 2245/2245/2245 2269/2269/2269 2246/2246/2246
f 2270/2270/2270 2271/2271/2271 2249/2249/2249
f 2270/2270/2270 2249/2249/2249 2248/2248/2248
f 2272/2272/2272 2273/2273/2273 2274/2274/2274
f 2272/2272/2272 2274/2274/2274 2275/2275/2275
f 1687/1687/1687 1674/1674/1674 1673/1673/1673
f 1674/1674/1674 1687/1687/1687 2276/2276/2276
f 2276/2276/2276 1687/1687/1687 1686/1686/1686
f 1674/1674/1674 2277/2277/2277 1691/1691/1691
f 2277/2277/2277 1674/1674/1674 2276/2276/2276
f 1691/1691/1691 2277/2277/2277 1692/1692/1692
f 1666/1666/1666 1707/1707/1707 1706/1706/1706
f 1707/1707/1707 1666/1666/1666 2278/2278/2278
f 2278/2278/2278 1666/1666/1666 2279/2279/2279
f 2279/2279/2279 1700/1700/1700 1703/1703/1703
f 1700/1700/1700 2279/2279/2279 1665/1665/1665
f 1665/1665/1665 2279/2279/2279 1666/1666/1666
f 2280/2280/2280 2281/2281/2281 2282/2282/2282
f 2281/2281/2281 2280/2280/2280 2283/2283/2283
f 2283/2283/2283 2280/2280/2280 2284/2284/2284
f 2283/2283/2283 2284/2284/2284 2285/2285/2285
f 2285/2285/2285 2284/2284/2284 2286/2286/2286
f 2285/2285/2285 2286/2286/2286 2287/2287/2287
f 2288/2288/2288 2289/2289/2289 2290/2290/2290
f 2289/2289/2289 2288/2288/2288 2291/2291/2291
f 2291/2291/2291 2288/2288/2288 2292/2292/2292
f 2291/2291/2291 2292/2292/2292 2293/2293/2293
f 2293/2293/2293 2292/2292/2292 2294/2294/2294
f 2293/2293/2293 2294/2294/2294 2295/2295/2295
f 1755/1755/1755 1742/1742/1742 1741/1741/1741
f 1742/1742/1742 1755/1755/1755 2296/2296/2296
f 2296/2296/2296 1755/1755/1755 1754/1754/1754
f 1742/1742/1742 2297/2297/2297 1759/1759/1759
f 2297/2297/2297 1742/1742/1742 2296/2296/2296
f 1759/1759/1759 2297/2297/2297 1760/1760/1760
f 1734/1734/1734 1775/1775/1775 1774/1774/1774
f 1775/1775/1775 1734/1734/1734 2298/2298/2298
f 2298/2298/2298 1734/1734/1734 2299/2299/2299
f 2299/2299/2299 1768/1768/1768 1771/1771/1771
f 1768/1768/1768 2299/2299/2299 1733/1733/1733
f 1733/1733/1733 2299/2299/2299 1734/1734/1734
f 2300/2300/2300 2301/2301/2301 2302/2302/2302
f 2301/2301/2301 2300/2300/2300 2303/2303/2303
f 2303/2303/2303 2300/2300/2300 2304/2304/2304
f 2303/2303/2303 2304/2304/2304 2305/2305/2305
f 2305/2305/2305 2304/2304/2304 2306/2306/2306
f 2305/2305/2305 2306/2306/2306 2307/2307/2307
f 2308/2308/2308 2309/2309/2309 2310/2310/2310
f 2309/2309/2309 2308/2308/2308 2311/2311/2311
f 2311/2311/2311 2308/2308/2308 2312/2312/2312
f 2311/2311/2311 2312/2312/2312 2313/2313/2313
f 2313/2313/2313 2312/2312/2312 2314/2314/2314
f 2313/2313/2313 2314/2314/2314 2315/2315/2315
f 1823/1823/1823 1810/1810/1810 1809/1809/1809
f 1810/1810/1810 1823/1823/1823 2316/2316/2316
f 2316/2316/2316 1823/1823/1823 1822/1822/1822
f 1810/1810/1810 2317/2317/2317 1827/1827/1827
f 2317/2317/2317 1810/1810/1810 2316/2316/2316
f 1827/1827/1827 2317/2317/2317 1828/1828/1828
f 1802/1802/1802 1843/1843/1843 1842/1842/1842
f 1843/1843/1843 1802/1802/1802 2318/2318/2318
f 2318/2318/2318 1802/1802/1802 2319/2319/2319
f 2319/2319/2319 1836/1836/1836 1839/1839/1839
f 1836/1836/1836 2319/2319/2319 1801/1801/1801
f 1801/1801/1801 2319/2319/2319 1802/1802/1802
f 2320/2320/2320 2321/2321/2321 2322/2322/2322
f 2321/2321/2321 2320/2320/2320 2323/2323/2323
f 2323/2323/2323 2320/2320/2320 2324/2324/2324
f 2323/2323/2323 2324/2324/2324 2325/2325/2325
f 2325/2325/2325 2324/2324/2324 2326/2326/2326
f 2325/2325/2325 2326/2326/2326 2327/2327/2327
f 2328/2328/2328 2329/2329/2329 2330/2330/2330
f 2329/2329/2329 2328/2328/2328 2331/2331/2331
f 2331/2331/2331 2328/2328/2328 2332/2332/2332
f 2331/2331/2331 2332/2332/2332 2333/2333/2333
f 2333/2333/2333 2332/2332/2332 2334/2334/2334
f 2333/2333/2333 2334/2334/2334 2335/2335/2335
f 1891/1891/1891 1878/1878/1878 1877/1877/1877
f 1878/1878/1878 1891/1891/1891 2336/2336/2336
f 2336/2336/2336 1891/1891/1891 1890/1890/1890
f 1878/1878/1878 2337/2337/2337 1895/1895/1895
f 2337/2337/2337 1878/1878/1878 2336/2336/2336
f 1895/1895/1895 2337/2337/2337 1896/1896/1896
f 1870/1870/1870 1911/1911/1911 1910/1910/1910
f 1911/1911/1911 1870/1870/1870 2338/2338/2338
f 2338/2338/2338 1870/1870/1870 2339/2339/2339
f 2339/2339/2339 1904/1904/1904 1907/1907/1907
f 1904/1904/1904 2339/2339/2339 1869/1869/1869
f 1869/1869/1869 2339/2339/2339 1870/1870/1870
f 2340/2340/2340 2341/2341/2341 2342/2342/2342
f 2341/2341/2341 2340/2340/2340 2343/2343/2343
f 2343/2343/2343 2340/2340/2340 2344/2344/2344
f 2343/2343/2343 2344/2344/2344 2345/2345/2345
f 2345/2345/2345 2344/2344/2344 2346/2346/2346
f 2345/2345/2345 2346/2346/2346 2347/2347/2347
f 2348/2348/2348 2349/2349/2349 2350/2350/2350
f 2349/2349/2349 2348/2348/2348 2351/2351/2351
f 2351/2351/2351 2348/2348/2348 2352/2352/2352
f 2351/2351/2351 2352/2352/2352 2353/2353/2353
f 2353/2353/2353 2352/2352/2352 2354/2354/2354
f 2353/2353/2353 2354/2354/2354 2355/2355/2355
f 1959/1959/1959 1946/1946/1946 1945/1945/1945
f 1946/1946/1946 1959/1959/1959 2356/2356/2356
f 2356/2356/2356 1959/1959/1959 1958/1958/1958
f 1946/1946/1946 2357/2357/2357 1963/1963/1963
f 2357/2357/2357 1946/1946/1946 2356/2356/2356
f 1963/1963/1963 2357/2357/2357 1964/1964/1964
f 1938/1938/1938 1979/1979/1979 1978/1978/1978
f 1979/1979/1979 1938/1938/1938 2358/2358/2358
f 2358/2358/2358 1938/1938/1938 2359/2359/2359
f 2359/2359/2359 1972/1972/1972 1975/1975/1975
f 1972/1972/1972 2359/2359/2359 1937/1937/1937
f 1937/1937/1937 2359/2359/2359 1938/1938/1938
f 2360/2360/2360 2361/2361/2361 2362/2362/2362
f 2361/2361/2361 2360/2360/2360 2363/2363/2363
f 2363/2363/2363 2360/2360/2360 2364/2364/2364
f 2363/2363/2363 2364/2364/2364 2365/2365/2365
f 2365/2365/2365 2364/2364/2364 2366/2366/2366
f 2365/2365/2365 2366/2366/2366 2367/2367/2367
f 2368/2368/2368 2369/2369/2369 2370/2370/2370
f 2369/2369/2369 2368/2368/2368 2371/2371/2371
f 2371/2371/2371 2368/2368/2368 2372/2372/2372
f 2371/2371/2371 2372/2372/2372 2373/2373/2373
f 2373/2373/2373 2372/2372/2372 2374/2374/2374
f 2373/2373/2373 2374/2374/2374 2375/2375/2375
f 2027/2027/2027 2014/2014/2014 2013/2013/2013
f 2014/2014/2014 2027/2027/2027 2376/2376/2376
f 2376/2376/2376 2027/2027/2027 2026/2026/2026
f 2014/2014/2014 2377/2377/2377 2031/2031/2031
f 2377/2377/2377 2014/2014/2014 2376/2376/2376
f 2031/2031/2031 2377/2377/2377 2032/2032/2032
f 2006/2006/2006 2047/2047/2047 2046/2046/2046
f 2047/2047/2047 2006/2006/2006 2378/2378/2378
f 2378/2378/2378 2006/2006/2006 2379/2379/2379
f 2379/2379/2379 2040/2040/2040 2043/2043/2043
f 2040/2040/2040 2379/2379/2379 2005/2005/2005
f 2005/2005/2005 2379/2379/2379 2006/2006/2006
f 2380/2380/2380 2381/2381/2381 2382/2382/2382
f 2381/2381/2381 2380/2380/2380 2383/2383/2383
f 2383/2383/2383 2380/2380/2380 2384/2384/2384
f 2383/2383/2383 2384/2384/2384 2385/2385/2385
f 2385/2385/2385 2384/2384/2384 2386/2386/2386
f 2385/2385/2385 2386/2386/2386 2387/2387/2387
f 2388/2388/2388 2389/2389/2389 2390/2390/2390
f 2389/2389/2389 2388/2388/2388 2391/2391/2391
f 2391/2391/2391 2388/2388/2388 2392/2392/2392
f 2391/2391/2391 2392/2392/2392 2393/2393/2393
f 2393/2393/2393 2392/2392/2392 2394/2394/2394
f 2393/2393/2393 2394/2394/2394 2395/2395/2395
f 2095/2095/2095 2082/2082/2082 2081/2081/2081
f 2082/2082/2082 2095/2095/2095 2396/2396/2396
f 2396/2396/2396 2095/2095/2095 2094/2094/2094
f 2082/2082/2082 2397/2397/2397 2099/2099/2099
f 2397/2397/2397 2082/2082/2082 2396/2396/2396
f 2099/2099/2099 2397/2397/2397 2100/2100/2100
f 2074/2074/2074 2115/2115/2115 2114/2114/2114
f 2115/2115/2115 2074/2074/2074 2398/2398/2398
f 2398/2398/2398 2074/2074/2074 2399/2399/2399
f 2399/2399/2399 2108/2108/2108 2111/2111/2111
f 2108/2108/2108 2399/2399/2399 2073/2073/2073
f 2073/2073/2073 2399/2399/2399 2074/2074/2074
f 2400/2400/2400 2401/2401/2401 2402/2402/2402
f 2401/2401/2401 2400/2400/2400 2403/2403/2403
f 2403/2403/2403 2400/2400/2400 2404/2404/2404
f 2403/2403/2403 2404/2404/2404 2405/2405/2405
f 2405/2405/2405 2404/2404/2404 2406/2406/2406
f 2405/2405/2405 2406/2406/2406 2407/2407/2407
f 2408/2408/2408 2409/2409/2409 2410/2410/2410
f 2409/2409/2409 2408/2408/2408 2411/2411/2411
f 2411/2411/2411 2408/2408/2408 2412/2412/2412
f 2411/2411/2411 2412/2412/2412 2413/2413/2413
f 2413/2413/2413 2412/2412/2412 2414/2414/2414
f 2413/2413/2413 2414/2414/2414 2415/2415/2415
f 2163/2163/2163 2150/2150/2150 2149/2149/2149
f 2150/2150/2150 2163/2163/2163 2416/2416/2416
f 2416/2416/2416 2163/2163/2163 2162/2162/2162
f 2150/2150/2150 2417/2417/2417 2167/2167/2167
f 2417/2417/2417 2150/2150/2150 2416/2416/2416
f 2167/2167/2167 2417/2417/2417 2168/2168/2168
f 2142/2142/2142 2183/2183/2183 2182/2182/2182
f 2183/2183/2183 2142/2142/2142 2418/2418/2418
f 2418/2418/2418 2142/2142/2142 2419/2419/2419
f 2419/2419/2419 2176/2176/2176 2179/2179/2179
f 2176/2176/2176 2419/2419/2419 2141/2141/2141
f 2141/2141/2141 2419/2419/2419 2142/2142/2142
f 2420/2420/2420 2421/2421/2421 2422/2422/2422
f 2421/2421/2421 2420/2420/2420 2423/2423/2423
f 2423/2423/2423 2420/2420/2420 2424/2424/2424
f 2423/2423/2423 2424/2424/2424 2425/2425/2425
f 2425/2425/2425 2424/2424/2424 2426/2426/2426
f 2425/2425/2425 2426/2426/2426 2427/2427/2427
f 2428/2428/2428 2429/2429/2429 2430/2430/2430
f 2429/2429/2429 2428/2428/2428 2431/2431/2431
f 2431/2431/2431 2428/2428/2428 2432/2432/2432
f 2431/2431/2431 2432/2432/2432 2433/2433/2433
f 2433/2433/2433 2432/2432/2432 2434/2434/2434
f 2433/2433/2433 2434/2434/2434 2435/2435/2435
f 2231/2231/2231 2218/2218/2218 2217/2217/2217
f 2218/2218/2218 2231/2231/2231 2436/2436/2436
f 2436/2436/2436 2231/2231/2231 2230/2230/2230
f 2218/2218/2218 2437/2437/2437 2235/2235/2235
f 2437/2437/2437 2218/2218/2218 2436/2436/2436
f 2235/2235/2235 2437/2437/2437 2236/2236/2236
f 2210/2210/2210 2251/2251/2251 2250/2250/2250
f 2251/2251/2251 2210/2210/2210 2438/2438/2438
f 2438/2438/2438 2210/2210/2210 2439/2439/2439
f 2439/2439/2439 2244/2244/2244 2247/2247/2247
f 2244/2244/2244 2439/2439/2439 2209/2209/2209
f 2209/2209/2209 2439/2439/2439 2210/2210/2210
f 2440/2440/2440 2441/2441/2441 2442/2442/2442
f 2441/2441/2441 2440/2440/2440 2443/2443/2443
f 2443/2443/2443 2440/2440/2440 2444/2444/2444
f 2443/2443/2443 2444/2444/2444 2445/2445/2445
f 2445/2445/2445 2444/2444/2444 2446/2446/2446
f 2445/2445/2445 2446/2446/2446 2447/2447/2447
f 2448/2448/2448 2449/2449/2449 2450/2450/2450
f 2449/2449/2449 2448/2448/2448 2451/2451/2451
f 2451/2451/2451 2448/2448/2448 2452/2452/2452
f 2451/2451/2451 2452/2452/2452 2453/2453/2453
f 2453/2453/2453 2452/2452/2452 2454/2454/2454
f 2453/2453/2453 2454/2454/2454 2455/2455/2455
f 2456/2456/2456 2457/2457/2457 2458/2458/2458
f 2456/2456/2456 2458/2458/2458 2459/2459/2459
f 2459/2459/2459 2458/2458/2458 2460/2460/2460
f 2459/2459/2459 2460/2460/2460 2461/2461/2461
f 2461/2461/2461 2460/2460/2460 2462/2462/2462
f 2461/2461/2461 2462/2462/2462 2463/2463/2463
f 2463/2463/2463 2462/2462/2462 2464/2464/2464
f 2463/2463/2463 2464/2464/2464 2465/2465/2465
f 2465/2465/2465 2464/2464/2464 2466/2466/2466
f 2465/2465/2465 2466/2466/2466 2467/2467/2467
f 2467/2467/2467 2466/2466/2466 2468/2468/2468
f 2467/2467/2467 2468/2468/2468 2469/2469/2469
f 2469/2469/2469 2468/2468/2468 2470/2470/2470
f 2469/2469/2469 2470/2470/2470 2471/2471/2471
f 2471/2471/2471 2470/2470/2470 2472/2472/2472
f 2471/2471/2471 2472/2472/2472 2473/2473/2473
f 2473/2473/2473 2472/2472/2472 2474/2474/2474
f 2473/2473/2473 2474/2474/2474 2475/2475/2475
f 2475/2475/2475 2474/2474/2474 2476/2476/2476
f 2475/2475/2475 2476/2476/2476 2477/2477/2477
f 2477/2477/2477 2476/2476/2476 2478/2478/2478
f 2477/2477/2477 2478/2478/2478 2479/2479/2479
f 2479/2479/2479 2478/2478/2478 2480/2480/2480
f 2479/2479/2479 2480/2480/2480 2481/2481/2481
f 2481/2481/2481 2480/2480/2480 2482/2482/2482
f 2481/2481/2481 2482/2482/2482 2483/2483/2483
f 2483/2483/2483 2482/2482/2482 2484/2484/2484
f 2483/2483/2483 2484/2484/2484 2485/2485/2485
f 2485/2485/2485 2484/2484/2484 2486/2486/2486
f 2485/2485/2485 2486/2486/2486 2487/2487/2487
f 2487/2487/2487 2486/2486/2486 2488/2488/2488
f 2487/2487/2487 2488/2488/2488 2489/2489/2489
f 2489/2489/2489 2488/2488/2488 2490/2490/2490
f 2489/2489/2489 2490/2490/2490 2491/2491/2491
f 2491/2491/2491 2490/2490/2490 2492/2492/2492
f 2491/2491/2491 2492/2492/2492 2493/2493/2493
f 2493/2493/2493 2492/2492/2492 2494/2494/2494
f 2493/2493/2493 2494/2494/2494 2495/2495/2495
f 2495/2495/2495 2494/2494/2494 2496/2496/2496
f 2495/2495/2495 2496/2496/2496 2497/2497/2497
f 2497/2497/2497 2496/2496/2496 2498/2498/2498
f 2497/2497/2497 2498/2498/2498 2499/2499/2499
f 2499/2499/2499 2498/2498/2498 2500/2500/2500
f 2499/2499/2499 2500/2500/2500 2501/2501/2501
f 2501/2501/2501 2500/2500/2500 2502/2502/2502
f 2501/2501/2501 2502/2502/2502 2503/2503/2503
f 2503/2503/2503 2502/2502/2502 2504/2504/2504
f 2503/2503/2503 2504/2504/2504 2505/2505/2505
f 2505/2505/2505 2504/2504/2504 2506/2506/2506
f 2505/2505/2505 2506/2506/2506 2507/2507/2507
f 2507/2507/2507 2506/2506/2506 2508/2508/2508
f 2507/2507/2507 2508/2508/2508 2509/2509/2509
f 2509/2509/2509 2508/2508/2508 2510/2510/2510
f 2509/2509/2509 2510/2510/2510 2511/2511/2511
f 2511/2511/2511 2510/2510/2510 2512/2512/2512
f 2511/2511/2511 2512/2512/2512 2513/2513/2513
f 2513/2513/2513 2512/2512/2512 2514/2514/2514
f 2513/2513/2513 2514/2514/2514 2515/2515/2515
f 2515/2515/2515 2514/2514/2514 2516/2516/2516
f 2515/2515/2515 2516/2516/2516 2517/2517/2517
f 2518/2518/2518 2519/2519/2519 2520/2520/2520
f 2518/2518/2518 2520/2520/2520 2521/2521/2521
f 2517/2517/2517 2516/2516/2516 2522/2522/2522
f 2517/2517/2517 2522/2522/2522 2523/2523/2523
f 2523/2523/2523 2522/2522/2522 2524/2524/2524
f 2523/2523/2523 2524/2524/2524 2525/2525/2525
f 2526/2526/2526 2527/2527/2527 2528/2528/2528
f 2526/2526/2526 2528/2528/2528 2529/2529/2529
f 2530/2530/2530 2531/2531/2531 2532/2532/2532
f 2530/2530/2530 2532/2532/2532 2533/2533/2533
f 2534/2534/2534 2535/2535/2535 2536/2536/2536
f 2534/2534/2534 2536/2536/2536 2537/2537/2537
f 2538/2538/2538 2539/2539/2539 2540/2540/2540
f 2538/2538/2538 2540/2540/2540 2541/2541/2541
f 2542/2542/2542 2543/2543/2543 2544/2544/2544
f 2542/2542/2542 2544/2544/2544 2545/2545/2545
f 2546/2546/2546 2547/2547/2547 2548/2548/2548
f 2546/2546/2546 2548/2548/2548 2549/2549/2549
f 2550/2550/2550 2518/2518/2518 2521/2521/2521
f 2550/2550/2550 2521/2521/2521 2551/2551/2551
f 2552/2552/2552 2526/2526/2526 2529/2529/2529
f 2552/2552/2552 2529/2529/2529 2553/2553/2553
f 2554/2554/2554 2530/2530/2530 2533/2533/2533
f 2554/2554/2554 2533/2533/2533 2555/2555/2555
f 2556/2556/2556 2534/2534/2534 2537/2537/2537
f 2556/2556/2556 2537/2537/2537 2557/2557/2557
f 2558/2558/2558 2538/2538/2538 2541/2541/2541
f 2558/2558/2558 2541/2541/2541 2559/2559/2559
f 2560/2560/2560 2542/2542/2542 2545/2545/2545
f 2560/2560/2560 2545/2545/2545 2561/2561/2561
f 2562/2562/2562 2563/2563/2563 2564/2564/2564
f 2562/2562/2562 2564/2564/2564 2565/2565/2565
f 2566/2566/2566 2546/2546/2546 2549/2549/2549
f 2566/2566/2566 2549/2549/2549 2567/2567/2567
f 2568/2568/2568 2550/2550/2550 2551/2551/2551
f 2568/2568/2568 2551/2551/2551 2569/2569/2569
f 2570/2570/2570 2552/2552/2552 2553/2553/2553
f 2570/2570/2570 2553/2553/2553 2571/2571/2571
f 2572/2572/2572 2554/2554/2554 2555/2555/2555
f 2572/2572/2572 2555/2555/2555 2573/2573/2573
f 2574/2574/2574 2556/2556/2556 2557/2557/2557
f 2574/2574/2574 2557/2557/2557 2575/2575/2575
f 2576/2576/2576 2558/2558/2558 2559/2559/2559
f 2576/2576/2576 2559/2559/2559 2577/2577/2577
f 2578/2578/2578 2560/2560/2560 2561/2561/2561
f 2578/2578/2578 2561/2561/2561 2579/2579/2579
f 2580/2580/2580 2562/2562/2562 2565/2565/2565
f 2580/2580/2580 2565/2565/2565 2581/2581/2581
f 2582/2582/2582 2568/2568/2568 2569/2569/2569
f 2582/2582/2582 2569/2569/2569 2583/2583/2583
f 2584/2584/2584 2570/2570/2570 2571/2571/2571
f 2584/2584/2584 2571/2571/2571 2585/2585/2585
f 2586/2586/2586 2572/2572/2572 2573/2573/2573
f 2586/2586/2586 2573/2573/2573 2587/2587/2587
f 2519/2519/2519 2574/2574/2574 2575/2575/2575
f 2519/2519/2519 2575/2575/2575 2520/2520/2520
f 2527/2527/2527 2576/2576/2576 2577/2577/2577
f 2527/2527/2527 2577/2577/2577 2528/2528/2528
f 2531/2531/2531 2578/2578/2578 2579/2579/2579
f 2531/2531/2531 2579/2579/2579 2532/2532/2532
f 2535/2535/2535 2580/2580/2580 2581/2581/2581
f 2535/2535/2535 2581/2581/2581 2536/2536/2536
f 2539/2539/2539 2582/2582/2582 2583/2583/2583
f 2539/2539/2539 2583/2583/2583 2540/2540/2540
f 2543/2543/2543 2584/2584/2584 2585/2585/2585
f 2543/2543/2543 2585/2585/2585 2544/2544/2544
f 2547/2547/2547 2586/2586/2586 2587/2587/2587
f 2547/2547/2547 2587/2587/2587 2548/2548/2548
f 2588/2588/2588 2589/2589/2589 2590/2590/2590
f 2588/2588/2588 2590/2590/2590 2591/2591/2591
f 2592/2592/2592 2593/2593/2593 2594/2594/2594
f 2592/2592/2592 2594/2594/2594 2595/2595/2595
f 2596/2596/2596 2597/2597/2597 2598/2598/2598
f 2599/2599/2599 2600/2600/2600 2601/2601/2601
f 2602/2602/2602 2603/2603/2603 2604/2604/2604
f 2602/2602/2602 2604/2604/2604 2605/2605/2605
f 2606/2606/2606 2607/2607/2607 2608/2608/2608
f 2606/2606/2606 2608/2608/2608 2609/2609/2609
f 2610/2610/2610 2611/2611/2611 2612/2612/2612
f 2610/2610/2610 2612/2612/2612 2613/2613/2613
f 2614/2614/2614 2615/2615/2615 2616/2616/2616
f 2617/2617/2617 2618/2618/2618 2619/2619/2619
f 2620/2620/2620 2621/2621/2621 2622/2622/2622
f 2623/2623/2623 2624/2624/2624 2625/2625/2625
f 2623/2623/2623 2625/2625/2625 2626/2626/2626
f 2626/2626/2626 2625/2625/2625 2627/2627/2627
f 2626/2626/2626 2627/2627/2627 2628/2628/2628
f 2628/2628/2628 2627/2627/2627 2629/2629/2629
f 2628/2628/2628 2629/2629/2629 2630/2630/2630
f 2630/2630/2630 2629/2629/2629 2631/2631/2631
f 2630/2630/2630 2631/2631/2631 2632/2632/2632
f 2632/2632/2632 2631/2631/2631 2633/2633/2633
f 2632/2632/2632 2633/2633/2633 2634/2634/2634
f 2634/2634/2634 2633/2633/2633 2635/2635/2635
f 2634/2634/2634 2635/2635/2635 2636/2636/2636
f 2636/2636/2636 2635/2635/2635 2637/2637/2637
f 2636/2636/2636 2637/2637/2637 2638/2638/2638
f 2638/2638/2638 2637/2637/2637 2639/2639/2639
f 2638/2638/2638 2639/2639/2639 2640/2640/2640
f 2640/2640/2640 2639/2639/2639 2641/2641/2641
f 2640/2640/2640 2641/2641/2641 2642/2642/2642
f 2642/2642/2642 2641/2641/2641 2643/2643/2643
f 2642/2642/2642 2643/2643/2643 2644/2644/2644
f 2644/2644/2644 2643/2643/2643 2645/2645/2645
f 2644/2644/2644 2645/2645/2645 2646/2646/2646
f 2647/2647/2647 2648/2648/2648 2649/2649/2649
f 2646/2646/2646 2650/2650/2650 2651/2651/2651
f 2652/2652/2652 2649/2649/2649 2653/2653/2653
f 2651/2651/2651 2654/2654/2654 2655/2655/2655
f 2655/2655/2655 2654/2654/2654 2656/2656/2656
f 2657/2657/2657 2658/2658/2658 2659/2659/2659
f 2660/2660/2660 2661/2661/2661 2662/2662/2662
f 2663/2663/2663 2664/2664/2664 2665/2665/2665
f 2663/2663/2663 2665/2665/2665 2666/2666/2666
f 2666/2666/2666 2665/2665/2665 2667/2667/2667
f 2666/2666/2666 2667/2667/2667 2668/2668/2668
f 2669/2669/2669 2670/2670/2670 2671/2671/2671
f 2668/2668/2668 2672/2672/2672 2673/2673/2673
f 2673/2673/2673 2672/2672/2672 2674/2674/2674
f 2673/2673/2673 2674/2674/2674 2675/2675/2675
f 2675/2675/2675 2674/2674/2674 2676/2676/2676
f 2675/2675/2675 2676/2676/2676 2677/2677/2677
f 2677/2677/2677 2676/2676/2676 2678/2678/2678
f 2677/2677/2677 2678/2678/2678 2679/2679/2679
f 2679/2679/2679 2678/2678/2678 2680/2680/2680
f 2679/2679/2679 2680/2680/2680 2681/2681/2681
f 2681/2681/2681 2680/2680/2680 2682/2682/2682
f 2681/2681/2681 2682/2682/2682 2683/2683/2683
f 2683/2683/2683 2682/2682/2682 2684/2684/2684
f 2683/2683/2683 2684/2684/2684 2685/2685/2685
f 2685/2685/2685 2684/2684/2684 2686/2686/2686
f 2685/2685/2685 2686/2686/2686 2687/2687/2687
f 2687/2687/2687 2686/2686/2686 2688/2688/2688
f 2687/2687/2687 2688/2688/2688 2689/2689/2689
f 2690/2690/2690 2691/2691/2691 2692/2692/2692
f 2689/2689/2689 2693/2693/2693 2694/2694/2694
f 2694/2694/2694 2693/2693/2693 2695/2695/2695
f 2694/2694/2694 2695/2695/2695 2696/2696/2696
f 2696/2696/2696 2695/2695/2695 2697/2697/2697
f 2698/2698/2698 2699/2699/2699 2700/2700/2700
f 2701/2701/2701 2702/2702/2702 2703/2703/2703
f 2701/2701/2701 2703/2703/2703 2704/2704/2704
f 2705/2705/2705 2706/2706/2706 2707/2707/2707
f 2705/2705/2705 2707/2707/2707 2708/2708/2708
f 2708/2708/2708 2707/2707/2707 2709/2709/2709
f 2708/2708/2708 2709/2709/2709 2710/2710/2710
f 2711/2711/2711 2712/2712/2712 2713/2713/2713
f 2711/2711/2711 2713/2713/2713 2714/2714/2714
f 2715/2715/2715 2716/2716/2716 2717/2717/2717
f 2715/2715/2715 2717/2717/2717 2718/2718/2718
f 2710/2710/2710 2709/2709/2709 2719/2719/2719
f 2710/2710/2710 2719/2719/2719 2720/2720/2720
f 2721/2721/2721 2722/2722/2722 2723/2723/2723
f 2721/2721/2721 2723/2723/2723 2724/2724/2724
f 2725/2725/2725 2726/2726/2726 2716/2716/2716
f 2725/2725/2725 2716/2716/2716 2715/2715/2715
f 2712/2712/2712 2711/2711/2711 2722/2722/2722
f 2712/2712/2712 2722/2722/2722 2721/2721/2721
f 2727/2727/2727 2728/2728/2728 2729/2729/2729
f 2727/2727/2727 2729/2729/2729 2730/2730/2730
f 2724/2724/2724 2723/2723/2723 2731/2731/2731
f 2724/2724/2724 2731/2731/2731 2732/2732/2732
f 2718/2718/2718 2717/2717/2717 2728/2728/2728
f 2718/2718/2718 2728/2728/2728 2727/2727/2727
f 2704/2704/2704 2703/2703/2703 2733/2733/2733
f 2704/2704/2704 2733/2733/2733 2734/2734/2734
f 2730/2730/2730 2729/2729/2729 2735/2735/2735
f 2730/2730/2730 2735/2735/2735 2736/2736/2736
f 2734/2734/2734 2733/2733/2733 2737/2737/2737
f 2734/2734/2734 2737/2737/2737 2738/2738/2738
f 2720/2720/2720 2719/2719/2719 2739/2739/2739
f 2720/2720/2720 2739/2739/2739 2740/2740/2740
f 2732/2732/2732 2731/2731/2731 2741/2741/2741
f 2732/2732/2732 2741/2741/2741 2742/2742/2742
f 2743/2743/2743 2744/2744/2744 2745/2745/2745
f 2743/2743/2743 2745/2745/2745 2746/2746/2746
f 2738/2738/2738 2737/2737/2737 2747/2747/2747
f 2738/2738/2738 2747/2747/2747 2748/2748/2748
f 2740/2740/2740 2739/2739/2739 2744/2744/2744
f 2740/2740/2740 2744/2744/2744 2743/2743/2743
f 2742/2742/2742 2741/2741/2741 2749/2749/2749
f 2742/2742/2742 2749/2749/2749 2750/2750/2750
f 2751/2751/2751 2752/2752/2752 2753/2753/2753
f 2751/2751/2751 2753/2753/2753 2754/2754/2754
f 2750/2750/2750 2749/2749/2749 2755/2755/2755
f 2750/2750/2750 2755/2755/2755 2756/2756/2756
f 2736/2736/2736 2735/2735/2735 2752/2752/2752
f 2736/2736/2736 2752/2752/2752 2751/2751/2751
f 2748/2748/2748 2747/2747/2747 2757/2757/2757
f 2748/2748/2748 2757/2757/2757 2758/2758/2758
f 2758/2758/2758 2757/2757/2757 2759/2759/2759
f 2758/2758/2758 2759/2759/2759 2760/2760/2760
f 2746/2746/2746 2745/2745/2745 2761/2761/2761
f 2746/2746/2746 2761/2761/2761 2762/2762/2762
f 2763/2763/2763 2764/2764/2764 2765/2765/2765
f 2763/2763/2763 2765/2765/2765 2766/2766/2766
f 2755/2755/2755 2767/2767/2767 2768/2768/2768
f 2755/2755/2755 2768/2768/2768 2769/2769/2769
f 2760/2760/2760 2770/2770/2770 2771/2771/2771
f 2760/2760/2760 2771/2771/2771 2772/2772/2772
f 2766/2766/2766 2773/2773/2773 2774/2774/2774
f 2766/2766/2766 2774/2774/2774 2775/2775/2775
f 2756/2756/2756 2776/2776/2776 2777/2777/2777
f 2756/2756/2756 2777/2777/2777 2778/2778/2778
f 2765/2765/2765 2779/2779/2779 2780/2780/2780
f 2765/2765/2765 2780/2780/2780 2781/2781/2781
f 2753/2753/2753 2782/2782/2782 2783/2783/2783
f 2753/2753/2753 2783/2783/2783 2784/2784/2784
f 2762/2762/2762 2785/2785/2785 2786/2786/2786
f 2762/2762/2762 2786/2786/2786 2787/2787/2787
f 2763/2763/2763 2788/2788/2788 2789/2789/2789
f 2763/2763/2763 2789/2789/2789 2790/2790/2790
f 2759/2759/2759 2791/2791/2791 2792/2792/2792
f 2759/2759/2759 2792/2792/2792 2793/2793/2793
f 2761/2761/2761 2794/2794/2794 2795/2795/2795
f 2761/2761/2761 2795/2795/2795 2796/2796/2796
f 2754/2754/2754 2797/2797/2797 2798/2798/2798
f 2754/2754/2754 2798/2798/2798 2799/2799/2799
f 2764/2764/2764 2800/2800/2800 2801/2801/2801
f 2764/2764/2764 2801/2801/2801 2802/2802/2802
f 2803/2803/2803 2701/2701/2701 2804/2804/2804
f 2803/2803/2803 2804/2804/2804 2805/2805/2805
f 2806/2806/2806 2807/2807/2807 2711/2711/2711
f 2806/2806/2806 2711/2711/2711 2714/2714/2714
f 2716/2716/2716 2726/2726/2726 2808/2808/2808
f 2716/2716/2716 2808/2808/2808 2809/2809/2809
f 2810/2810/2810 2811/2811/2811 2713/2713/2713
f 2810/2810/2810 2713/2713/2713 2712/2712/2712
f 2702/2702/2702 2812/2812/2812 2813/2813/2813
f 2702/2702/2702 2813/2813/2813 2814/2814/2814
f 2815/2815/2815 2816/2816/2816 2705/2705/2705
f 2815/2815/2815 2705/2705/2705 2708/2708/2708
f 2725/2725/2725 2715/2715/2715 2817/2817/2817
f 2725/2725/2725 2817/2817/2817 2818/2818/2818
f 2819/2819/2819 2820/2820/2820 2707/2707/2707
f 2819/2819/2819 2707/2707/2707 2706/2706/2706
f 2712/2712/2712 2721/2721/2721 2821/2821/2821
f 2712/2712/2712 2821/2821/2821 2810/2810/2810
f 2809/2809/2809 2822/2822/2822 2717/2717/2717
f 2809/2809/2809 2717/2717/2717 2716/2716/2716
f 2709/2709/2709 2707/2707/2707 2820/2820/2820
f 2709/2709/2709 2820/2820/2820 2823/2823/2823
f 2824/2824/2824 2817/2817/2817 2715/2715/2715
f 2824/2824/2824 2715/2715/2715 2718/2718/2718
f 2703/2703/2703 2702/2702/2702 2814/2814/2814
f 2703/2703/2703 2814/2814/2814 2825/2825/2825
f 2826/2826/2826 2815/2815/2815 2708/2708/2708
f 2826/2826/2826 2708/2708/2708 2710/2710/2710
f 2701/2701/2701 2704/2704/2704 2827/2827/2827
f 2701/2701/2701 2827/2827/2827 2828/2828/2828
f 2829/2829/2829 2830/2830/2830 2722/2722/2722
f 2829/2829/2829 2722/2722/2722 2711/2711/2711
f 2721/2721/2721 2724/2724/2724 2831/2831/2831
f 2721/2721/2721 2831/2831/2831 2821/2821/2821
f 2822/2822/2822 2832/2832/2832 2728/2728/2728
f 2822/2822/2822 2728/2728/2728 2717/2717/2717
f 2719/2719/2719 2709/2709/2709 2823/2823/2823
f 2719/2719/2719 2823/2823/2823 2833/2833/2833
f 2834/2834/2834 2824/2824/2824 2718/2718/2718
f 2834/2834/2834 2718/2718/2718 2727/2727/2727
f 2733/2733/2733 2703/2703/2703 2825/2825/2825
f 2733/2733/2733 2825/2825/2825 2835/2835/2835
f 2836/2836/2836 2826/2826/2826 2710/2710/2710
f 2836/2836/2836 2710/2710/2710 2720/2720/2720
f 2723/2723/2723 2722/2722/2722 2830/2830/2830
f 2723/2723/2723 2830/2830/2830 2837/2837/2837
f 2838/2838/2838 2827/2827/2827 2704/2704/2704
f 2838/2838/2838 2704/2704/2704 2734/2734/2734
f 2720/2720/2720 2740/2740/2740 2839/2839/2839
f 2720/2720/2720 2839/2839/2839 2836/2836/2836
f 2835/2835/2835 2840/2840/2840 2737/2737/2737
f 2835/2835/2835 2737/2737/2737 2733/2733/2733
f 2731/2731/2731 2723/2723/2723 2837/2837/2837
f 2731/2731/2731 2837/2837/2837 2841/2841/2841
f 2842/2842/2842 2838/2838/2838 2734/2734/2734
f 2842/2842/2842 2734/2734/2734 2738/2738/2738
f 2729/2729/2729 2728/2728/2728 2832/2832/2832
f 2729/2729/2729 2832/2832/2832 2843/2843/2843
f 2844/2844/2844 2831/2831/2831 2724/2724/2724
f 2844/2844/2844 2724/2724/2724 2732/2732/2732
f 2739/2739/2739 2719/2719/2719 2833/2833/2833
f 2739/2739/2739 2833/2833/2833 2845/2845/2845
f 2846/2846/2846 2834/2834/2834 2727/2727/2727
f 2846/2846/2846 2727/2727/2727 2730/2730/2730
f 2740/2740/2740 2743/2743/2743 2847/2847/2847
f 2740/2740/2740 2847/2847/2847 2839/2839/2839
f 2840/2840/2840 2848/2848/2848 2747/2747/2747
f 2840/2840/2840 2747/2747/2747 2737/2737/2737
f 2741/2741/2741 2731/2731/2731 2841/2841/2841
f 2741/2741/2741 2841/2841/2841 2849/2849/2849
f 2850/2850/2850 2842/2842/2842 2738/2738/2738
f 2850/2850/2850 2738/2738/2738 2748/2748/2748
f 2735/2735/2735 2729/2729/2729 2843/2843/2843
f 2735/2735/2735 2843/2843/2843 2851/2851/2851
f 2852/2852/2852 2844/2844/2844 2732/2732/2732
f 2852/2852/2852 2732/2732/2732 2742/2742/2742
f 2744/2744/2744 2739/2739/2739 2845/2845/2845
f 2744/2744/2744 2845/2845/2845 2853/2853/2853
f 2854/2854/2854 2846/2846/2846 2730/2730/2730
f 2854/2854/2854 2730/2730/2730 2736/2736/2736
f 2742/2742/2742 2750/2750/2750 2855/2855/2855
f 2742/2742/2742 2855/2855/2855 2852/2852/2852
f 2851/2851/2851 2856/2856/2856 2752/2752/2752
f 2851/2851/2851 2752/2752/2752 2735/2735/2735
f 2745/2745/2745 2744/2744/2744 2853/2853/2853
f 2745/2745/2745 2853/2853/2853 2857/2857/2857
f 2858/2858/2858 2854/2854/2854 2736/2736/2736
f 2858/2858/2858 2736/2736/2736 2751/2751/2751
f 2757/2757/2757 2747/2747/2747 2848/2848/2848
f 2757/2757/2757 2848/2848/2848 2859/2859/2859
f 2860/2860/2860 2847/2847/2847 2743/2743/2743
f 2860/2860/2860 2743/2743/2743 2746/2746/2746
f 2749/2749/2749 2741/2741/2741 2849/2849/2849
f 2749/2749/2749 2849/2849/2849 2861/2861/2861
f 2862/2862/2862 2850/2850/2850 2748/2748/2748
f 2862/2862/2862 2748/2748/2748 2758/2758/2758
f 2766/2766/2766 2765/2765/2765 2781/2781/2781
f 2766/2766/2766 2781/2781/2781 2773/2773/2773
f 2769/2769/2769 2776/2776/2776 2756/2756/2756
f 2769/2769/2769 2756/2756/2756 2755/2755/2755
f 2764/2764/2764 2763/2763/2763 2790/2790/2790
f 2764/2764/2764 2790/2790/2790 2800/2800/2800
f 2796/2796/2796 2785/2785/2785 2762/2762/2762
f 2796/2796/2796 2762/2762/2762 2761/2761/2761
f 2760/2760/2760 2759/2759/2759 2793/2793/2793
f 2760/2760/2760 2793/2793/2793 2770/2770/2770
f 2775/2775/2775 2788/2788/2788 2763/2763/2763
f 2775/2775/2775 2763/2763/2763 2766/2766/2766
f 2754/2754/2754 2753/2753/2753 2784/2784/2784
f 2754/2754/2754 2784/2784/2784 2797/2797/2797
f 2802/2802/2802 2779/2779/2779 2765/2765/2765
f 2802/2802/2802 2765/2765/2765 2764/2764/2764
f 2746/2746/2746 2762/2762/2762 2787/2787/2787
f 2746/2746/2746 2787/2787/2787 2860/2860/2860
f 2859/2859/2859 2791/2791/2791 2759/2759/2759
f 2859/2859/2859 2759/2759/2759 2757/2757/2757
f 2755/2755/2755 2749/2749/2749 2861/2861/2861
f 2755/2755/2755 2861/2861/2861 2767/2767/2767
f 2772/2772/2772 2862/2862/2862 2758/2758/2758
f 2772/2772/2772 2758/2758/2758 2760/2760/2760
f 2753/2753/2753 2752/2752/2752 2856/2856/2856
f 2753/2753/2753 2856/2856/2856 2782/2782/2782
f 2778/2778/2778 2855/2855/2855 2750/2750/2750
f 2778/2778/2778 2750/2750/2750 2756/2756/2756
f 2761/2761/2761 2745/2745/2745 2857/2857/2857
f 2761/2761/2761 2857/2857/2857 2794/2794/2794
f 2799/2799/2799 2858/2858/2858 2751/2751/2751
f 2799/2799/2799 2751/2751/2751 2754/2754/2754
f 2803/2803/2803 2812/2812/2812 2702/2702/2702
f 2803/2803/2803 2702/2702/2702 2701/2701/2701
f 2863/2863/2863 2864/2864/2864 2865/2865/2865
f 2864/2864/2864 2863/2863/2863 2866/2866/2866
f 2866/2866/2866 2863/2863/2863 2867/2867/2867
f 2866/2866/2866 2867/2867/2867 2868/2868/2868
f 2869/2869/2869 2870/2870/2870 2871/2871/2871
f 2869/2869/2869 2871/2871/2871 2872/2872/2872
f 2873/2873/2873 2874/2874/2874 2875/2875/2875
f 2876/2876/2876 2877/2877/2877 2878/2878/2878
f 2879/2879/2879 2880/2880/2880 2881/2881/2881
f 2879/2879/2879 2881/2881/2881 2882/2882/2882
f 2883/2883/2883 2884/2884/2884 2885/2885/2885
f 2886/2886/2886 2887/2887/2887 2888/2888/2888
f 2889/2889/2889 2890/2890/2890 2891/2891/2891
f 2889/2889/2889 2891/2891/2891 2892/2892/2892
f 2892/2892/2892 2891/2891/2891 2893/2893/2893
f 2892/2892/2892 2893/2893/2893 2894/2894/2894
f 2894/2894/2894 2893/2893/2893 2895/2895/2895
f 2894/2894/2894 2895/2895/2895 2896/2896/2896
f 2896/2896/2896 2895/2895/2895 2897/2897/2897
f 2896/2896/2896 2897/2897/2897 2898/2898/2898
f 2898/2898/2898 2897/2897/2897 2899/2899/2899
f 2898/2898/2898 2899/2899/2899 2900/2900/2900
f 2900/2900/2900 2899/2899/2899 2901/2901/2901
f 2900/2900/2900 2901/2901/2901 2902/2902/2902
f 2902/2902/2902 2901/2901/2901 2903/2903/2903
f 2902/2902/2902 2903/2903/2903 2904/2904/2904
f 2904/2904/2904 2903/2903/2903 2905/2905/2905
f 2904/2904/2904 2905/2905/2905 2906/2906/2906
f 2906/2906/2906 2905/2905/2905 2907/2907/2907
f 2906/2906/2906 2907/2907/2907 2908/2908/2908
f 2908/2908/2908 2907/2907/2907 2909/2909/2909
f 2908/2908/2908 2909/2909/2909 2910/2910/2910
f 2910/2910/2910 2909/2909/2909 2911/2911/2911
f 2910/2910/2910 2911/2911/2911 2912/2912/2912
f 2912/2912/2912 2911/2911/2911 2913/2913/2913
f 2912/2912/2912 2913/2913/2913 2914/2914/2914
f 2914/2914/2914 2913/2913/2913 2915/2915/2915
f 2914/2914/2914 2915/2915/2915 2916/2916/2916
f 2916/2916/2916 2915/2915/2915 2917/2917/2917
f 2916/2916/2916 2917/2917/2917 2918/2918/2918
f 2918/2918/2918 2917/2917/2917 2919/2919/2919
f 2918/2918/2918 2919/2919/2919 2920/2920/2920
f 2920/2920/2920 2919/2919/2919 2921/2921/2921
f 2920/2920/2920 2921/2921/2921 2922/2922/2922
f 2922/2922/2922 2921/2921/2921 2923/2923/2923
f 2922/2922/2922 2923/2923/2923 2924/2924/2924
f 2924/2924/2924 2923/2923/2923 2925/2925/2925
f 2924/2924/2924 2925/2925/2925 2926/2926/2926
f 2926/2926/2926 2925/2925/2925 2927/2927/2927
f 2926/2926/2926 2927/2927/2927 2928/2928/2928
f 2928/2928/2928 2927/2927/2927 2929/2929/2929
f 2928/2928/2928 2929/2929/2929 2930/2930/2930
f 2930/2930/2930 2929/2929/2929 2931/2931/2931
f 2930/2930/2930 2931/2931/2931 2932/2932/2932
f 2932/2932/2932 2931/2931/2931 2933/2933/2933
f 2932/2932/2932 2933/2933/2933 2934/2934/2934
f 2934/2934/2934 2933/2933/2933 2935/2935/2935
f 2934/2934/2934 2935/2935/2935 2936/2936/2936
f 2936/2936/2936 2935/2935/2935 2937/2937/2937
f 2936/2936/2936 2937/2937/2937 2938/2938/2938
f 2938/2938/2938 2937/2937/2937 2939/2939/2939
f 2938/2938/2938 2939/2939/2939 2940/2940/2940
f 2940/2940/2940 2939/2939/2939 2941/2941/2941
f 2940/2940/2940 2941/2941/2941 2942/2942/2942
f 2942/2942/2942 2941/2941/2941 2943/2943/2943
f 2942/2942/2942 2943/2943/2943 2944/2944/2944
f 2944/2944/2944 2943/2943/2943 2945/2945/2945
f 2944/2944/2944 2945/2945/2945 2946/2946/2946
f 2946/2946/2946 2945/2945/2945 2947/2947/2947
f 2946/2946/2946 2947/2947/2947 2948/2948/2948
f 2948/2948/2948 2947/2947/2947 2949/2949/2949
f 2948/2948/2948 2949/2949/2949 2950/2950/2950
f 2950/2950/2950 2949/2949/2949 2951/2951/2951
f 2950/2950/2950 2951/2951/2951 2952/2952/2952
f 2952/2952/2952 2951/2951/2951 2953/2953/2953
f 2952/2952/2952 2953/2953/2953 2954/2954/2954
f 2955/2955/2955 2956/2956/2956 2957/2957/2957
f 2955/2955/2955 2957/2957/2957 2958/2958/2958
f 2959/2959/2959 2960/2960/2960 2956/2956/2956
f 2959/2959/2959 2956/2956/2956 2955/2955/2955
f 2961/2961/2961 2962/2962/2962 2960/2960/2960
f 2961/2961/2961 2960/2960/2960 2959/2959/2959
f 2963/2963/2963 2964/2964/2964 2962/2962/2962
f 2963/2963/2963 2962/2962/2962 2961/2961/2961
f 2965/2965/2965 2964/2964/2964 2963/2963/2963
f 2965/2965/2965 2963/2963/2963 2966/2966/2966
f 2967/2967/2967 2965/2965/2965 2966/2966/2966
f 2967/2967/2967 2966/2966/2966 2968/2968/2968
f 2969/2969/2969 2967/2967/2967 2968/2968/2968
f 2969/2969/2969 2968/2968/2968 2970/2970/2970
f 2971/2971/2971 2969/2969/2969 2970/2970/2970
f 2971/2971/2971 2970/2970/2970 2972/2972/2972
f 2973/2973/2973 2971/2971/2971 2972/2972/2972
f 2973/2973/2973 2972/2972/2972 2974/2974/2974
f 2975/2975/2975 2973/2973/2973 2974/2974/2974
f 2975/2975/2975 2974/2974/2974 2976/2976/2976
f 2977/2977/2977 2975/2975/2975 2976/2976/2976
f 2977/2977/2977 2976/2976/2976 2978/2978/2978
f 2979/2979/2979 2977/2977/2977 2978/2978/2978
f 2979/2979/2979 2978/2978/2978 2980/2980/2980
f 2981/2981/2981 2979/2979/2979 2980/2980/2980
f 2981/2981/2981 2980/2980/2980 2982/2982/2982
f 2983/2983/2983 2981/2981/2981 2982/2982/2982
f 2983/2983/2983 2982/2982/2982 2984/2984/2984
f 2985/2985/2985 2983/2983/2983 2984/2984/2984
f 2985/2985/2985 2984/2984/2984 2986/2986/2986
f 2987/2987/2987 2985/2985/2985 2986/2986/2986
f 2987/2987/2987 2986/2986/2986 2988/2988/2988
f 2989/2989/2989 2987/2987/2987 2988/2988/2988
f 2989/2989/2989 2988/2988/2988 2990/2990/2990
f 2991/2991/2991 2989/2989/2989 2990/2990/2990
f 2991/2991/2991 2990/2990/2990 2992/2992/2992
f 2993/2993/2993 2991/2991/2991 2992/2992/2992
f 2993/2993/2993 2992/2992/2992 2994/2994/2994
f 2995/2995/2995 2993/2993/2993 2994/2994/2994
f 2995/2995/2995 2994/2994/2994 2996/2996/2996
f 2997/2997/2997 2998/2998/2998 2995/2995/2995
f 2997/2997/2997 2995/2995/2995 2996/2996/2996
f 2999/2999/2999 3000/3000/3000 2998/2998/2998
f 2999/2999/2999 2998/2998/2998 2997/2997/2997
f 3001/3001/3001 3002/3002/3002 3000/3000/3000
f 3001/3001/3001 3000/3000/3000 2999/2999/2999
f 3003/3003/3003 3004/3004/3004 3002/3002/3002
f 3003/3003/3003 3002/3002/3002 3001/3001/3001
f 3005/3005/3005 3006/3006/3006 3004/3004/3004
f 3005/3005/3005 3004/3004/3004 3003/3003/3003
f 3007/3007/3007 3008/3008/3008 3006/3006/3006
f 3007/3007/3007 3006/3006/3006 3005/3005/3005
f 3009/3009/3009 3010/3010/3010 3008/3008/3008
f 3009/3009/3009 3008/3008/3008 3007/3007/3007
f 3011/3011/3011 3012/3012/3012 3010/3010/3010
f 3011/3011/3011 3010/3010/3010 3009/3009/3009
f 3013/3013/3013 3014/3014/3014 3012/3012/3012
f 3013/3013/3013 3012/3012/3012 3011/3011/3011
f 3015/3015/3015 3016/3016/3016 3014/3014/3014
f 3015/3015/3015 3014/3014/3014 3013/3013/3013
f 3017/3017/3017 3018/3018/3018 3016/3016/3016
f 3017/3017/3017 3016/3016/3016 3015/3015/3015
f 3019/3019/3019 3020/3020/3020 3018/3018/3018
f 3019/3019/3019 3018/3018/3018 3017/3017/3017
f 3021/3021/3021 3022/3022/3022 3023/3023/3023
f 3021/3021/3021 3023/3023/3023 3024/3024/3024
f 3025/3025/3025 3026/3026/3026 3027/3027/3027
f 3025/3025/3025 3027/3027/3027 3028/3028/3028
f 3029/3029/3029 3030/3030/3030 3031/3031/3031
f 3029/3029/3029 3031/3031/3031 3032/3032/3032
f 3033/3033/3033 3034/3034/3034 3035/3035/3035
f 3033/3033/3033 3035/3035/3035 3036/3036/3036
f 3037/3037/3037 3038/3038/3038 3039/3039/3039
f 3037/3037/3037 3039/3039/3039 3040/3040/3040
f 3041/3041/3041 3031/3031/3031 3030/3030/3030
f 3041/3041/3041 3030/3030/3030 3042/3042/3042
f 3023/3023/3023 3022/3022/3022 3043/3043/3043
f 3023/3023/3023 3043/3043/3043 3044/3044/3044
f 3045/3045/3045 3035/3035/3035 3034/3034/3034
f 3045/3045/3045 3034/3034/3034 3046/3046/3046
f 3027/3027/3027 3026/3026/3026 3047/3047/3047
f 3027/3027/3027 3047/3047/3047 3048/3048/3048
f 3049/3049/3049 3050/3050/3050 3051/3051/3051
f 3049/3049/3049 3051/3051/3051 3052/3052/3052
f 3053/3053/3053 3054/3054/3054 3050/3050/3050
f 3053/3053/3053 3050/3050/3050 3049/3049/3049
f 3055/3055/3055 3056/3056/3056 3054/3054/3054
f 3055/3055/3055 3054/3054/3054 3053/3053/3053
f 3057/3057/3057 3058/3058/3058 3056/3056/3056
f 3057/3057/3057 3056/3056/3056 3055/3055/3055
f 3059/3059/3059 3060/3060/3060 3058/3058/3058
f 3059/3059/3059 3058/3058/3058 3057/3057/3057
f 3061/3061/3061 3062/3062/3062 3060/3060/3060
f 3061/3061/3061 3060/3060/3060 3059/3059/3059
f 3063/3063/3063 3064/3064/3064 3062/3062/3062
f 3063/3063/3063 3062/3062/3062 3061/3061/3061
f 3065/3065/3065 3066/3066/3066 3067/3067/3067
f 3065/3065/3065 3067/3067/3067 3068/3068/3068
f 3068/3068/3068 3067/3067/3067 3069/3069/3069
f 3068/3068/3068 3069/3069/3069 3070/3070/3070
f 3070/3070/3070 3069/3069/3069 3071/3071/3071
f 3070/3070/3070 3071/3071/3071 3072/3072/3072
f 3072/3072/3072 3071/3071/3071 3073/3073/3073
f 3072/3072/3072 3073/3073/3073 3074/3074/3074
f 3075/3075/3075 3076/3076/3076 3074/3074/3074
f 3075/3075/3075 3074/3074/3074 3073/3073/3073
f 3077/3077/3077 3078/3078/3078 3076/3076/3076
f 3077/3077/3077 3076/3076/3076 3075/3075/3075
f 3079/3079/3079 3080/3080/3080 3078/3078/3078
f 3079/3079/3079 3078/3078/3078 3077/3077/3077
f 3081/3081/3081 3082/3082/3082 3083/3083/3083
f 3081/3081/3081 3083/3083/3083 3084/3084/3084
f 3085/3085/3085 3086/3086/3086 3087/3087/3087
f 3085/3085/3085 3087/3087/3087 3088/3088/3088
f 3089/3089/3089 3090/3090/3090 3091/3091/3091
f 3089/3089/3089 3091/3091/3091 3092/3092/3092
f 3093/3093/3093 3094/3094/3094 3095/3095/3095
f 3093/3093/3093 3095/3095/3095 3096/3096/3096
f 3081/3081/3081 3084/3084/3084 3097/3097/3097
f 3081/3081/3081 3097/3097/3097 3098/3098/3098
f 3099/3099/3099 3100/3100/3100 3101/3101/3101
f 3099/3099/3099 3101/3101/3101 3102/3102/3102
f 3103/3103/3103 3104/3104/3104 3105/3105/3105
f 3103/3103/3103 3105/3105/3105 3106/3106/3106
f 3089/3089/3089 3092/3092/3092 3107/3107/3107
f 3089/3089/3089 3107/3107/3107 3108/3108/3108
f 3093/3093/3093 3096/3096/3096 3109/3109/3109
f 3093/3093/3093 3109/3109/3109 3110/3110/3110
f 3085/3085/3085 3088/3088/3088 3111/3111/3111
f 3085/3085/3085 3111/3111/3111 3112/3112/3112
f 3113/3113/3113 3114/3114/3114 3115/3115/3115
f 3113/3113/3113 3115/3115/3115 3116/3116/3116
f 3117/3117/3117 3118/3118/3118 3119/3119/3119
f 3117/3117/3117 3119/3119/3119 3120/3120/3120
f 3121/3121/3121 3122/3122/3122 3123/3123/3123
f 3121/3121/3121 3123/3123/3123 3124/3124/3124
f 3124/3124/3124 3123/3123/3123 3125/3125/3125
f 3124/3124/3124 3125/3125/3125 3126/3126/3126
f 3126/3126/3126 3125/3125/3125 3127/3127/3127
f 3126/3126/3126 3127/3127/3127 3128/3128/3128
f 3128/3128/3128 3127/3127/3127 3129/3129/3129
f 3128/3128/3128 3129/3129/3129 3130/3130/3130
f 3130/3130/3130 3129/3129/3129 3131/3131/3131
f 3130/3130/3130 3131/3131/3131 3132/3132/3132
f 3132/3132/3132 3131/3131/3131 3133/3133/3133
f 3132/3132/3132 3133/3133/3133 3134/3134/3134
f 3134/3134/3134 3133/3133/3133 3135/3135/3135
f 3134/3134/3134 3135/3135/3135 3136/3136/3136
f 3136/3136/3136 3135/3135/3135 3137/3137/3137
f 3136/3136/3136 3137/3137/3137 3138/3138/3138
f 3138/3138/3138 3137/3137/3137 3139/3139/3139
f 3138/3138/3138 3139/3139/3139 3140/3140/3140
f 3140/3140/3140 3139/3139/3139 3141/3141/3141
f 3140/3140/3140 3141/3141/3141 3142/3142/3142
f 3142/3142/3142 3141/3141/3141 3143/3143/3143
f 3142/3142/3142 3143/3143/3143 3144/3144/3144
f 3144/3144/3144 3143/3143/3143 3145/3145/3145
f 3144/3144/3144 3145/3145/3145 3146/3146/3146
f 3146/3146/3146 3145/3145/3145 3147/3147/3147
f 3146/3146/3146 3147/3147/3147 3148/3148/3148
f 3148/3148/3148 3147/3147/3147 3149/3149/3149
f 3148/3148/3148 3149/3149/3149 3150/3150/3150
f 3150/3150/3150 3149/3149/3149 3151/3151/3151
f 3150/3150/3150 3151/3151/3151 3152/3152/3152
f 3152/3152/3152 3151/3151/3151 3153/3153/3153
f 3152/3152/3152 3153/3153/3153 3154/3154/3154
f 3154/3154/3154 3153/3153/3153 3155/3155/3155
f 3154/3154/3154 3155/3155/3155 3156/3156/3156
f 3156/3156/3156 3155/3155/3155 3157/3157/3157
f 3156/3156/3156 3157/3157/3157 3158/3158/3158
f 3158/3158/3158 3157/3157/3157 3159/3159/3159
f 3158/3158/3158 3159/3159/3159 3160/3160/3160
f 3160/3160/3160 3159/3159/3159 3161/3161/3161
f 3160/3160/3160 3161/3161/3161 3162/3162/3162
f 3162/3162/3162 3161/3161/3161 3163/3163/3163
f 3162/3162/3162 3163/3163/3163 3164/3164/3164
f 3164/3164/3164 3163/3163/3163 3165/3165/3165
f 3164/3164/3164 3165/3165/3165 3166/3166/3166
f 3166/3166/3166 3165/3165/3165 3167/3167/3167
f 3166/3166/3166 3167/3167/3167 3168/3168/3168
f 3168/3168/3168 3167/3167/3167 3169/3169/3169
f 3168/3168/3168 3169/3169/3169 3170/3170/3170
f 3170/3170/3170 3169/3169/3169 3171/3171/3171
f 3170/3170/3170 3171/3171/3171 3172/3172/3172
f 3172/3172/3172 3171/3171/3171 3173/3173/3173
f 3172/3172/3172 3173/3173/3173 3174/3174/3174
f 3174/3174/3174 3173/3173/3173 3175/3175/3175
f 3174/3174/3174 3175/3175/3175 3176/3176/3176
f 3176/3176/3176 3175/3175/3175 3177/3177/3177
f 3176/3176/3176 3177/3177/3177 3178/3178/3178
f 3178/3178/3178 3177/3177/3177 3179/3179/3179
f 3178/3178/3178 3179/3179/3179 3180/3180/3180
f 3180/3180/3180 3179/3179/3179 3181/3181/3181
f 3180/3180/3180 3181/3181/3181 3182/3182/3182
f 3182/3182/3182 3181/3181/3181 3183/3183/3183
f 3182/3182/3182 3183/3183/3183 3184/3184/3184
f 3184/3184/3184 3183/3183/3183 3185/3185/3185
f 3184/3184/3184 3185/3185/3185 3186/3186/3186
f 3187/3187/3187 3188/3188/3188 3189/3189/3189
f 3187/3187/3187 3189/3189/3189 3190/3190/3190
f 3191/3191/3191 3192/3192/3192 3188/3188/3188
f 3191/3191/3191 3188/3188/3188 3187/3187/3187
f 3193/3193/3193 3194/3194/3194 3192/3192/3192
f 3193/3193/3193 3192/3192/3192 3191/3191/3191
f 3195/3195/3195 3196/3196/3196 3194/3194/3194
f 3195/3195/3195 3194/3194/3194 3193/3193/3193
f 3197/3197/3197 3196/3196/3196 3195/3195/3195
f 3197/3197/3197 3195/3195/3195 3198/3198/3198
f 3199/3199/3199 3197/3197/3197 3198/3198/3198
f 3199/3199/3199 3198/3198/3198 3200/3200/3200
f 3201/3201/3201 3199/3199/3199 3200/3200/3200
f 3201/3201/3201 3200/3200/3200 3202/3202/3202
f 3203/3203/3203 3201/3201/3201 3202/3202/3202
f 3203/3203/3203 3202/3202/3202 3204/3204/3204
f 3205/3205/3205 3203/3203/3203 3204/3204/3204
f 3205/3205/3205 3204/3204/3204 3206/3206/3206
f 3207/3207/3207 3205/3205/3205 3206/3206/3206
f 3207/3207/3207 3206/3206/3206 3208/3208/3208
f 3209/3209/3209 3207/3207/3207 3208/3208/3208
f 3209/3209/3209 3208/3208/3208 3210/3210/3210
f 3211/3211/3211 3209/3209/3209 3210/3210/3210
f 3211/3211/3211 3210/3210/3210 3212/3212/3212
f 3213/3213/3213 3211/3211/3211 3212/3212/3212
f 3213/3213/3213 3212/3212/3212 3214/3214/3214
f 3215/3215/3215 3213/3213/3213 3214/3214/3214
f 3215/3215/3215 3214/3214/3214 3216/3216/3216
f 3217/3217/3217 3215/3215/3215 3216/3216/3216
f 3217/3217/3217 3216/3216/3216 3218/3218/3218
f 3219/3219/3219 3217/3217/3217 3218/3218/3218
f 3219/3219/3219 3218/3218/3218 3220/3220/3220
f 3221/3221/3221 3219/3219/3219 3220/3220/3220
f 3221/3221/3221 3220/3220/3220 3222/3222/3222
f 3223/3223/3223 3221/3221/3221 3222/3222/3222
f 3223/3223/3223 3222/3222/3222 3224/3224/3224
f 3225/3225/3225 3223/3223/3223 3224/3224/3224
f 3225/3225/3225 3224/3224/3224 3226/3226/3226
f 3227/3227/3227 3225/3225/3225 3226/3226/3226
f 3227/3227/3227 3226/3226/3226 3228/3228/3228
f 3229/3229/3229 3230/3230/3230 3227/3227/3227
f 3229/3229/3229 3227/3227/3227 3228/3228/3228
f 3231/3231/3231 3232/3232/3232 3230/3230/3230
f 3231/3231/3231 3230/3230/3230 3229/3229/3229
f 3233/3233/3233 3234/3234/3234 3232/3232/3232
f 3233/3233/3233 3232/3232/3232 3231/3231/3231
f 3235/3235/3235 3236/3236/3236 3234/3234/3234
f 3235/3235/3235 3234/3234/3234 3233/3233/3233
f 3237/3237/3237 3238/3238/3238 3236/3236/3236
f 3237/3237/3237 3236/3236/3236 3235/3235/3235
f 3239/3239/3239 3240/3240/3240 3238/3238/3238
f 3239/3239/3239 3238/3238/3238 3237/3237/3237
f 3241/3241/3241 3242/3242/3242 3240/3240/3240
f 3241/3241/3241 3240/3240/3240 3239/3239/3239
f 3243/3243/3243 3244/3244/3244 3242/3242/3242
f 3243/3243/3243 3242/3242/3242 3241/3241/3241
f 3245/3245/3245 3246/3246/3246 3244/3244/3244
f 3245/3245/3245 3244/3244/3244 3243/3243/3243
f 3247/3247/3247 3248/3248/3248 3246/3246/3246
f 3247/3247/3247 3246/3246/3246 3245/3245/3245
f 3249/3249/3249 3250/3250/3250 3248/3248/3248
f 3249/3249/3249 3248/3248/3248 3247/3247/3247
f 3251/3251/3251 3252/3252/3252 3250/3250/3250
f 3251/3251/3251 3250/3250/3250 3249/3249/3249
f 3253/3253/3253 3254/3254/3254 3255/3255/3255
f 3254/3254/3254 3253/3253/3253 3256/3256/3256
f 3254/3254/3254 3256/3256/3256 3257/3257/3257
f 3257/3257/3257 3256/3256/3256 3258/3258/3258
f 3257/3257/3257 3258/3258/3258 3259/3259/3259
f 3259/3259/3259 3258/3258/3258 3260/3260/3260
f 3260/3260/3260 3258/3258/3258 3261/3261/3261
f 3261/3261/3261 3258/3258/3258 3262/3262/3262
f 3263/3263/3263 3264/3264/3264 3265/3265/3265
f 3266/3266/3266 3267/3267/3267 3268/3268/3268
f 3269/3269/3269 3262/3262/3262 3270/3270/3270
f 3271/3271/3271 3272/3272/3272 3273/3273/3273
f 3274/3274/3274 3275/3275/3275 3276/3276/3276
f 3277/3277/3277 3270/3270/3270 3278/3278/3278
f 3279/3279/3279 3280/3280/3280 3281/3281/3281
f 3282/3282/3282 3278/3278/3278 3283/3283/3283
f 3284/3284/3284 3285/3285/3285 3286/3286/3286
f 3287/3287/3287 3283/3283/3283 3288/3288/3288
f 3287/3287/3287 3288/3288/3288 3289/3289/3289
f 3289/3289/3289 3288/3288/3288 3290/3290/3290
f 3291/3291/3291 3292/3292/3292 3293/3293/3293
f 3294/3294/3294 3290/3290/3290 3295/3295/3295
f 3296/3296/3296 3297/3297/3297 3298/3298/3298
f 3299/3299/3299 3300/3300/3300 3301/3301/3301
f 3302/3302/3302 3303/3303/3303 3304/3304/3304
f 3305/3305/3305 3306/3306/3306 3307/3307/3307
f 3308/3308/3308 3304/3304/3304 3309/3309/3309
f 3307/3307/3307 3310/3310/3310 3311/3311/3311
f 3312/3312/3312 3313/3313/3313 3314/3314/3314
f 3315/3315/3315 3310/3310/3310 3316/3316/3316
f 3315/3315/3315 3316/3316/3316 3317/3317/3317
f 3259/3259/3259 3318/3318/3318 3319/3319/3319
f 3318/3318/3318 3259/3259/3259 3260/3260/3260
f 3320/3320/3320 3321/3321/3321 3322/3322/3322
f 3323/3323/3323 3324/3324/3324 3325/3325/3325
f 3319/3319/3319 3326/3326/3326 3327/3327/3327
f 3328/3328/3328 3329/3329/3329 3330/3330/3330
f 3327/3327/3327 3331/3331/3331 3332/3332/3332
f 3327/3327/3327 3332/3332/3332 3333/3333/3333
f 3333/3333/3333 3332/3332/3332 3334/3334/3334
f 3333/3333/3333 3334/3334/3334 3335/3335/3335
f 3335/3335/3335 3334/3334/3334 3336/3336/3336
f 3335/3335/3335 3336/3336/3336 3337/3337/3337
f 3337/3337/3337 3336/3336/3336 3338/3338/3338
f 3337/3337/3337 3338/3338/3338 3339/3339/3339
f 3340/3340/3340 3341/3341/3341 3342/3342/3342
f 3343/3343/3343 3339/3339/3339 3344/3344/3344
f 3345/3345/3345 3346/3346/3346 3347/3347/3347
f 3348/3348/3348 3349/3349/3349 3350/3350/3350
f 3351/3351/3351 3352/3352/3352 3353/3353/3353
f 3354/3354/3354 3355/3355/3355 3356/3356/3356
f 3353/3353/3353 3357/3357/3357 3358/3358/3358
f 3359/3359/3359 3356/3356/3356 3360/3360/3360
f 3359/3359/3359 3360/3360/3360 3361/3361/3361
f 3359/3359/3359 3361/3361/3361 3362/3362/3362
f 3362/3362/3362 3361/3361/3361 3363/3363/3363
f 3317/3317/3317 3364/3364/3364 3315/3315/3315
f 3364/3364/3364 3317/3317/3317 3365/3365/3365
f 3366/3366/3366 3363/3363/3363 3361/3361/3361
f 3367/3367/3367 3368/3368/3368 3369/3369/3369
f 3363/3363/3363 3365/3365/3365 3317/3317/3317
f 3363/3363/3363 3317/3317/3317 3370/3370/3370
f 3363/3363/3363 3370/3370/3370 3371/3371/3371
f 3371/3371/3371 3370/3370/3370 3372/3372/3372
f 3373/3373/3373 3374/3374/3374 3375/3375/3375
f 3374/3374/3374 3373/3373/3373 3376/3376/3376
f 3374/3374/3374 3376/3376/3376 3377/3377/3377
f 3378/3378/3378 3379/3379/3379 3380/3380/3380
f 3381/3381/3381 3376/3376/3376 3382/3382/3382
f 3381/3381/3381 3382/3382/3382 3383/3383/3383
f 3383/3383/3383 3382/3382/3382 3384/3384/3384
f 3385/3385/3385 3386/3386/3386 3387/3387/3387
f 3388/3388/3388 3389/3389/3389 3390/3390/3390
f 3388/3388/3388 3390/3390/3390 3384/3384/3384
f 3388/3388/3388 3384/3384/3384 3382/3382/3382
f 3388/3388/3388 3382/3382/3382 3391/3391/3391
f 3388/3388/3388 3391/3391/3391 3392/3392/3392
f 3392/3392/3392 3391/3391/3391 3393/3393/3393
f 3392/3392/3392 3393/3393/3393 3394/3394/3394
f 3394/3394/3394 3393/3393/3393 3395/3395/3395
f 3396/3396/3396 3397/3397/3397 3398/3398/3398
f 3397/3397/3397 3396/3396/3396 3399/3399/3399
f 3397/3397/3397 3399/3399/3399 3400/3400/3400
f 3400/3400/3400 3399/3399/3399 3401/3401/3401
f 3400/3400/3400 3401/3401/3401 3402/3402/3402
f 3402/3402/3402 3401/3401/3401 3403/3403/3403
f 3403/3403/3403 3401/3401/3401 3404/3404/3404
f 3404/3404/3404 3401/3401/3401 3405/3405/3405
f 3404/3404/3404 3405/3405/3405 3406/3406/3406
f 3407/3407/3407 3408/3408/3408 3409/3409/3409
f 3410/3410/3410 3405/3405/3405 3411/3411/3411
f 3410/3410/3410 3411/3411/3411 3412/3412/3412
f 3413/3413/3413 3414/3414/3414 3415/3415/3415
f 3416/3416/3416 3411/3411/3411 3417/3417/3417
f 3416/3416/3416 3417/3417/3417 3418/3418/3418
f 3418/3418/3418 3417/3417/3417 3419/3419/3419
f 3418/3418/3418 3419/3419/3419 3420/3420/3420
f 3420/3420/3420 3419/3419/3419 3421/3421/3421
f 3420/3420/3420 3421/3421/3421 3422/3422/3422
f 3422/3422/3422 3421/3421/3421 3423/3423/3423
f 3422/3422/3422 3423/3423/3423 3424/3424/3424
f 3424/3424/3424 3423/3423/3423 3425/3425/3425
f 3425/3425/3425 3423/3423/3423 3426/3426/3426
f 3427/3427/3427 3428/3428/3428 3429/3429/3429
f 3375/3375/3375 3426/3426/3426 3373/3373/3373
f 3402/3402/3402 3430/3430/3430 3431/3431/3431
f 3430/3430/3430 3402/3402/3402 3403/3403/3403
f 3431/3431/3431 3430/3430/3430 3432/3432/3432
f 3431/3431/3431 3432/3432/3432 3433/3433/3433
f 3431/3431/3431 3433/3433/3433 3434/3434/3434
f 3434/3434/3434 3433/3433/3433 3435/3435/3435
f 3436/3436/3436 3437/3437/3437 3438/3438/3438
f 3434/3434/3434 3439/3439/3439 3440/3440/3440
f 3440/3440/3440 3439/3439/3439 3441/3441/3441
f 3440/3440/3440 3441/3441/3441 3442/3442/3442
f 3442/3442/3442 3441/3441/3441 3443/3443/3443
f 3444/3444/3444 3445/3445/3445 3446/3446/3446
f 3447/3447/3447 3443/3443/3443 3448/3448/3448
f 3447/3447/3447 3448/3448/3448 3449/3449/3449
f 3447/3447/3447 3449/3449/3449 3450/3450/3450
f 3450/3450/3450 3449/3449/3449 3451/3451/3451
f 3452/3452/3452 3453/3453/3453 3454/3454/3454
f 3455/3455/3455 3456/3456/3456 3457/3457/3457
f 3458/3458/3458 3459/3459/3459 3460/3460/3460
f 3460/3460/3460 3459/3459/3459 3461/3461/3461
f 3460/3460/3460 3461/3461/3461 3462/3462/3462
f 3462/3462/3462 3461/3461/3461 3463/3463/3463
f 3462/3462/3462 3463/3463/3463 3388/3388/3388
f 3041/3041/3041 3464/3464/3464 3031/3031/3031
f 3464/3464/3464 3465/3465/3465 3031/3031/3031
f 3465/3465/3465 3464/3464/3464 3466/3466/3466
f 3465/3465/3465 3466/3466/3466 3467/3467/3467
f 3467/3467/3467 3466/3466/3466 3042/3042/3042
f 3467/3467/3467 3042/3042/3042 3030/3030/3030
f 3468/3468/3468 3469/3469/3469 3470/3470/3470
f 3471/3471/3471 3472/3472/3472 3473/3473/3473
f 3472/3472/3472 3471/3471/3471 3474/3474/3474
f 3475/3475/3475 3476/3476/3476 3477/3477/3477
f 3478/3478/3478 3479/3479/3479 3480/3480/3480
f 3481/3481/3481 3476/3476/3476 3475/3475/3475
f 3043/3043/3043 3022/3022/3022 3482/3482/3482
f 3483/3483/3483 3482/3482/3482 3022/3022/3022
f 3482/3482/3482 3483/3483/3483 3484/3484/3484
f 3484/3484/3484 3483/3483/3483 3485/3485/3485
f 3484/3484/3484 3485/3485/3485 3044/3044/3044
f 3044/3044/3044 3485/3485/3485 3023/3023/3023
f 3034/3034/3034 3486/3486/3486 3046/3046/3046
f 3486/3486/3486 3034/3034/3034 3487/3487/3487
f 3486/3486/3486 3487/3487/3487 3488/3488/3488
f 3486/3486/3486 3488/3488/3488 3489/3489/3489
f 3486/3486/3486 3489/3489/3489 3490/3490/3490
f 3490/3490/3490 3489/3489/3489 3491/3491/3491
f 3491/3491/3491 3489/3489/3489 3492/3492/3492
f 3492/3492/3492 3489/3489/3489 3493/3493/3493
f 3493/3493/3493 3489/3489/3489 3494/3494/3494
f 3493/3493/3493 3494/3494/3494 3495/3495/3495
f 3495/3495/3495 3494/3494/3494 3496/3496/3496
f 3495/3495/3495 3496/3496/3496 3497/3497/3497
f 3497/3497/3497 3496/3496/3496 3498/3498/3498
f 3497/3497/3497 3498/3498/3498 3499/3499/3499
f 3497/3497/3497 3499/3499/3499 3500/3500/3500
f 3488/3488/3488 3487/3487/3487 3501/3501/3501
f 3501/3501/3501 3487/3487/3487 3502/3502/3502
f 3035/3035/3035 3497/3497/3497 3503/3503/3503
f 3497/3497/3497 3035/3035/3035 3045/3045/3045
f 3497/3497/3497 3045/3045/3045 3504/3504/3504
f 3497/3497/3497 3504/3504/3504 3505/3505/3505
f 3497/3497/3497 3505/3505/3505 3506/3506/3506
f 3503/3503/3503 3497/3497/3497 3507/3507/3507
f 3507/3507/3507 3497/3497/3497 3508/3508/3508
f 3508/3508/3508 3497/3497/3497 3509/3509/3509
f 3509/3509/3509 3497/3497/3497 3510/3510/3510
f 3510/3510/3510 3497/3497/3497 3511/3511/3511
f 3511/3511/3511 3497/3497/3497 3512/3512/3512
f 3512/3512/3512 3497/3497/3497 3500/3500/3500
f 3503/3503/3503 3507/3507/3507 3513/3513/3513
f 3503/3503/3503 3513/3513/3513 3514/3514/3514
f 3026/3026/3026 3515/3515/3515 3047/3047/3047
f 3515/3515/3515 3026/3026/3026 3516/3516/3516
f 3047/3047/3047 3515/3515/3515 3517/3517/3517
f 3517/3517/3517 3515/3515/3515 3518/3518/3518
f 3518/3518/3518 3515/3515/3515 3519/3519/3519
f 3515/3515/3515 3516/3516/3516 3520/3520/3520
f 3520/3520/3520 3516/3516/3516 3521/3521/3521
f 3521/3521/3521 3516/3516/3516 3522/3522/3522
f 3522/3522/3522 3516/3516/3516 3523/3523/3523
f 3523/3523/3523 3516/3516/3516 3524/3524/3524
f 3524/3524/3524 3516/3516/3516 3525/3525/3525
f 3524/3524/3524 3525/3525/3525 3526/3526/3526
f 3524/3524/3524 3526/3526/3526 3527/3527/3527
f 3524/3524/3524 3527/3527/3527 3528/3528/3528
f 3524/3524/3524 3528/3528/3528 3529/3529/3529
f 3529/3529/3529 3528/3528/3528 3530/3530/3530
f 3529/3529/3529 3530/3530/3530 3531/3531/3531
f 3529/3529/3529 3531/3531/3531 3532/3532/3532
f 3525/3525/3525 3516/3516/3516 3533/3533/3533
f 3533/3533/3533 3516/3516/3516 3534/3534/3534
f 3534/3534/3534 3516/3516/3516 3535/3535/3535
f 3027/3027/3027 3529/3529/3529 3536/3536/3536
f 3529/3529/3529 3027/3027/3027 3048/3048/3048
f 3536/3536/3536 3529/3529/3529 3537/3537/3537
f 3537/3537/3537 3529/3529/3529 3538/3538/3538
f 3538/3538/3538 3529/3529/3529 3539/3539/3539
f 3539/3539/3539 3529/3529/3529 3540/3540/3540
f 3540/3540/3540 3529/3529/3529 3541/3541/3541
f 3541/3541/3541 3529/3529/3529 3542/3542/3542
f 3542/3542/3542 3529/3529/3529 3532/3532/3532
f 3536/3536/3536 3537/3537/3537 3543/3543/3543
f 3536/3536/3536 3543/3543/3543 3544/3544/3544
f 3536/3536/3536 3544/3544/3544 3545/3545/3545
f 3063/3063/3063 3546/3546/3546 3064/3064/3064
f 3546/3546/3546 3063/3063/3063 2884/2884/2884
f 2884/2884/2884 3063/3063/3063 2885/2885/2885
f 3547/3547/3547 3066/3066/3066 3065/3065/3065
f 3066/3066/3066 3547/3547/3547 2888/2888/2888
f 3066/3066/3066 2888/2888/2888 2887/2887/2887
f 3548/3548/3548 3549/3549/3549 3550/3550/3550
f 3549/3549/3549 3548/3548/3548 3551/3551/3551
f 3552/3552/3552 3553/3553/3553 3554/3554/3554
f 3555/3555/3555 3556/3556/3556 3557/3557/3557
f 3556/3556/3556 3555/3555/3555 3558/3558/3558
f 3559/3559/3559 3560/3560/3560 3561/3561/3561
f 3562/3562/3562 3563/3563/3563 3564/3564/3564
f 3563/3563/3563 3562/3562/3562 3565/3565/3565
f 3566/3566/3566 3567/3567/3567 3568/3568/3568
f 3569/3569/3569 3570/3570/3570 3571/3571/3571
f 3572/3572/3572 3573/3573/3573 3574/3574/3574
f 3568/3568/3568 3567/3567/3567 3575/3575/3575
f 3576/3576/3576 3577/3577/3577 3578/3578/3578
f 3579/3579/3579 3580/3580/3580 3581/3581/3581
f 3582/3582/3582 3583/3583/3583 3584/3584/3584
f 3585/3585/3585 3586/3586/3586 3587/3587/3587
f 3587/3587/3587 3586/3586/3586 3588/3588/3588
f 3589/3589/3589 3578/3578/3578 3577/3577/3577
f 3590/3590/3590 3591/3591/3591 3592/3592/3592
f 3593/3593/3593 3594/3594/3594 3595/3595/3595
f 3596/3596/3596 3597/3597/3597 3598/3598/3598
f 3598/3598/3598 3597/3597/3597 3599/3599/3599
f 3600/3600/3600 3601/3601/3601 3602/3602/3602
f 3601/3601/3601 3600/3600/3600 3603/3603/3603
f 3604/3604/3604 3605/3605/3605 3606/3606/3606
f 3605/3605/3605 3604/3604/3604 3607/3607/3607
f 3608/3608/3608 3604/3604/3604 3609/3609/3609
f 3604/3604/3604 3608/3608/3608 3607/3607/3607
f 3607/3607/3607 3608/3608/3608 3610/3610/3610
f 3611/3611/3611 3607/3607/3607 3610/3610/3610
f 3612/3612/3612 3613/3613/3613 3614/3614/3614
f 3615/3615/3615 3616/3616/3616 3617/3617/3617
f 3614/3614/3614 3618/3618/3618 3619/3619/3619
f 3614/3614/3614 3619/3619/3619 3612/3612/3612
f 3619/3619/3619 3620/3620/3620 3612/3612/3612
f 3620/3620/3620 3619/3619/3619 3621/3621/3621
f 3622/3622/3622 3623/3623/3623 3624/3624/3624
f 3625/3625/3625 3626/3626/3626 3627/3627/3627
f 3628/3628/3628 3623/3623/3623 3622/3622/3622
f 3629/3629/3629 3630/3630/3630 3631/3631/3631
f 3632/3632/3632 3633/3633/3633 3634/3634/3634
f 3633/3633/3633 3632/3632/3632 3635/3635/3635
f 3636/3636/3636 3637/3637/3637 3638/3638/3638
f 3637/3637/3637 3636/3636/3636 3639/3639/3639
f 3640/3640/3640 3641/3641/3641 3642/3642/3642
f 3643/3643/3643 3644/3644/3644 3645/3645/3645
f 3643/3643/3643 3645/3645/3645 3646/3646/3646
f 3647/3647/3647 3648/3648/3648 3649/3649/3649
f 3639/3639/3639 3647/3647/3647 3650/3650/3650
f 3651/3651/3651 3652/3652/3652 3653/3653/3653
f 3652/3652/3652 3651/3651/3651 3654/3654/3654
f 3654/3654/3654 3651/3651/3651 3655/3655/3655
f 3656/3656/3656 3657/3657/3657 3658/3658/3658
f 3659/3659/3659 3651/3651/3651 3660/3660/3660
f 3661/3661/3661 3662/3662/3662 3663/3663/3663
f 3664/3664/3664 3651/3651/3651 3665/3665/3665
f 3666/3666/3666 3667/3667/3667 3668/3668/3668
f 3667/3667/3667 3666/3666/3666 3669/3669/3669
f 3667/3667/3667 3669/3669/3669 3670/3670/3670
f 3670/3670/3670 3669/3669/3669 3671/3671/3671
f 3670/3670/3670 3671/3671/3671 3672/3672/3672
f 3672/3672/3672 3671/3671/3671 3673/3673/3673
f 3674/3674/3674 3675/3675/3675 3676/3676/3676
f 3677/3677/3677 3678/3678/3678 3679/3679/3679
f 3680/3680/3680 3681/3681/3681 3682/3682/3682
f 3683/3683/3683 3684/3684/3684 3685/3685/3685
f 3686/3686/3686 3687/3687/3687 3688/3688/3688
f 3689/3689/3689 3690/3690/3690 3691/3691/3691
f 3692/3692/3692 3693/3693/3693 3694/3694/3694
f 3694/3694/3694 3693/3693/3693 3695/3695/3695
f 3694/3694/3694 3695/3695/3695 3696/3696/3696
f 3696/3696/3696 3695/3695/3695 3697/3697/3697
f 3698/3698/3698 3699/3699/3699 3700/3700/3700
f 3701/3701/3701 3702/3702/3702 3703/3703/3703
f 3704/3704/3704 3705/3705/3705 3706/3706/3706
f 3706/3706/3706 3705/3705/3705 3707/3707/3707
f 3708/3708/3708 3709/3709/3709 3710/3710/3710
f 3711/3711/3711 3707/3707/3707 3712/3712/3712
f 3712/3712/3712 3707/3707/3707 3713/3713/3713
f 3712/3712/3712 3713/3713/3713 3714/3714/3714
f 3714/3714/3714 3713/3713/3713 3715/3715/3715
f 3716/3716/3716 3717/3717/3717 3718/3718/3718
f 3719/3719/3719 3715/3715/3715 3720/3720/3720
f 3721/3721/3721 3722/3722/3722 3723/3723/3723
f 3724/3724/3724 3720/3720/3720 3725/3725/3725
f 3725/3725/3725 3720/3720/3720 3726/3726/3726
f 3727/3727/3727 3728/3728/3728 3729/3729/3729
f 3730/3730/3730 3731/3731/3731 3732/3732/3732
f 3733/3733/3733 3734/3734/3734 3735/3735/3735
f 3736/3736/3736 3737/3737/3737 3738/3738/3738
f 3739/3739/3739 3740/3740/3740 3741/3741/3741
f 3742/3742/3742 3743/3743/3743 3744/3744/3744
f 3745/3745/3745 3746/3746/3746 3747/3747/3747
f 3748/3748/3748 3749/3749/3749 3750/3750/3750
f 3748/3748/3748 3750/3750/3750 3751/3751/3751
f 3751/3751/3751 3750/3750/3750 3752/3752/3752
f 3751/3751/3751 3752/3752/3752 3753/3753/3753
f 3754/3754/3754 3755/3755/3755 3756/3756/3756
f 3757/3757/3757 3758/3758/3758 3759/3759/3759
f 3760/3760/3760 3761/3761/3761 3762/3762/3762
f 3760/3760/3760 3762/3762/3762 3763/3763/3763
f 3764/3764/3764 3765/3765/3765 3766/3766/3766
f 3767/3767/3767 3763/3763/3763 3768/3768/3768
f 3767/3767/3767 3768/3768/3768 3769/3769/3769
f 3769/3769/3769 3768/3768/3768 3770/3770/3770
f 3771/3771/3771 3772/3772/3772 3773/3773/3773
f 3774/3774/3774 3775/3775/3775 3776/3776/3776
f 3777/3777/3777 3778/3778/3778 3779/3779/3779
f 3780/3780/3780 3781/3781/3781 3782/3782/3782
f 3779/3779/3779 3783/3783/3783 3784/3784/3784
f 3785/3785/3785 3786/3786/3786 3787/3787/3787
f 3788/3788/3788 3784/3784/3784 3789/3789/3789
f 3790/3790/3790 3791/3791/3791 3792/3792/3792
f 3793/3793/3793 3794/3794/3794 3795/3795/3795
f 3796/3796/3796 3789/3789/3789 3784/3784/3784
f 3797/3797/3797 3798/3798/3798 3799/3799/3799
f 3789/3789/3789 3795/3795/3795 3794/3794/3794
f 3789/3789/3789 3794/3794/3794 3800/3800/3800
f 3789/3789/3789 3800/3800/3800 3801/3801/3801
f 3801/3801/3801 3800/3800/3800 3802/3802/3802
f 3803/3803/3803 3804/3804/3804 3805/3805/3805
f 3806/3806/3806 3807/3807/3807 3808/3808/3808
f 3809/3809/3809 3810/3810/3810 3811/3811/3811
f 3812/3812/3812 3808/3808/3808 3813/3813/3813
f 3814/3814/3814 3815/3815/3815 3816/3816/3816
f 3813/3813/3813 3817/3817/3817 3818/3818/3818
f 3818/3818/3818 3817/3817/3817 3819/3819/3819
f 3820/3820/3820 3821/3821/3821 3822/3822/3822
f 3823/3823/3823 3824/3824/3824 3825/3825/3825
f 3823/3823/3823 3825/3825/3825 3819/3819/3819
f 3823/3823/3823 3819/3819/3819 3817/3817/3817
f 3823/3823/3823 3817/3817/3817 3826/3826/3826
f 3823/3823/3823 3826/3826/3826 3827/3827/3827
f 3827/3827/3827 3826/3826/3826 3828/3828/3828
f 3827/3827/3827 3828/3828/3828 3829/3829/3829
f 3829/3829/3829 3828/3828/3828 3830/3830/3830
f 3831/3831/3831 3832/3832/3832 3833/3833/3833
f 3832/3832/3832 3831/3831/3831 3834/3834/3834
f 3832/3832/3832 3834/3834/3834 3835/3835/3835
f 3835/3835/3835 3834/3834/3834 3836/3836/3836
f 3835/3835/3835 3836/3836/3836 3837/3837/3837
f 3837/3837/3837 3836/3836/3836 3838/3838/3838
f 3838/3838/3838 3836/3836/3836 3839/3839/3839
f 3839/3839/3839 3836/3836/3836 3840/3840/3840
f 3839/3839/3839 3840/3840/3840 3841/3841/3841
f 3842/3842/3842 3843/3843/3843 3844/3844/3844
f 3845/3845/3845 3840/3840/3840 3846/3846/3846
f 3847/3847/3847 3848/3848/3848 3849/3849/3849
f 3850/3850/3850 3851/3851/3851 3852/3852/3852
f 3853/3853/3853 3846/3846/3846 3854/3854/3854
f 3853/3853/3853 3854/3854/3854 3855/3855/3855
f 3855/3855/3855 3854/3854/3854 3856/3856/3856
f 3857/3857/3857 3858/3858/3858 3859/3859/3859
f 3860/3860/3860 3856/3856/3856 3861/3861/3861
f 3860/3860/3860 3861/3861/3861 3862/3862/3862
f 3862/3862/3862 3861/3861/3861 3863/3863/3863
f 3862/3862/3862 3863/3863/3863 3864/3864/3864
f 3865/3865/3865 3866/3866/3866 3867/3867/3867
f 3868/3868/3868 3863/3863/3863 3869/3869/3869
f 3870/3870/3870 3871/3871/3871 3872/3872/3872
f 3873/3873/3873 3869/3869/3869 3807/3807/3807
f 3874/3874/3874 3875/3875/3875 3876/3876/3876
f 3877/3877/3877 3837/3837/3837 3838/3838/3838
f 3878/3878/3878 3877/3877/3877 3879/3879/3879
f 3878/3878/3878 3879/3879/3879 3880/3880/3880
f 3878/3878/3878 3880/3880/3880 3881/3881/3881
f 3882/3882/3882 3883/3883/3883 3884/3884/3884
f 3881/3881/3881 3885/3885/3885 3886/3886/3886
f 3881/3881/3881 3886/3886/3886 3887/3887/3887
f 3887/3887/3887 3886/3886/3886 3888/3888/3888
f 3887/3887/3887 3888/3888/3888 3889/3889/3889
f 3890/3890/3890 3891/3891/3891 3892/3892/3892
f 3889/3889/3889 3893/3893/3893 3894/3894/3894
f 3894/3894/3894 3893/3893/3893 3895/3895/3895
f 3894/3894/3894 3895/3895/3895 3896/3896/3896
f 3894/3894/3894 3896/3896/3896 3897/3897/3897
f 3898/3898/3898 3899/3899/3899 3900/3900/3900
f 3901/3901/3901 3902/3902/3902 3903/3903/3903
f 3904/3904/3904 3905/3905/3905 3906/3906/3906
f 3907/3907/3907 3908/3908/3908 3909/3909/3909
f 3910/3910/3910 3906/3906/3906 3911/3911/3911
f 3912/3912/3912 3913/3913/3913 3914/3914/3914
f 3915/3915/3915 3916/3916/3916 3917/3917/3917
f 3914/3914/3914 3918/3918/3918 3823/3823/3823
f 3919/3919/3919 3920/3920/3920 3921/3921/3921
f 3919/3919/3919 3921/3921/3921 3922/3922/3922
f 3922/3922/3922 3921/3921/3921 3923/3923/3923
f 3922/3922/3922 3923/3923/3923 3924/3924/3924
f 3924/3924/3924 3923/3923/3923 3925/3925/3925
f 3924/3924/3924 3925/3925/3925 3926/3926/3926
f 3926/3926/3926 3925/3925/3925 3927/3927/3927
f 3926/3926/3926 3927/3927/3927 3928/3928/3928
f 3928/3928/3928 3927/3927/3927 3929/3929/3929
f 3928/3928/3928 3929/3929/3929 3930/3930/3930
f 3930/3930/3930 3929/3929/3929 3931/3931/3931
f 3930/3930/3930 3931/3931/3931 3932/3932/3932
f 3932/3932/3932 3931/3931/3931 3933/3933/3933
f 3932/3932/3932 3933/3933/3933 3934/3934/3934
f 3934/3934/3934 3933/3933/3933 3935/3935/3935
f 3934/3934/3934 3935/3935/3935 3936/3936/3936
f 3936/3936/3936 3935/3935/3935 3937/3937/3937
f 3936/3936/3936 3937/3937/3937 3938/3938/3938
f 3938/3938/3938 3937/3937/3937 3939/3939/3939
f 3938/3938/3938 3939/3939/3939 3940/3940/3940
f 3940/3940/3940 3939/3939/3939 3941/3941/3941
f 3940/3940/3940 3941/3941/3941 3942/3942/3942
f 3942/3942/3942 3941/3941/3941 3943/3943/3943
f 3942/3942/3942 3943/3943/3943 3944/3944/3944
f 3944/3944/3944 3943/3943/3943 3945/3945/3945
f 3944/3944/3944 3945/3945/3945 3946/3946/3946
f 3946/3946/3946 3945/3945/3945 3947/3947/3947
f 3946/3946/3946 3947/3947/3947 3948/3948/3948
f 3948/3948/3948 3947/3947/3947 3949/3949/3949
f 3948/3948/3948 3949/3949/3949 3950/3950/3950
f 3950/3950/3950 3949/3949/3949 3951/3951/3951
f 3950/3950/3950 3951/3951/3951 3952/3952/3952
f 3952/3952/3952 3951/3951/3951 3953/3953/3953
f 3952/3952/3952 3953/3953/3953 3954/3954/3954
f 3954/3954/3954 3953/3953/3953 3955/3955/3955
f 3954/3954/3954 3955/3955/3955 3956/3956/3956
f 3956/3956/3956 3955/3955/3955 3957/3957/3957
f 3956/3956/3956 3957/3957/3957 3958/3958/3958
f 3958/3958/3958 3957/3957/3957 3959/3959/3959
f 3958/3958/3958 3959/3959/3959 3960/3960/3960
f 3960/3960/3960 3959/3959/3959 3961/3961/3961
f 3960/3960/3960 3961/3961/3961 3962/3962/3962
f 3962/3962/3962 3961/3961/3961 3963/3963/3963
f 3962/3962/3962 3963/3963/3963 3964/3964/3964
f 3964/3964/3964 3963/3963/3963 3965/3965/3965
f 3964/3964/3964 3965/3965/3965 3966/3966/3966
f 3966/3966/3966 3965/3965/3965 3967/3967/3967
f 3966/3966/3966 3967/3967/3967 3968/3968/3968
f 3968/3968/3968 3967/3967/3967 3969/3969/3969
f 3968/3968/3968 3969/3969/3969 3970/3970/3970
f 3970/3970/3970 3969/3969/3969 3971/3971/3971
f 3970/3970/3970 3971/3971/3971 3972/3972/3972
f 3972/3972/3972 3971/3971/3971 3973/3973/3973
f 3972/3972/3972 3973/3973/3973 3974/3974/3974
f 3974/3974/3974 3973/3973/3973 3975/3975/3975
f 3974/3974/3974 3975/3975/3975 3976/3976/3976
f 3976/3976/3976 3975/3975/3975 3977/3977/3977
f 3976/3976/3976 3977/3977/3977 3978/3978/3978
f 3978/3978/3978 3977/3977/3977 3979/3979/3979
f 3978/3978/3978 3979/3979/3979 3980/3980/3980
f 3981/3981/3981 3982/3982/3982 3983/3983/3983
f 3981/3981/3981 3983/3983/3983 3984/3984/3984
f 3980/3980/3980 3979/3979/3979 3985/3985/3985
f 3980/3980/3980 3985/3985/3985 3986/3986/3986
f 3986/3986/3986 3985/3985/3985 3987/3987/3987
f 3986/3986/3986 3987/3987/3987 3988/3988/3988
f 3989/3989/3989 3990/3990/3990 3991/3991/3991
f 3989/3989/3989 3991/3991/3991 3992/3992/3992
f 3993/3993/3993 3994/3994/3994 3995/3995/3995
f 3993/3993/3993 3995/3995/3995 3996/3996/3996
f 3997/3997/3997 3998/3998/3998 3999/3999/3999
f 3997/3997/3997 3999/3999/3999 4000/4000/4000
f 4001/4001/4001 4002/4002/4002 4003/4003/4003
f 4001/4001/4001 4003/4003/4003 4004/4004/4004
f 4005/4005/4005 4006/4006/4006 4007/4007/4007
f 4005/4005/4005 4007/4007/4007 4008/4008/4008
f 4009/4009/4009 4010/4010/4010 4011/4011/4011
f 4009/4009/4009 4011/4011/4011 4012/4012/4012
f 4013/4013/4013 4014/4014/4014 4015/4015/4015
f 4013/4013/4013 4015/4015/4015 4016/4016/4016
f 4017/4017/4017 3981/3981/3981 3984/3984/3984
f 4017/4017/4017 3984/3984/3984 4018/4018/4018
f 4019/4019/4019 3993/3993/3993 3996/3996/3996
f 4019/4019/4019 3996/3996/3996 4020/4020/4020
f 4021/4021/4021 3997/3997/3997 4000/4000/4000
f 4021/4021/4021 4000/4000/4000 4022/4022/4022
f 4023/4023/4023 4001/4001/4001 4004/4004/4004
f 4023/4023/4023 4004/4004/4004 4024/4024/4024
f 4025/4025/4025 4005/4005/4005 4008/4008/4008
f 4025/4025/4025 4008/4008/4008 4026/4026/4026
f 4027/4027/4027 4009/4009/4009 4012/4012/4012
f 4027/4027/4027 4012/4012/4012 4028/4028/4028
f 4029/4029/4029 4013/4013/4013 4016/4016/4016
f 4029/4029/4029 4016/4016/4016 4030/4030/4030
f 4031/4031/4031 4017/4017/4017 4018/4018/4018
f 4031/4031/4031 4018/4018/4018 4032/4032/4032
f 4033/4033/4033 4019/4019/4019 4020/4020/4020
f 4033/4033/4033 4020/4020/4020 4034/4034/4034
f 4035/4035/4035 4021/4021/4021 4022/4022/4022
f 4035/4035/4035 4022/4022/4022 4036/4036/4036
f 4037/4037/4037 4023/4023/4023 4024/4024/4024
f 4037/4037/4037 4024/4024/4024 4038/4038/4038
f 4039/4039/4039 4025/4025/4025 4026/4026/4026
f 4039/4039/4039 4026/4026/4026 4040/4040/4040
f 4041/4041/4041 4027/4027/4027 4028/4028/4028
f 4041/4041/4041 4028/4028/4028 4042/4042/4042
f 4043/4043/4043 4029/4029/4029 4030/4030/4030
f 4043/4043/4043 4030/4030/4030 4044/4044/4044
f 4045/4045/4045 4031/4031/4031 4032/4032/4032
f 4045/4045/4045 4032/4032/4032 4046/4046/4046
f 4047/4047/4047 4033/4033/4033 4034/4034/4034
f 4047/4047/4047 4034/4034/4034 4048/4048/4048
f 4049/4049/4049 4035/4035/4035 4036/4036/4036
f 4049/4049/4049 4036/4036/4036 4050/4050/4050
f 3982/3982/3982 4037/4037/4037 4038/4038/4038
f 3982/3982/3982 4038/4038/4038 3983/3983/3983
f 3994/3994/3994 4039/4039/4039 4040/4040/4040
f 3994/3994/3994 4040/4040/4040 3995/3995/3995
f 3998/3998/3998 4041/4041/4041 4042/4042/4042
f 3998/3998/3998 4042/4042/4042 3999/3999/3999
f 4002/4002/4002 4051/4051/4051 4052/4052/4052
f 4002/4002/4002 4052/4052/4052 4003/4003/4003
f 4053/4053/4053 4043/4043/4043 4044/4044/4044
f 4053/4053/4053 4044/4044/4044 4054/4054/4054
f 4006/4006/4006 4045/4045/4045 4046/4046/4046
f 4006/4006/4006 4046/4046/4046 4007/4007/4007
f 4010/4010/4010 4047/4047/4047 4048/4048/4048
f 4010/4010/4010 4048/4048/4048 4011/4011/4011
f 4014/4014/4014 4049/4049/4049 4050/4050/4050
f 4014/4014/4014 4050/4050/4050 4015/4015/4015
f 4055/4055/4055 4056/4056/4056 4057/4057/4057
f 4055/4055/4055 4057/4057/4057 4058/4058/4058
f 4059/4059/4059 4060/4060/4060 4061/4061/4061
f 4059/4059/4059 4061/4061/4061 4062/4062/4062
f 4063/4063/4063 3989/3989/3989 3992/3992/3992
f 4063/4063/4063 3992/3992/3992 4064/4064/4064
f 4065/4065/4065 4055/4055/4055 4058/4058/4058
f 4065/4065/4065 4058/4058/4058 4066/4066/4066
f 4067/4067/4067 4059/4059/4059 4062/4062/4062
f 4067/4067/4067 4062/4062/4062 4068/4068/4068
f 4069/4069/4069 4063/4063/4063 4064/4064/4064
f 4069/4069/4069 4064/4064/4064 4070/4070/4070
f 4071/4071/4071 4065/4065/4065 4066/4066/4066
f 4071/4071/4071 4066/4066/4066 4072/4072/4072
f 4073/4073/4073 4067/4067/4067 4068/4068/4068
f 4073/4073/4073 4068/4068/4068 4074/4074/4074
f 4075/4075/4075 4069/4069/4069 4070/4070/4070
f 4075/4075/4075 4070/4070/4070 4076/4076/4076
f 4077/4077/4077 4071/4071/4071 4072/4072/4072
f 4077/4077/4077 4072/4072/4072 4078/4078/4078
f 4079/4079/4079 4073/4073/4073 4074/4074/4074
f 4079/4079/4079 4074/4074/4074 4080/4080/4080
f 4081/4081/4081 4075/4075/4075 4076/4076/4076
f 4081/4081/4081 4076/4076/4076 4082/4082/4082
f 4083/4083/4083 4079/4079/4079 4080/4080/4080
f 4083/4083/4083 4080/4080/4080 4084/4084/4084
f 4085/4085/4085 4081/4081/4081 4082/4082/4082
f 4085/4085/4085 4082/4082/4082 4086/4086/4086
f 4087/4087/4087 4083/4083/4083 4084/4084/4084
f 4087/4087/4087 4084/4084/4084 4088/4088/4088
f 4089/4089/4089 4085/4085/4085 4086/4086/4086
f 4089/4089/4089 4086/4086/4086 4090/4090/4090
f 4091/4091/4091 4087/4087/4087 4088/4088/4088
f 4091/4091/4091 4088/4088/4088 4092/4092/4092
f 4093/4093/4093 4089/4089/4089 4090/4090/4090
f 4093/4093/4093 4090/4090/4090 4094/4094/4094
f 4095/4095/4095 4091/4091/4091 4092/4092/4092
f 4095/4095/4095 4092/4092/4092 4096/4096/4096
f 4097/4097/4097 4093/4093/4093 4094/4094/4094
f 4097/4097/4097 4094/4094/4094 4098/4098/4098
f 4099/4099/4099 4095/4095/4095 4096/4096/4096
f 4099/4099/4099 4096/4096/4096 4100/4100/4100
f 4101/4101/4101 4097/4097/4097 4098/4098/4098
f 4101/4101/4101 4098/4098/4098 4102/4102/4102
f 4103/4103/4103 4099/4099/4099 4100/4100/4100
f 4103/4103/4103 4100/4100/4100 4104/4104/4104
f 4105/4105/4105 4101/4101/4101 4102/4102/4102
f 4105/4105/4105 4102/4102/4102 4106/4106/4106
f 4107/4107/4107 4103/4103/4103 4104/4104/4104
f 4107/4107/4107 4104/4104/4104 4108/4108/4108
f 4109/4109/4109 4105/4105/4105 4106/4106/4106
f 4109/4109/4109 4106/4106/4106 4110/4110/4110
f 4111/4111/4111 4107/4107/4107 4108/4108/4108
f 4111/4111/4111 4108/4108/4108 4112/4112/4112
f 4113/4113/4113 4109/4109/4109 4110/4110/4110
f 4113/4113/4113 4110/4110/4110 4114/4114/4114
f 3990/3990/3990 4115/4115/4115 4116/4116/4116
f 3990/3990/3990 4116/4116/4116 3991/3991/3991
f 4056/4056/4056 4111/4111/4111 4112/4112/4112
f 4056/4056/4056 4112/4112/4112 4057/4057/4057
f 4060/4060/4060 4113/4113/4113 4114/4114/4114
f 4060/4060/4060 4114/4114/4114 4061/4061/4061
f 4117/4117/4117 4118/4118/4118 4119/4119/4119
f 4117/4117/4117 4119/4119/4119 4120/4120/4120
f 4120/4120/4120 4119/4119/4119 4121/4121/4121
f 4120/4120/4120 4121/4121/4121 4122/4122/4122
f 4122/4122/4122 4121/4121/4121 4123/4123/4123
f 4122/4122/4122 4123/4123/4123 4124/4124/4124
f 4124/4124/4124 4123/4123/4123 4125/4125/4125
f 4124/4124/4124 4125/4125/4125 4126/4126/4126
f 4126/4126/4126 4125/4125/4125 4127/4127/4127
f 4126/4126/4126 4127/4127/4127 4128/4128/4128
f 4128/4128/4128 4127/4127/4127 4129/4129/4129
f 4128/4128/4128 4129/4129/4129 4130/4130/4130
f 4130/4130/4130 4129/4129/4129 4131/4131/4131
f 4130/4130/4130 4131/4131/4131 4132/4132/4132
f 4132/4132/4132 4131/4131/4131 4133/4133/4133
f 4132/4132/4132 4133/4133/4133 4134/4134/4134
f 4134/4134/4134 4133/4133/4133 4135/4135/4135
f 4134/4134/4134 4135/4135/4135 4136/4136/4136
f 4136/4136/4136 4135/4135/4135 4137/4137/4137
f 4136/4136/4136 4137/4137/4137 4138/4138/4138
f 4138/4138/4138 4137/4137/4137 4139/4139/4139
f 4138/4138/4138 4139/4139/4139 4140/4140/4140
f 4140/4140/4140 4139/4139/4139 4141/4141/4141
f 4140/4140/4140 4141/4141/4141 4142/4142/4142
f 4142/4142/4142 4141/4141/4141 4143/4143/4143
f 4142/4142/4142 4143/4143/4143 4144/4144/4144
f 4144/4144/4144 4143/4143/4143 4145/4145/4145
f 4144/4144/4144 4145/4145/4145 4146/4146/4146
f 4146/4146/4146 4145/4145/4145 4147/4147/4147
f 4146/4146/4146 4147/4147/4147 4148/4148/4148
f 4148/4148/4148 4147/4147/4147 4149/4149/4149
f 4148/4148/4148 4149/4149/4149 4150/4150/4150
f 4150/4150/4150 4149/4149/4149 4151/4151/4151
f 4150/4150/4150 4151/4151/4151 4152/4152/4152
f 4152/4152/4152 4151/4151/4151 4153/4153/4153
f 4152/4152/4152 4153/4153/4153 4154/4154/4154
f 4154/4154/4154 4153/4153/4153 4155/4155/4155
f 4154/4154/4154 4155/4155/4155 4156/4156/4156
f 4156/4156/4156 4155/4155/4155 4157/4157/4157
f 4156/4156/4156 4157/4157/4157 4158/4158/4158
f 4158/4158/4158 4157/4157/4157 4159/4159/4159
f 4158/4158/4158 4159/4159/4159 4160/4160/4160
f 4160/4160/4160 4159/4159/4159 4161/4161/4161
f 4160/4160/4160 4161/4161/4161 4162/4162/4162
f 4162/4162/4162 4161/4161/4161 4163/4163/4163
f 4162/4162/4162 4163/4163/4163 4164/4164/4164
f 4164/4164/4164 4163/4163/4163 4165/4165/4165
f 4164/4164/4164 4165/4165/4165 4166/4166/4166
f 4166/4166/4166 4165/4165/4165 4167/4167/4167
f 4166/4166/4166 4167/4167/4167 4168/4168/4168
f 4168/4168/4168 4167/4167/4167 4169/4169/4169
f 4168/4168/4168 4169/4169/4169 4170/4170/4170
f 4170/4170/4170 4169/4169/4169 4171/4171/4171
f 4170/4170/4170 4171/4171/4171 4172/4172/4172
f 4172/4172/4172 4171/4171/4171 4173/4173/4173
f 4172/4172/4172 4173/4173/4173 4174/4174/4174
f 4174/4174/4174 4173/4173/4173 4175/4175/4175
f 4174/4174/4174 4175/4175/4175 4176/4176/4176
f 4176/4176/4176 4175/4175/4175 4177/4177/4177
f 4176/4176/4176 4177/4177/4177 4178/4178/4178
f 4178/4178/4178 4177/4177/4177 4179/4179/4179
f 4178/4178/4178 4179/4179/4179 4180/4180/4180
f 4180/4180/4180 4179/4179/4179 4181/4181/4181
f 4180/4180/4180 4181/4181/4181 4182/4182/4182
f 4183/4183/4183 4184/4184/4184 4185/4185/4185
f 4183/4183/4183 4185/4185/4185 4186/4186/4186
f 4186/4186/4186 4185/4185/4185 4187/4187/4187
f 4186/4186/4186 4187/4187/4187 4188/4188/4188
f 4188/4188/4188 4187/4187/4187 4189/4189/4189
f 4188/4188/4188 4189/4189/4189 4190/4190/4190
f 4190/4190/4190 4189/4189/4189 4191/4191/4191
f 4190/4190/4190 4191/4191/4191 4192/4192/4192
f 4192/4192/4192 4191/4191/4191 4193/4193/4193
f 4192/4192/4192 4193/4193/4193 4194/4194/4194
f 4194/4194/4194 4193/4193/4193 4195/4195/4195
f 4194/4194/4194 4195/4195/4195 4196/4196/4196
f 4196/4196/4196 4195/4195/4195 4197/4197/4197
f 4196/4196/4196 4197/4197/4197 4198/4198/4198
f 4198/4198/4198 4197/4197/4197 4199/4199/4199
f 4198/4198/4198 4199/4199/4199 4200/4200/4200
f 4200/4200/4200 4199/4199/4199 4201/4201/4201
f 4200/4200/4200 4201/4201/4201 4202/4202/4202
f 4202/4202/4202 4201/4201/4201 4203/4203/4203
f 4202/4202/4202 4203/4203/4203 4204/4204/4204
f 4204/4204/4204 4203/4203/4203 4205/4205/4205
f 4204/4204/4204 4205/4205/4205 4206/4206/4206
f 4206/4206/4206 4205/4205/4205 4207/4207/4207
f 4206/4206/4206 4207/4207/4207 4208/4208/4208
f 4208/4208/4208 4207/4207/4207 4209/4209/4209
f 4208/4208/4208 4209/4209/4209 4210/4210/4210
f 4210/4210/4210 4209/4209/4209 4211/4211/4211
f 4210/4210/4210 4211/4211/4211 4212/4212/4212
f 4212/4212/4212 4211/4211/4211 4213/4213/4213
f 4212/4212/4212 4213/4213/4213 4214/4214/4214
f 4214/4214/4214 4213/4213/4213 4215/4215/4215
f 4214/4214/4214 4215/4215/4215 4216/4216/4216
f 4216/4216/4216 4215/4215/4215 4217/4217/4217
f 4216/4216/4216 4217/4217/4217 4218/4218/4218
f 4218/4218/4218 4217/4217/4217 4219/4219/4219
f 4218/4218/4218 4219/4219/4219 4220/4220/4220
f 4220/4220/4220 4219/4219/4219 4221/4221/4221
f 4220/4220/4220 4221/4221/4221 4222/4222/4222
f 4222/4222/4222 4221/4221/4221 4223/4223/4223
f 4222/4222/4222 4223/4223/4223 4224/4224/4224
f 4224/4224/4224 4223/4223/4223 4225/4225/4225
f 4224/4224/4224 4225/4225/4225 4226/4226/4226
f 4226/4226/4226 4225/4225/4225 4227/4227/4227
f 4226/4226/4226 4227/4227/4227 4228/4228/4228
f 4228/4228/4228 4227/4227/4227 4229/4229/4229
f 4228/4228/4228 4229/4229/4229 4230/4230/4230
f 4230/4230/4230 4229/4229/4229 4231/4231/4231
f 4230/4230/4230 4231/4231/4231 4232/4232/4232
f 4232/4232/4232 4231/4231/4231 4233/4233/4233
f 4232/4232/4232 4233/4233/4233 4234/4234/4234
f 4234/4234/4234 4233/4233/4233 4235/4235/4235
f 4234/4234/4234 4235/4235/4235 4236/4236/4236
f 4236/4236/4236 4235/4235/4235 4237/4237/4237
f 4236/4236/4236 4237/4237/4237 4238/4238/4238
f 4238/4238/4238 4237/4237/4237 4239/4239/4239
f 4238/4238/4238 4239/4239/4239 4240/4240/4240
f 4240/4240/4240 4239/4239/4239 4241/4241/4241
f 4240/4240/4240 4241/4241/4241 4242/4242/4242
f 4242/4242/4242 4241/4241/4241 4243/4243/4243
f 4242/4242/4242 4243/4243/4243 4244/4244/4244
f 4244/4244/4244 4243/4243/4243 4245/4245/4245
f 4244/4244/4244 4245/4245/4245 4246/4246/4246
f 4246/4246/4246 4245/4245/4245 4247/4247/4247
f 4246/4246/4246 4247/4247/4247 4248/4248/4248
f 4249/4249/4249 4250/4250/4250 4251/4251/4251
f 4249/4249/4249 4251/4251/4251 4252/4252/4252
f 4253/4253/4253 4254/4254/4254 4255/4255/4255
f 4253/4253/4253 4255/4255/4255 4256/4256/4256
f 4257/4257/4257 4258/4258/4258 4259/4259/4259
f 4257/4257/4257 4259/4259/4259 4260/4260/4260
f 4183/4183/4183 4186/4186/4186 4261/4261/4261
f 4183/4183/4183 4261/4261/4261 4262/4262/4262
f 4263/4263/4263 4264/4264/4264 4265/4265/4265
f 4263/4263/4263 4265/4265/4265 4266/4266/4266
f 4267/4267/4267 4268/4268/4268 4269/4269/4269
f 4267/4267/4267 4269/4269/4269 4270/4270/4270
f 4271/4271/4271 4272/4272/4272 4273/4273/4273
f 4271/4271/4271 4273/4273/4273 4274/4274/4274
f 4275/4275/4275 4276/4276/4276 4277/4277/4277
f 4275/4275/4275 4277/4277/4277 4278/4278/4278
f 4250/4250/4250 4279/4279/4279 4280/4280/4280
f 4250/4250/4250 4280/4280/4280 4251/4251/4251
f 4254/4254/4254 4281/4281/4281 4282/4282/4282
f 4254/4254/4254 4282/4282/4282 4255/4255/4255
f 4258/4258/4258 4283/4283/4283 4284/4284/4284
f 4258/4258/4258 4284/4284/4284 4259/4259/4259
f 4285/4285/4285 4286/4286/4286 4287/4287/4287
f 4285/4285/4285 4287/4287/4287 4288/4288/4288
f 4268/4268/4268 4289/4289/4289 4290/4290/4290
f 4268/4268/4268 4290/4290/4290 4269/4269/4269
f 4272/4272/4272 4291/4291/4291 4292/4292/4292
f 4272/4272/4272 4292/4292/4292 4273/4273/4273
f 4276/4276/4276 4293/4293/4293 4294/4294/4294
f 4276/4276/4276 4294/4294/4294 4277/4277/4277
f 4279/4279/4279 4295/4295/4295 4296/4296/4296
f 4279/4279/4279 4296/4296/4296 4280/4280/4280
f 4214/4214/4214 4216/4216/4216 4297/4297/4297
f 4214/4214/4214 4297/4297/4297 4298/4298/4298
f 4283/4283/4283 4299/4299/4299 4300/4300/4300
f 4283/4283/4283 4300/4300/4300 4284/4284/4284
f 4286/4286/4286 4301/4301/4301 4302/4302/4302
f 4286/4286/4286 4302/4302/4302 4287/4287/4287
f 4289/4289/4289 4303/4303/4303 4304/4304/4304
f 4289/4289/4289 4304/4304/4304 4290/4290/4290
f 4291/4291/4291 4305/4305/4305 4306/4306/4306
f 4291/4291/4291 4306/4306/4306 4292/4292/4292
f 4293/4293/4293 4307/4307/4307 4308/4308/4308
f 4293/4293/4293 4308/4308/4308 4294/4294/4294
f 4295/4295/4295 4309/4309/4309 4310/4310/4310
f 4295/4295/4295 4310/4310/4310 4296/4296/4296
f 4311/4311/4311 4312/4312/4312 4313/4313/4313
f 4311/4311/4311 4313/4313/4313 4314/4314/4314
f 4299/4299/4299 4315/4315/4315 4316/4316/4316
f 4299/4299/4299 4316/4316/4316 4300/4300/4300
f 4301/4301/4301 4249/4249/4249 4252/4252/4252
f 4301/4301/4301 4252/4252/4252 4302/4302/4302
f 4303/4303/4303 4253/4253/4253 4256/4256/4256
f 4303/4303/4303 4256/4256/4256 4304/4304/4304
f 4305/4305/4305 4257/4257/4257 4260/4260/4260
f 4305/4305/4305 4260/4260/4260 4306/4306/4306
f 4307/4307/4307 4263/4263/4263 4266/4266/4266
f 4307/4307/4307 4266/4266/4266 4308/4308/4308
f 4309/4309/4309 4267/4267/4267 4270/4270/4270
f 4309/4309/4309 4270/4270/4270 4310/4310/4310
f 4312/4312/4312 4271/4271/4271 4274/4274/4274
f 4312/4312/4312 4274/4274/4274 4313/4313/4313
f 4315/4315/4315 4275/4275/4275 4278/4278/4278
f 4315/4315/4315 4278/4278/4278 4316/4316/4316
f 4317/4317/4317 4318/4318/4318 4319/4319/4319
f 4320/4320/4320 4321/4321/4321 4322/4322/4322
f 4323/4323/4323 4324/4324/4324 4325/4325/4325
f 4326/4326/4326 4327/4327/4327 4328/4328/4328
f 4329/4329/4329 4330/4330/4330 4331/4331/4331
f 4332/4332/4332 4333/4333/4333 4334/4334/4334
f 4332/4332/4332 4334/4334/4334 4335/4335/4335
f 4336/4336/4336 4337/4337/4337 4338/4338/4338
f 4336/4336/4336 4338/4338/4338 4339/4339/4339
f 4340/4340/4340 4341/4341/4341 4342/4342/4342
f 4343/4343/4343 4344/4344/4344 4345/4345/4345
f 4346/4346/4346 4347/4347/4347 4348/4348/4348
f 4346/4346/4346 4348/4348/4348 4349/4349/4349
f 4350/4350/4350 4351/4351/4351 4352/4352/4352
f 4350/4350/4350 4352/4352/4352 4353/4353/4353
f 4354/4354/4354 4355/4355/4355 4356/4356/4356
f 4354/4354/4354 4356/4356/4356 4357/4357/4357
f 4358/4358/4358 4359/4359/4359 4360/4360/4360
f 4358/4358/4358 4360/4360/4360 4361/4361/4361
f 4362/4362/4362 4363/4363/4363 4364/4364/4364
f 4365/4365/4365 4366/4366/4366 4367/4367/4367
f 4368/4368/4368 4369/4369/4369 4370/4370/4370
f 4368/4368/4368 4370/4370/4370 4371/4371/4371
f 4372/4372/4372 4373/4373/4373 4374/4374/4374
f 4372/4372/4372 4374/4374/4374 4375/4375/4375
f 4376/4376/4376 4377/4377/4377 4378/4378/4378
f 4376/4376/4376 4378/4378/4378 4379/4379/4379
f 4380/4380/4380 4381/4381/4381 4382/4382/4382
f 4380/4380/4380 4382/4382/4382 4383/4383/4383
f 4384/4384/4384 4385/4385/4385 4386/4386/4386
f 4387/4387/4387 4388/4388/4388 4389/4389/4389
f 4390/4390/4390 4391/4391/4391 4392/4392/4392
f 4393/4393/4393 4394/4394/4394 4395/4395/4395
f 4396/4396/4396 4397/4397/4397 4398/4398/4398
f 4399/4399/4399 4400/4400/4400 4401/4401/4401
f 4402/4402/4402 4403/4403/4403 4404/4404/4404
f 4402/4402/4402 4404/4404/4404 4405/4405/4405
f 4406/4406/4406 4407/4407/4407 4408/4408/4408
f 4406/4406/4406 4408/4408/4408 4409/4409/4409
f 4410/4410/4410 4411/4411/4411 4412/4412/4412
f 4410/4410/4410 4412/4412/4412 4413/4413/4413
f 4414/4414/4414 4415/4415/4415 4416/4416/4416
f 4414/4414/4414 4416/4416/4416 4417/4417/4417
f 4418/4418/4418 4419/4419/4419 4420/4420/4420
f 4418/4418/4418 4420/4420/4420 4421/4421/4421
f 4422/4422/4422 4423/4423/4423 4424/4424/4424
f 4422/4422/4422 4424/4424/4424 4425/4425/4425
f 4426/4426/4426 4427/4427/4427 4428/4428/4428
f 4426/4426/4426 4428/4428/4428 4429/4429/4429
f 4430/4430/4430 4431/4431/4431 4432/4432/4432
f 4430/4430/4430 4432/4432/4432 4433/4433/4433
f 4434/4434/4434 4435/4435/4435 4436/4436/4436
f 4434/4434/4434 4436/4436/4436 4437/4437/4437
f 4438/4438/4438 4439/4439/4439 4440/4440/4440
f 4438/4438/4438 4440/4440/4440 4441/4441/4441
f 4442/4442/4442 4443/4443/4443 4444/4444/4444
f 4442/4442/4442 4444/4444/4444 4445/4445/4445
f 4446/4446/4446 4447/4447/4447 4448/4448/4448
f 4446/4446/4446 4448/4448/4448 4449/4449/4449
f 4450/4450/4450 4451/4451/4451 4452/4452/4452
f 4453/4453/4453 4454/4454/4454 4455/4455/4455
f 4454/4454/4454 4453/4453/4453 4456/4456/4456
f 4454/4454/4454 4456/4456/4456 4457/4457/4457
f 4457/4457/4457 4456/4456/4456 4458/4458/4458
f 4457/4457/4457 4458/4458/4458 4459/4459/4459
f 4459/4459/4459 4458/4458/4458 4460/4460/4460
f 4459/4459/4459 4460/4460/4460 4461/4461/4461
f 4461/4461/4461 4460/4460/4460 4462/4462/4462
f 4461/4461/4461 4462/4462/4462 4463/4463/4463
f 4463/4463/4463 4462/4462/4462 4464/4464/4464
f 4463/4463/4463 4464/4464/4464 4465/4465/4465
f 4465/4465/4465 4464/4464/4464 4466/4466/4466
f 4465/4465/4465 4466/4466/4466 4467/4467/4467
f 4467/4467/4467 4466/4466/4466 4468/4468/4468
f 4467/4467/4467 4468/4468/4468 4469/4469/4469
f 4469/4469/4469 4468/4468/4468 4470/4470/4470
f 4469/4469/4469 4470/4470/4470 4471/4471/4471
f 4471/4471/4471 4470/4470/4470 4472/4472/4472
f 4471/4471/4471 4472/4472/4472 4473/4473/4473
f 4473/4473/4473 4472/4472/4472 4474/4474/4474
f 4473/4473/4473 4474/4474/4474 4475/4475/4475
f 4475/4475/4475 4474/4474/4474 4476/4476/4476
f 4475/4475/4475 4476/4476/4476 4477/4477/4477
f 4477/4477/4477 4476/4476/4476 4478/4478/4478
f 4477/4477/4477 4478/4478/4478 4479/4479/4479
f 4479/4479/4479 4478/4478/4478 4480/4480/4480
f 4479/4479/4479 4480/4480/4480 4481/4481/4481
f 4481/4481/4481 4480/4480/4480 4482/4482/4482
f 4481/4481/4481 4482/4482/4482 4483/4483/4483
f 4483/4483/4483 4482/4482/4482 4484/4484/4484
f 4485/4485/4485 4486/4486/4486 4487/4487/4487
f 4486/4486/4486 4485/4485/4485 4488/4488/4488
f 4486/4486/4486 4488/4488/4488 4489/4489/4489
f 4489/4489/4489 4488/4488/4488 4490/4490/4490
f 4489/4489/4489 4490/4490/4490 4491/4491/4491
f 4491/4491/4491 4490/4490/4490 4492/4492/4492
f 4491/4491/4491 4492/4492/4492 4493/4493/4493
f 4493/4493/4493 4492/4492/4492 4494/4494/4494
f 4493/4493/4493 4494/4494/4494 4495/4495/4495
f 4495/4495/4495 4494/4494/4494 4496/4496/4496
f 4495/4495/4495 4496/4496/4496 4497/4497/4497
f 4497/4497/4497 4496/4496/4496 4498/4498/4498
f 4497/4497/4497 4498/4498/4498 4499/4499/4499
f 4499/4499/4499 4498/4498/4498 4500/4500/4500
f 4499/4499/4499 4500/4500/4500 4501/4501/4501
f 4501/4501/4501 4500/4500/4500 4502/4502/4502
f 4501/4501/4501 4502/4502/4502 4503/4503/4503
f 4503/4503/4503 4502/4502/4502 4504/4504/4504
f 4503/4503/4503 4504/4504/4504 4505/4505/4505
f 4505/4505/4505 4504/4504/4504 4506/4506/4506
f 4505/4505/4505 4506/4506/4506 4507/4507/4507
f 4507/4507/4507 4506/4506/4506 4508/4508/4508
f 4507/4507/4507 4508/4508/4508 4509/4509/4509
f 4509/4509/4509 4508/4508/4508 4510/4510/4510
f 4509/4509/4509 4510/4510/4510 4511/4511/4511
f 4511/4511/4511 4510/4510/4510 4512/4512/4512
f 4511/4511/4511 4512/4512/4512 4513/4513/4513
f 4513/4513/4513 4512/4512/4512 4514/4514/4514
f 4513/4513/4513 4514/4514/4514 4515/4515/4515
f 4515/4515/4515 4514/4514/4514 4516/4516/4516
f 4517/4517/4517 4518/4518/4518 4519/4519/4519
f 4520/4520/4520 4521/4521/4521 4522/4522/4522
f 4520/4520/4520 4522/4522/4522 4523/4523/4523
f 4524/4524/4524 4525/4525/4525 4526/4526/4526
f 4527/4527/4527 4528/4528/4528 4529/4529/4529
f 4530/4530/4530 4531/4531/4531 4532/4532/4532
f 4530/4530/4530 4532/4532/4532 4533/4533/4533
f 4534/4534/4534 4535/4535/4535 4536/4536/4536
f 4537/4537/4537 4538/4538/4538 4539/4539/4539
f 4540/4540/4540 4541/4541/4541 4542/4542/4542
f 4543/4543/4543 4544/4544/4544 4545/4545/4545
f 4546/4546/4546 4547/4547/4547 4548/4548/4548
f 4546/4546/4546 4548/4548/4548 4549/4549/4549
f 4550/4550/4550 4551/4551/4551 4552/4552/4552
f 4550/4550/4550 4552/4552/4552 4553/4553/4553
f 4553/4553/4553 4552/4552/4552 4554/4554/4554
f 4553/4553/4553 4554/4554/4554 4555/4555/4555
f 4556/4556/4556 4557/4557/4557 4558/4558/4558
f 4556/4556/4556 4558/4558/4558 4559/4559/4559
f 4560/4560/4560 4561/4561/4561 4562/4562/4562
f 4560/4560/4560 4562/4562/4562 4563/4563/4563
f 4564/4564/4564 4565/4565/4565 4566/4566/4566
f 4567/4567/4567 4568/4568/4568 4569/4569/4569
f 4570/4570/4570 4571/4571/4571 4572/4572/4572
f 4570/4570/4570 4572/4572/4572 4573/4573/4573
f 4574/4574/4574 4575/4575/4575 4576/4576/4576
f 4577/4577/4577 4578/4578/4578 4579/4579/4579
f 4579/4579/4579 4578/4578/4578 4580/4580/4580
f 4581/4581/4581 4582/4582/4582 4583/4583/4583
f 4584/4584/4584 4585/4585/4585 4586/4586/4586
f 4587/4587/4587 4588/4588/4588 4589/4589/4589
f 4590/4590/4590 4591/4591/4591 4592/4592/4592
f 4593/4593/4593 4594/4594/4594 4595/4595/4595
f 4596/4596/4596 4597/4597/4597 4598/4598/4598
f 4599/4599/4599 4600/4600/4600 4601/4601/4601
f 4602/4602/4602 4603/4603/4603 4604/4604/4604
f 4605/4605/4605 4606/4606/4606 4607/4607/4607
f 4608/4608/4608 4609/4609/4609 4610/4610/4610
f 4611/4611/4611 4612/4612/4612 4613/4613/4613
f 4614/4614/4614 4615/4615/4615 4616/4616/4616
f 4617/4617/4617 4618/4618/4618 4619/4619/4619
f 4620/4620/4620 4621/4621/4621 4622/4622/4622
f 4623/4623/4623 4624/4624/4624 4625/4625/4625
f 4626/4626/4626 4627/4627/4627 4628/4628/4628
f 4629/4629/4629 4630/4630/4630 4631/4631/4631
f 4632/4632/4632 4633/4633/4633 4634/4634/4634
f 4635/4635/4635 4636/4636/4636 4637/4637/4637
f 4638/4638/4638 4639/4639/4639 4640/4640/4640
f 4641/4641/4641 4642/4642/4642 4643/4643/4643
f 4644/4644/4644 4645/4645/4645 4646/4646/4646
f 4647/4647/4647 4648/4648/4648 4649/4649/4649
f 4650/4650/4650 4651/4651/4651 4652/4652/4652
f 4653/4653/4653 4654/4654/4654 4655/4655/4655
f 4656/4656/4656 4657/4657/4657 4658/4658/4658
f 4659/4659/4659 4660/4660/4660 4661/4661/4661
f 4662/4662/4662 4663/4663/4663 4664/4664/4664
f 4665/4665/4665 4666/4666/4666 4667/4667/4667
f 4668/4668/4668 4669/4669/4669 4670/4670/4670
f 4671/4671/4671 4672/4672/4672 4673/4673/4673
f 4674/4674/4674 4675/4675/4675 4676/4676/4676
g Magazine
usemtl Atlas
f 1414/1414/1414 1415/1415/1415 1416/1416/1416
f 1417/1417/1417 1418/1418/1418 1419/1419/1419
f 1420/1420/1420 1421/1421/1421 1422/1422/1422
f 1423/1423/1423 1424/1424/1424 1425/1425/1425
f 1426/1426/1426 1427/1427/1427 1428/1428/1428
f 1429/1429/1429 1430/1430/1430 1431/1431/1431
f 1432/1432/1432 1433/1433/1433 1434/1434/1434
f 1435/1435/1435 1436/1436/1436 1437/1437/1437
f 1438/1438/1438 1439/1439/1439 1440/1440/1440
f 1441/1441/1441 1442/1442/1442 1443/1443/1443
f 1444/1444/1444 1445/1445/1445 1446/1446/1446
f 1444/1444/1444 1446/1446/1446 1447/1447/1447
f 1448/1448/1448 1449/1449/1449 1450/1450/1450
f 1448/1448/1448 1450/1450/1450 1451/1451/1451
f 1452/1452/1452 1453/1453/1453 1454/1454/1454
f 1452/1452/1452 1454/1454/1454 1455/1455/1455
f 1456/1456/1456 1457/1457/1457 1458/1458/1458
f 1456/1456/1456 1458/1458/1458 1459/1459/1459
f 1460/1460/1460 1461/1461/1461 1462/1462/1462
f 1460/1460/1460 1462/1462/1462 1463/1463/1463
f 1464/1464/1464 1465/1465/1465 1466/1466/1466
f 1464/1464/1464 1466/1466/1466 1467/1467/1467
f 1468/1468/1468 1469/1469/1469 1470/1470/1470
f 1468/1468/1468 1470/1470/1470 1471/1471/1471
f 1472/1472/1472 1473/1473/1473 1474/1474/1474
f 1472/1472/1472 1474/1474/1474 1475/1475/1475
f 1444/1444/1444 1476/1476/1476 1477/1477/1477
f 1444/1444/1444 1477/1477/1477 1445/1445/1445
f 1451/1451/1451 1450/1450/1450 1478/1478/1478
f 1451/1451/1451 1478/1478/1478 1479/1479/1479
f 1447/1447/1447 1446/1446/1446 1480/1480/1480
f 1447/1447/1447 1480/1480/1480 1481/1481/1481
f 1482/1482/1482 1483/1483/1483 1484/1484/1484
f 1482/1482/1482 1484/1484/1484 1485/1485/1485
f 1486/1486/1486 1487/1487/1487 1488/1488/1488
f 1486/1486/1486 1488/1488/1488 1489/1489/1489
f 1490/1490/1490 1491/1491/1491 1492/1492/1492
f 1490/1490/1490 1492/1492/1492 1493/1493/1493
f 1489/1489/1489 1488/1488/1488 1494/1494/1494
f 1489/1489/1489 1494/1494/1494 1495/1495/1495
f 1481/1481/1481 1480/1480/1480 1496/1496/1496
f 1481/1481/1481 1496/1496/1496 1497/1497/1497
f 1485/1485/1485 1484/1484/1484 1498/1498/1498
f 1485/1485/1485 1498/1498/1498 1499/1499/1499
f 1499/1499/1499 1498/1498/1498 1500/1500/1500
f 1499/1499/1499 1500/1500/1500 1501/1501/1501
f 1497/1497/1497 1496/1496/1496 1502/1502/1502
f 1497/1497/1497 1502/1502/1502 1503/1503/1503
f 1493/1493/1493 1492/1492/1492 1504/1504/1504
f 1493/1493/1493 1504/1504/1504 1430/1430/1430
f 1431/1431/1431 1505/1505/1505 1506/1506/1506
f 1431/1431/1431 1506/1506/1506 1507/1507/1507
f 1508/1508/1508 1456/1456/1456 1459/1459/1459
f 1508/1508/1508 1459/1459/1459 1509/1509/1509
f 1510/1510/1510 1511/1511/1511 1512/1512/1512
f 1510/1510/1510 1512/1512/1512 1513/1513/1513
f 1514/1514/1514 1515/1515/1515 1516/1516/1516
f 1514/1514/1514 1516/1516/1516 1517/1517/1517
f 1491/1491/1491 1518/1518/1518 1514/1514/1514
f 1491/1491/1491 1514/1514/1514 1492/1492/1492
f 1519/1519/1519 1497/1497/1497 1503/1503/1503
f 1519/1519/1519 1503/1503/1503 1520/1520/1520
f 1521/1521/1521 1481/1481/1481 1497/1497/1497
f 1521/1521/1521 1497/1497/1497 1519/1519/1519
f 1522/1522/1522 1523/1523/1523 1518/1518/1518
f 1522/1522/1522 1518/1518/1518 1491/1491/1491
f 1524/1524/1524 1447/1447/1447 1481/1481/1481
f 1524/1524/1524 1481/1481/1481 1521/1521/1521
f 1463/1463/1463 1525/1525/1525 1523/1523/1523
f 1463/1463/1463 1523/1523/1523 1522/1522/1522
f 1463/1463/1463 1462/1462/1462 1526/1526/1526
f 1463/1463/1463 1526/1526/1526 1525/1525/1525
f 1527/1527/1527 1444/1444/1444 1447/1447/1447
f 1527/1527/1527 1447/1447/1447 1524/1524/1524
f 1525/1525/1525 1526/1526/1526 1528/1528/1528
f 1525/1525/1525 1528/1528/1528 1448/1448/1448
f 1452/1452/1452 1455/1455/1455 1483/1483/1483
f 1452/1452/1452 1483/1483/1483 1482/1482/1482
f 1448/1448/1448 1528/1528/1528 1529/1529/1529
f 1448/1448/1448 1529/1529/1529 1449/1449/1449
f 1530/1530/1530 1531/1531/1531 1532/1532/1532
f 1530/1530/1530 1532/1532/1532 1533/1533/1533
f 1534/1534/1534 1522/1522/1522 1491/1491/1491
f 1534/1534/1534 1491/1491/1491 1490/1490/1490
f 1479/1479/1479 1478/1478/1478 1535/1535/1535
f 1479/1479/1479 1535/1535/1535 1515/1515/1515
f 1515/1515/1515 1535/1535/1535 1436/1436/1436
f 1515/1515/1515 1436/1436/1436 1516/1516/1516
f 1505/1505/1505 1510/1510/1510 1513/1513/1513
f 1505/1505/1505 1513/1513/1513 1506/1506/1506
f 1492/1492/1492 1514/1514/1514 1517/1517/1517
f 1492/1492/1492 1517/1517/1517 1504/1504/1504
f 1518/1518/1518 1479/1479/1479 1515/1515/1515
f 1518/1518/1518 1515/1515/1515 1514/1514/1514
f 1523/1523/1523 1451/1451/1451 1479/1479/1479
f 1523/1523/1523 1479/1479/1479 1518/1518/1518
f 1525/1525/1525 1448/1448/1448 1451/1451/1451
f 1525/1525/1525 1451/1451/1451 1523/1523/1523
f 1527/1527/1527 1536/1536/1536 1476/1476/1476
f 1527/1527/1527 1476/1476/1476 1444/1444/1444
f 1460/1460/1460 1463/1463/1463 1522/1522/1522
f 1460/1460/1460 1522/1522/1522 1534/1534/1534
f 1472/1472/1472 1475/1475/1475 1469/1469/1469
f 1472/1472/1472 1469/1469/1469 1468/1468/1468
f 1537/1537/1537 1538/1538/1538 1487/1487/1487
f 1537/1537/1537 1487/1487/1487 1486/1486/1486
f 1471/1471/1471 1470/1470/1470 1539/1539/1539
f 1471/1471/1471 1539/1539/1539 1540/1540/1540
f 1540/1540/1540 1539/1539/1539 1541/1541/1541
f 1540/1540/1540 1541/1541/1541 1542/1542/1542
f 1511/1511/1511 1435/1435/1435 1543/1543/1543
f 1511/1511/1511 1543/1543/1543 1512/1512/1512
f 1498/1498/1498 1544/1544/1544 1545/1545/1545
f 1498/1498/1498 1545/1545/1545 1500/1500/1500
f 1484/1484/1484 1546/1546/1546 1544/1544/1544
f 1484/1484/1484 1544/1544/1544 1498/1498/1498
f 1483/1483/1483 1547/1547/1547 1546/1546/1546
f 1483/1483/1483 1546/1546/1546 1484/1484/1484
f 1455/1455/1455 1548/1548/1548 1547/1547/1547
f 1455/1455/1455 1547/1547/1547 1483/1483/1483
f 1549/1549/1549 1550/1550/1550 1551/1551/1551
f 1531/1531/1531 1552/1552/1552 1532/1532/1532
f 1455/1455/1455 1454/1454/1454 1553/1553/1553
f 1455/1455/1455 1553/1553/1553 1548/1548/1548
f 1554/1554/1554 1555/1555/1555 1556/1556/1556
f 1554/1554/1554 1556/1556/1556 1557/1557/1557
f 1558/1558/1558 1559/1559/1559 1560/1560/1560
f 1561/1561/1561 1562/1562/1562 1563/1563/1563
f 1564/1564/1564 1565/1565/1565 1566/1566/1566
f 1564/1564/1564 1566/1566/1566 1567/1567/1567
f 1568/1568/1568 1569/1569/1569 1570/1570/1570
f 1568/1568/1568 1570/1570/1570 1571/1571/1571
f 1572/1572/1572 1573/1573/1573 1574/1574/1574
f 1572/1572/1572 1574/1574/1574 1575/1575/1575
f 1576/1576/1576 1577/1577/1577 1578/1578/1578
f 1579/1579/1579 1580/1580/1580 1581/1581/1581
f 1582/1582/1582 1583/1583/1583 1584/1584/1584
f 1582/1582/1582 1584/1584/1584 1585/1585/1585
f 1586/1586/1586 1587/1587/1587 1588/1588/1588
f 1586/1586/1586 1588/1588/1588 1589/1589/1589
f 1590/1590/1590 1566/1566/1566 1565/1565/1565
f 1590/1590/1590 1565/1565/1565 1591/1591/1591
f 1557/1557/1557 1592/1592/1592 1593/1593/1593
f 1557/1557/1557 1593/1593/1593 1554/1554/1554
f 1573/1573/1573 1594/1594/1594 1595/1595/1595
f 1573/1573/1573 1595/1595/1595 1574/1574/1574
f 1596/1596/1596 1584/1584/1584 1583/1583/1583
f 1596/1596/1596 1583/1583/1583 1597/1597/1597
f 1598/1598/1598 1590/1590/1590 1591/1591/1591
f 1598/1598/1598 1591/1591/1591 1599/1599/1599
f 1597/1597/1597 1600/1600/1600 1601/1601/1601
f 1597/1597/1597 1601/1601/1601 1596/1596/1596
f 1602/1602/1602 1603/1603/1603 1604/1604/1604
f 1602/1602/1602 1604/1604/1604 1605/1605/1605
f 1606/1606/1606 1595/1595/1595 1594/1594/1594
f 1606/1606/1606 1594/1594/1594 1607/1607/1607
f 1603/1603/1603 1608/1608/1608 1609/1609/1609
f 1603/1603/1603 1609/1609/1609 1604/1604/1604
f 1610/1610/1610 1601/1601/1601 1600/1600/1600
f 1610/1610/1610 1600/1600/1600 1611/1611/1611
f 1607/1607/1607 1612/1612/1612 1613/1613/1613
f 1607/1607/1607 1613/1613/1613 1606/1606/1606
f 1614/1614/1614 1598/1598/1598 1599/1599/1599
f 1614/1614/1614 1599/1599/1599 1615/1615/1615
f 1431/1431/1431 1616/1616/1616 1617/1617/1617
f 1431/1431/1431 1617/1617/1617 1429/1429/1429
f 1505/1505/1505 1431/1431/1431 1430/1430/1430
f 1505/1505/1505 1430/1430/1430 1504/1504/1504
f 1618/1618/1618 1435/1435/1435 1437/1437/1437
f 1618/1618/1618 1437/1437/1437 1619/1619/1619
f 1620/1620/1620 1621/1621/1621 1622/1622/1622
f 1620/1620/1620 1622/1622/1622 1623/1623/1623
f 1611/1611/1611 1624/1624/1624 1625/1625/1625
f 1611/1611/1611 1625/1625/1625 1610/1610/1610
f 1436/1436/1436 1613/1613/1613 1612/1612/1612
f 1436/1436/1436 1612/1612/1612 1437/1437/1437
f 1615/1615/1615 1626/1626/1626 1627/1627/1627
f 1615/1615/1615 1627/1627/1627 1614/1614/1614
f 1628/1628/1628 1609/1609/1609 1608/1608/1608
f 1628/1628/1628 1608/1608/1608 1629/1629/1629
f 1630/1630/1630 1631/1631/1631 1632/1632/1632
f 1633/1633/1633 1634/1634/1634 1635/1635/1635
f 1636/1636/1636 1637/1637/1637 1638/1638/1638
f 1636/1636/1636 1638/1638/1638 1639/1639/1639
f 1511/1511/1511 1510/1510/1510 1517/1517/1517
f 1511/1511/1511 1517/1517/1517 1516/1516/1516
f 1640/1640/1640 1641/1641/1641 1642/1642/1642
f 1640/1640/1640 1642/1642/1642 1643/1643/1643
f 1519/1519/1519 1520/1520/1520 1545/1545/1545
f 1519/1519/1519 1545/1545/1545 1544/1544/1544
f 1521/1521/1521 1519/1519/1519 1544/1544/1544
f 1521/1521/1521 1544/1544/1544 1546/1546/1546
f 1524/1524/1524 1521/1521/1521 1546/1546/1546
f 1524/1524/1524 1546/1546/1546 1547/1547/1547
f 1527/1527/1527 1524/1524/1524 1547/1547/1547
f 1527/1527/1527 1547/1547/1547 1548/1548/1548
f 1536/1536/1536 1527/1527/1527 1548/1548/1548
f 1536/1536/1536 1548/1548/1548 1553/1553/1553
f 1644/1644/1644 1645/1645/1645 1646/1646/1646
f 1647/1647/1647 1648/1648/1648 1649/1649/1649
f 1650/1650/1650 1620/1620/1620 1623/1623/1623
f 1650/1650/1650 1623/1623/1623 1651/1651/1651
f 1652/1652/1652 1636/1636/1636 1639/1639/1639
f 1652/1652/1652 1639/1639/1639 1653/1653/1653
f 1435/1435/1435 1511/1511/1511 1516/1516/1516
f 1435/1435/1435 1516/1516/1516 1436/1436/1436
f 1654/1654/1654 1586/1586/1586 1589/1589/1589
f 1654/1654/1654 1589/1589/1589 1655/1655/1655
f 1510/1510/1510 1505/1505/1505 1504/1504/1504
f 1510/1510/1510 1504/1504/1504 1517/1517/1517
f 1656/1656/1656 1657/1657/1657 1658/1658/1658
f 1659/1659/1659 1660/1660/1660 1661/1661/1661
f 1662/1662/1662 1640/1640/1640 1643/1643/1643
f 1662/1662/1662 1643/1643/1643 1663/1663/1663
f 1464/1464/1464 1467/1467/1467 1538/1538/1538
f 1464/1464/1464 1538/1538/1538 1537/1537/1537
g Barrel
usemtl Atlas
g Bolt
usemtl Atlas
f 4677/4677/4677 4678/4678/4678 4679/4679/4679
f 4677/4677/4677 4679/4679/4679 4680/4680/4680
f 4681/4681/4681 4682/4682/4682 4683/4683/4683
f 4681/4681/4681 4683/4683/4683 4684/4684/4684
f 4685/4685/4685 4686/4686/4686 4687/4687/4687
f 4685/4685/4685 4687/4687/4687 4688/4688/4688
f 4689/4689/4689 4690/4690/4690 4691/4691/4691
f 4692/4692/4692 4693/4693/4693 4694/4694/4694
f 4695/4695/4695 4696/4696/4696 4697/4697/4697
f 4695/4695/4695 4697/4697/4697 4698/4698/4698
f 4699/4699/4699 4700/4700/4700 4701/4701/4701
f 4699/4699/4699 4701/4701/4701 4702/4702/4702
f 4703/4703/4703 4704/4704/4704 4705/4705/4705
f 4703/4703/4703 4705/4705/4705 4706/4706/4706
f 4707/4707/4707 4708/4708/4708 4703/4703/4703
f 4707/4707/4707 4703/4703/4703 4709/4709/4709
f 4710/4710/4710 4711/4711/4711 4712/4712/4712
f 4710/4710/4710 4712/4712/4712 4713/4713/4713
f 4698/4698/4698 4697/4697/4697 4714/4714/4714
f 4698/4698/4698 4714/4714/4714 4715/4715/4715
f 4716/4716/4716 4717/4717/4717 4718/4718/4718
f 4716/4716/4716 4718/4718/4718 4719/4719/4719
f 4709/4709/4709 4703/4703/4703 4706/4706/4706
f 4709/4709/4709 4706/4706/4706 4720/4720/4720
f 4721/4721/4721 4722/4722/4722 4717/4717/4717
f 4721/4721/4721 4717/4717/4717 4716/4716/4716
f 4723/4723/4723 4724/4724/4724 4725/4725/4725
f 4723/4723/4723 4725/4725/4725 4726/4726/4726
f 4719/4719/4719 4718/4718/4718 4727/4727/4727
f 4719/4719/4719 4727/4727/4727 4728/4728/4728
f 4729/4729/4729 4730/4730/4730 4731/4731/4731
f 4729/4729/4729 4731/4731/4731 4732/4732/4732
f 4706/4706/4706 4705/4705/4705 4733/4733/4733
f 4706/4706/4706 4733/4733/4733 4734/4734/4734
f 4735/4735/4735 4736/4736/4736 4737/4737/4737
f 4735/4735/4735 4737/4737/4737 4738/4738/4738
f 4739/4739/4739 4740/4740/4740 4741/4741/4741
f 4739/4739/4739 4741/4741/4741 4742/4742/4742
f 4732/4732/4732 4731/4731/4731 4743/4743/4743
f 4732/4732/4732 4743/4743/4743 4744/4744/4744
f 4734/4734/4734 4733/4733/4733 4745/4745/4745
f 4734/4734/4734 4745/4745/4745 4746/4746/4746
f 4738/4738/4738 4737/4737/4737 4747/4747/4747
f 4738/4738/4738 4747/4747/4747 4748/4748/4748
f 4749/4749/4749 4750/4750/4750 4751/4751/4751
f 4749/4749/4749 4751/4751/4751 4752/4752/4752
f 4753/4753/4753 4754/4754/4754 4755/4755/4755
f 4756/4756/4756 4757/4757/4757 4758/4758/4758
f 4759/4759/4759 4760/4760/4760 4761/4761/4761
f 4762/4762/4762 4752/4752/4752 4751/4751/4751
f 4763/4763/4763 4764/4764/4764 4765/4765/4765
f 4763/4763/4763 4765/4765/4765 4766/4766/4766
f 4767/4767/4767 4768/4768/4768 4769/4769/4769
f 4767/4767/4767 4769/4769/4769 4770/4770/4770
f 4771/4771/4771 4772/4772/4772 4773/4773/4773
f 4771/4771/4771 4773/4773/4773 4774/4774/4774
f 4775/4775/4775 4776/4776/4776 4777/4777/4777
f 4775/4775/4775 4777/4777/4777 4778/4778/4778
f 4779/4779/4779 4780/4780/4780 4781/4781/4781
f 4779/4779/4779 4781/4781/4781 4782/4782/4782
f 4783/4783/4783 4784/4784/4784 4785/4785/4785
f 4783/4783/4783 4785/4785/4785 4786/4786/4786
f 4787/4787/4787 4788/4788/4788 4789/4789/4789
f 4787/4787/4787 4789/4789/4789 4790/4790/4790
f 4791/4791/4791 4792/4792/4792 4793/4793/4793
f 4791/4791/4791 4793/4793/4793 4794/4794/4794
f 4795/4795/4795 4796/4796/4796 4797/4797/4797
f 4795/4795/4795 4797/4797/4797 4798/4798/4798
f 4799/4799/4799 4800/4800/4800 4801/4801/4801
f 4799/4799/4799 4801/4801/4801 4802/4802/4802
f 4803/4803/4803 4804/4804/4804 4805/4805/4805
f 4803/4803/4803 4805/4805/4805 4806/4806/4806
f 4807/4807/4807 4808/4808/4808 4809/4809/4809
f 4807/4807/4807 4809/4809/4809 4810/4810/4810
f 4811/4811/4811 4812/4812/4812 4808/4808/4808
f 4811/4811/4811 4808/4808/4808 4807/4807/4807
f 4813/4813/4813 4814/4814/4814 4804/4804/4804
f 4813/4813/4813 4804/4804/4804 4803/4803/4803
f 4815/4815/4815 4816/4816/4816 4817/4817/4817
f 4815/4815/4815 4817/4817/4817 4818/4818/4818
f 4819/4819/4819 4820/4820/4820 4821/4821/4821
f 4819/4819/4819 4821/4821/4821 4822/4822/4822
f 4823/4823/4823 4824/4824/4824 4825/4825/4825
f 4823/4823/4823 4825/4825/4825 4826/4826/4826
f 4827/4827/4827 4828/4828/4828 4829/4829/4829
f 4827/4827/4827 4829/4829/4829 4830/4830/4830
f 4831/4831/4831 4832/4832/4832 4833/4833/4833
f 4831/4831/4831 4833/4833/4833 4834/4834/4834
f 4823/4823/4823 4835/4835/4835 4836/4836/4836
f 4823/4823/4823 4836/4836/4836 4824/4824/4824
f 4837/4837/4837 4838/4838/4838 4839/4839/4839
f 4837/4837/4837 4839/4839/4839 4840/4840/4840
f 4841/4841/4841 4842/4842/4842 4843/4843/4843
f 4822/4822/4822 4844/4844/4844 4845/4845/4845
f 4846/4846/4846 4847/4847/4847 4848/4848/4848
f 4849/4849/4849 4850/4850/4850 4851/4851/4851
f 4833/4833/4833 4832/4832/4832 4852/4852/4852
f 4833/4833/4833 4852/4852/4852 4853/4853/4853
f 4854/4854/4854 4855/4855/4855 4856/4856/4856
f 4855/4855/4855 4854/4854/4854 4857/4857/4857
f 4857/4857/4857 4854/4854/4854 4858/4858/4858
f 4859/4859/4859 4860/4860/4860 4861/4861/4861
f 4860/4860/4860 4859/4859/4859 4862/4862/4862
f 4862/4862/4862 4859/4859/4859 4863/4863/4863
f 4864/4864/4864 4865/4865/4865 4866/4866/4866
f 4865/4865/4865 4864/4864/4864 4867/4867/4867
f 4867/4867/4867 4864/4864/4864 4868/4868/4868
f 4869/4869/4869 4870/4870/4870 4871/4871/4871
f 4870/4870/4870 4869/4869/4869 4872/4872/4872
f 4872/4872/4872 4869/4869/4869 4873/4873/4873
g Scope
usemtl Atlas
