# Adapted CC0 source; see SOURCES.json
mtllib m4a1.mtl
v 0.014944 -0.266592 -0.162567
v 0.012712 0.005391 -0.138060
v 0.014944 -0.242569 -0.252952
v 0.012712 0.005391 -0.227118
v 0.014944 -0.198682 -0.147657
v 0.014944 -0.129732 -0.138721
v 0.014944 -0.060265 -0.135829
v 0.014944 -0.182630 -0.239791
v 0.014944 -0.121770 -0.231904
v 0.014944 -0.060454 -0.229352
v 0.014944 0.000159 -0.229350
v 0.014944 0.000159 -0.135828
v 0.012712 -0.016345 -0.138060
v 0.012712 -0.016345 -0.227118
v 0.007474 -0.266592 -0.162567
v 0.007474 0.000159 -0.135828
v 0.007474 -0.129732 -0.138721
v 0.007474 -0.198682 -0.147657
v 0.007474 -0.060265 -0.135829
v 0.006358 0.005391 -0.138060
v 0.007474 0.000159 -0.132759
v 0.007474 -0.129993 -0.135664
v 0.007474 -0.199209 -0.144634
v 0.007474 -0.060260 -0.132762
v 0.006358 0.005391 -0.134992
v 0.007474 -0.259536 -0.157880
v 0.017286 -0.195114 -0.168138
v 0.017286 -0.196673 -0.159193
v 0.017286 -0.127962 -0.159435
v 0.017286 -0.128735 -0.150388
v 0.017286 -0.188418 -0.206565
v 0.017286 -0.189977 -0.197621
v 0.017286 -0.124641 -0.198300
v 0.017286 -0.125414 -0.189254
v 0.017286 -0.185070 -0.225778
v 0.017286 -0.186629 -0.216834
v 0.017286 -0.122981 -0.217732
v 0.017286 -0.123755 -0.208686
v 0.017286 -0.232689 -0.166339
v 0.017286 -0.235156 -0.168434
v 0.017286 -0.069881 -0.149081
v 0.017286 -0.072765 -0.147614
v 0.017286 -0.233814 -0.174360
v 0.017286 -0.230715 -0.175203
v 0.017286 -0.072639 -0.156691
v 0.017286 -0.069819 -0.155157
v 0.017286 -0.224205 -0.204412
v 0.017286 -0.226533 -0.206475
v 0.017286 -0.069483 -0.188085
v 0.017286 -0.072225 -0.186616
v 0.017286 -0.225191 -0.212402
v 0.017286 -0.222230 -0.213275
v 0.017286 -0.072099 -0.195694
v 0.017286 -0.069421 -0.194160
v 0.017286 -0.219963 -0.223449
v 0.017286 -0.222222 -0.225495
v 0.017286 -0.069283 -0.207586
v 0.017286 -0.071954 -0.206118
v 0.017286 -0.220878 -0.231422
v 0.017286 -0.217988 -0.232311
v 0.017286 -0.071829 -0.215196
v 0.017286 -0.069222 -0.213663
v -0.014937 -0.266592 -0.162567
v -0.012704 0.005391 -0.138060
v -0.014937 -0.242569 -0.252952
v -0.012704 0.005391 -0.227118
v -0.014937 -0.198682 -0.147657
v -0.014937 -0.129732 -0.138721
v -0.014937 -0.060265 -0.135829
v -0.014937 -0.182630 -0.239791
v -0.014937 -0.121770 -0.231904
v -0.014937 -0.060454 -0.229352
v -0.014937 0.000159 -0.229350
v -0.014937 0.000159 -0.135828
v -0.012704 -0.016345 -0.138060
v -0.012704 -0.016345 -0.227118
v -0.007467 -0.266592 -0.162567
v -0.007467 0.000159 -0.135828
v -0.007467 -0.129732 -0.138721
v -0.007467 -0.198682 -0.147657
v -0.007467 -0.060265 -0.135829
v -0.006349 0.005391 -0.138060
v -0.007467 0.000159 -0.132759
v -0.007467 -0.129993 -0.135664
v -0.007467 -0.199209 -0.144634
v -0.007467 -0.060260 -0.132762
v -0.006349 0.005391 -0.134992
v -0.007467 -0.259536 -0.157880
v -0.017278 -0.195114 -0.168138
v -0.017278 -0.196673 -0.159193
v -0.017278 -0.127962 -0.159435
v -0.017278 -0.128735 -0.150388
v -0.017278 -0.188418 -0.206565
v -0.017278 -0.189977 -0.197621
v -0.017278 -0.124641 -0.198300
v -0.017278 -0.125414 -0.189254
v -0.017278 -0.185070 -0.225778
v -0.017278 -0.186629 -0.216834
v -0.017278 -0.122981 -0.217732
v -0.017278 -0.123755 -0.208686
v -0.017278 -0.232689 -0.166339
v -0.017278 -0.235156 -0.168434
v -0.017278 -0.069881 -0.149081
v -0.017278 -0.072765 -0.147614
v -0.017278 -0.233814 -0.174360
v -0.017278 -0.230715 -0.175203
v -0.017278 -0.072639 -0.156691
v -0.017278 -0.069819 -0.155157
v -0.017278 -0.224205 -0.204412
v -0.017278 -0.226533 -0.206475
v -0.017278 -0.069483 -0.188085
v -0.017278 -0.072225 -0.186616
v -0.017278 -0.225191 -0.212402
v -0.017278 -0.222230 -0.213275
v -0.017278 -0.072099 -0.195694
v -0.017278 -0.069421 -0.194160
v -0.017278 -0.219963 -0.223449
v -0.017278 -0.222222 -0.225495
v -0.017278 -0.069283 -0.207586
v -0.017278 -0.071954 -0.206118
v -0.017278 -0.220878 -0.231422
v -0.017278 -0.217988 -0.232311
v -0.017278 -0.071829 -0.215196
v -0.017278 -0.069222 -0.213663
v 0.001005 0.005391 -0.139165
v 0.001005 0.005391 -0.140201
v 0.000128 0.005391 -0.140201
v 0.000128 0.005391 -0.141340
v 0.000990 0.005391 -0.143185
v 0.000555 0.005391 -0.193270
v -0.001373 0.005391 -0.197815
v -0.001373 0.005391 -0.205541
v -0.001920 0.005391 -0.205541
v -0.001920 0.005391 -0.189966
v -0.001949 0.005391 -0.205798
v -0.001920 0.005391 -0.198643
v -0.005746 0.005391 -0.224590
v -0.004200 0.005391 -0.219892
v -0.003051 0.005391 -0.215195
v -0.002300 0.005391 -0.210496
v -0.001104 0.000300 -0.139165
v -0.001104 0.000300 -0.140201
v -0.001725 0.000920 -0.140201
v -0.001725 0.000920 -0.141340
v -0.001115 0.000311 -0.143185
v -0.001422 0.000618 -0.193270
v -0.002785 0.001980 -0.197815
v -0.002785 0.001980 -0.205541
v -0.003172 0.002367 -0.205541
v -0.003172 0.002367 -0.189966
v -0.003192 0.002388 -0.205798
v -0.003172 0.002367 -0.198643
v -0.005879 0.005075 -0.224590
v -0.004783 0.003980 -0.219892
v -0.003972 0.003167 -0.215195
v -0.003441 0.002637 -0.210496
v -0.006195 -0.001809 -0.139165
v -0.006195 -0.001809 -0.140201
v -0.006195 -0.000932 -0.140201
v -0.006195 -0.000932 -0.141340
v -0.006195 -0.001794 -0.143185
v -0.006195 -0.001359 -0.193270
v -0.006195 0.000568 -0.197815
v -0.006195 0.000568 -0.205541
v -0.006195 0.001116 -0.205541
v -0.006195 0.001116 -0.189966
v -0.006195 0.001145 -0.205798
v -0.006195 0.001116 -0.198643
v -0.006195 0.004943 -0.224590
v -0.006195 0.003394 -0.219892
v -0.006195 0.002246 -0.215195
v -0.006195 0.001496 -0.210496
v -0.011286 0.000300 -0.139165
v -0.011286 0.000300 -0.140201
v -0.010667 0.000920 -0.140201
v -0.010667 0.000920 -0.141340
v -0.011276 0.000311 -0.143185
v -0.010968 0.000618 -0.193270
v -0.009606 0.001980 -0.197815
v -0.009606 0.001980 -0.205541
v -0.009217 0.002367 -0.205541
v -0.009217 0.002367 -0.189966
v -0.009198 0.002388 -0.205798
v -0.009217 0.002367 -0.198643
v -0.006511 0.005075 -0.224590
v -0.007607 0.003980 -0.219892
v -0.008419 0.003167 -0.215195
v -0.008949 0.002637 -0.210496
v -0.013395 0.005391 -0.139165
v -0.013395 0.005391 -0.140201
v -0.012518 0.005391 -0.140201
v -0.012518 0.005391 -0.141340
v -0.013380 0.005391 -0.143185
v -0.012945 0.005391 -0.193270
v -0.011017 0.005391 -0.197815
v -0.011017 0.005391 -0.205541
v -0.010470 0.005391 -0.205541
v -0.010470 0.005391 -0.189966
v -0.010441 0.005391 -0.205798
v -0.010470 0.005391 -0.198643
v -0.006644 0.005391 -0.224590
v -0.008191 0.005391 -0.219892
v -0.009340 0.005391 -0.215195
v -0.010091 0.005391 -0.210496
v -0.011286 0.010482 -0.139165
v -0.011286 0.010482 -0.140201
v -0.010667 0.009861 -0.140201
v -0.010667 0.009861 -0.141340
v -0.011276 0.010471 -0.143185
v -0.010968 0.010164 -0.193270
v -0.009606 0.008800 -0.197815
v -0.009606 0.008800 -0.205541
v -0.009217 0.008414 -0.205541
v -0.009217 0.008414 -0.189966
v -0.009198 0.008393 -0.205798
v -0.009217 0.008414 -0.198643
v -0.006511 0.005707 -0.224590
v -0.007607 0.006802 -0.219892
v -0.008419 0.007614 -0.215195
v -0.008949 0.008145 -0.210496
v -0.006195 0.012591 -0.139165
v -0.006195 0.012591 -0.140201
v -0.006195 0.011713 -0.140201
v -0.006195 0.011713 -0.141340
v -0.006195 0.012576 -0.143185
v -0.006195 0.012141 -0.193270
v -0.006195 0.010214 -0.197815
v -0.006195 0.010214 -0.205541
v -0.006195 0.009666 -0.205541
v -0.006195 0.009666 -0.189966
v -0.006195 0.009636 -0.205798
v -0.006195 0.009666 -0.198643
v -0.006195 0.005838 -0.224590
v -0.006195 0.007386 -0.219892
v -0.006195 0.008535 -0.215195
v -0.006195 0.009285 -0.210496
v -0.001104 0.010482 -0.139165
v -0.001104 0.010482 -0.140201
v -0.001725 0.009861 -0.140201
v -0.001725 0.009861 -0.141340
v -0.001115 0.010471 -0.143185
v -0.001422 0.010164 -0.193270
v -0.002785 0.008800 -0.197815
v -0.002785 0.008800 -0.205541
v -0.003172 0.008414 -0.205541
v -0.003172 0.008414 -0.189966
v -0.003192 0.008393 -0.205798
v -0.003172 0.008414 -0.198643
v -0.005879 0.005707 -0.224590
v -0.004783 0.006802 -0.219892
v -0.003972 0.007614 -0.215195
v -0.003441 0.008145 -0.210496
v -0.004308 0.003504 -0.138490
v -0.003526 0.005391 -0.138490
v -0.006195 0.002723 -0.138490
v -0.008082 0.003504 -0.138490
v -0.008863 0.005391 -0.138490
v -0.008082 0.007278 -0.138490
v -0.006195 0.008060 -0.138490
v -0.004308 0.007278 -0.138490
v -0.001725 0.000920 -0.138490
v 0.000128 0.005391 -0.138490
v -0.006195 -0.000932 -0.138490
v -0.010667 0.000920 -0.138490
v -0.012518 0.005391 -0.138490
v -0.010667 0.009861 -0.138490
v -0.006195 0.011713 -0.138490
v -0.001725 0.009861 -0.138490
v -0.004962 0.004157 -0.138490
v -0.004450 0.005391 -0.138490
v -0.006195 0.003647 -0.138490
v -0.007430 0.004157 -0.138490
v -0.007940 0.005391 -0.138490
v -0.007430 0.006624 -0.138490
v -0.006195 0.007135 -0.138490
v -0.004962 0.006624 -0.138490
v -0.004541 0.003735 -0.139330
v -0.003855 0.005391 -0.139330
v -0.006195 0.003050 -0.139330
v -0.007849 0.003735 -0.139330
v -0.008535 0.005391 -0.139330
v -0.007849 0.007045 -0.139330
v -0.006195 0.007731 -0.139330
v -0.004541 0.007045 -0.139330
v 0.012525 -0.000369 -0.139165
v 0.012525 -0.000369 -0.140201
v 0.011647 -0.000369 -0.140201
v 0.011647 -0.000369 -0.141340
v 0.012510 -0.000369 -0.143185
v 0.012075 -0.000369 -0.193270
v 0.010148 -0.000369 -0.197815
v 0.010148 -0.000369 -0.205541
v 0.009600 -0.000369 -0.205541
v 0.009600 -0.000369 -0.189966
v 0.009572 -0.000369 -0.205798
v 0.009600 -0.000369 -0.198643
v 0.005772 -0.000369 -0.224590
v 0.007320 -0.000369 -0.219892
v 0.008469 -0.000369 -0.215195
v 0.009219 -0.000369 -0.210496
v 0.010416 -0.005460 -0.139165
v 0.010416 -0.005460 -0.140201
v 0.009795 -0.004840 -0.140201
v 0.009795 -0.004840 -0.141340
v 0.010405 -0.005449 -0.143185
v 0.010098 -0.005142 -0.193270
v 0.008734 -0.003780 -0.197815
v 0.008734 -0.003780 -0.205541
v 0.008347 -0.003393 -0.205541
v 0.008347 -0.003393 -0.189966
v 0.008328 -0.003372 -0.205798
v 0.008347 -0.003393 -0.198643
v 0.005641 -0.000686 -0.224590
v 0.006737 -0.001780 -0.219892
v 0.007548 -0.002594 -0.215195
v 0.008079 -0.003123 -0.210496
v 0.005325 -0.007569 -0.139165
v 0.005325 -0.007569 -0.140201
v 0.005325 -0.006691 -0.140201
v 0.005325 -0.006691 -0.141340
v 0.005325 -0.007554 -0.143185
v 0.005325 -0.007119 -0.193270
v 0.005325 -0.005191 -0.197815
v 0.005325 -0.005191 -0.205541
v 0.005325 -0.004644 -0.205541
v 0.005325 -0.004644 -0.189966
v 0.005325 -0.004615 -0.205798
v 0.005325 -0.004644 -0.198643
v 0.005325 -0.000818 -0.224590
v 0.005325 -0.002365 -0.219892
v 0.005325 -0.003515 -0.215195
v 0.005325 -0.004265 -0.210496
v 0.000234 -0.005460 -0.139165
v 0.000234 -0.005460 -0.140201
v 0.000853 -0.004840 -0.140201
v 0.000853 -0.004840 -0.141340
v 0.000245 -0.005449 -0.143185
v 0.000552 -0.005142 -0.193270
v 0.001915 -0.003780 -0.197815
v 0.001915 -0.003780 -0.205541
v 0.002302 -0.003393 -0.205541
v 0.002302 -0.003393 -0.189966
v 0.002322 -0.003372 -0.205798
v 0.002302 -0.003393 -0.198643
v 0.005008 -0.000686 -0.224590
v 0.003914 -0.001780 -0.219892
v 0.003100 -0.002594 -0.215195
v 0.002571 -0.003123 -0.210496
v -0.001875 -0.000369 -0.139165
v -0.001875 -0.000369 -0.140201
v -0.000998 -0.000369 -0.140201
v -0.000998 -0.000369 -0.141340
v -0.001860 -0.000369 -0.143185
v -0.001425 -0.000369 -0.193270
v 0.000503 -0.000369 -0.197815
v 0.000503 -0.000369 -0.205541
v 0.001050 -0.000369 -0.205541
v 0.001050 -0.000369 -0.189966
v 0.001079 -0.000369 -0.205798
v 0.001050 -0.000369 -0.198643
v 0.004876 -0.000369 -0.224590
v 0.003328 -0.000369 -0.219892
v 0.002180 -0.000369 -0.215195
v 0.001429 -0.000369 -0.210496
v 0.000234 0.004722 -0.139165
v 0.000234 0.004722 -0.140201
v 0.000853 0.004101 -0.140201
v 0.000853 0.004101 -0.141340
v 0.000245 0.004712 -0.143185
v 0.000552 0.004404 -0.193270
v 0.001915 0.003041 -0.197815
v 0.001915 0.003041 -0.205541
v 0.002302 0.002654 -0.205541
v 0.002302 0.002654 -0.189966
v 0.002322 0.002633 -0.205798
v 0.002302 0.002654 -0.198643
v 0.005008 -0.000052 -0.224590
v 0.003914 0.001043 -0.219892
v 0.003100 0.001854 -0.215195
v 0.002571 0.002385 -0.210496
v 0.005325 0.006831 -0.139165
v 0.005325 0.006831 -0.140201
v 0.005325 0.005954 -0.140201
v 0.005325 0.005954 -0.141340
v 0.005325 0.006816 -0.143185
v 0.005325 0.006381 -0.193270
v 0.005325 0.004453 -0.197815
v 0.005325 0.004453 -0.205541
v 0.005325 0.003906 -0.205541
v 0.005325 0.003906 -0.189966
v 0.005325 0.003876 -0.205798
v 0.005325 0.003906 -0.198643
v 0.005325 0.000078 -0.224590
v 0.005325 0.001626 -0.219892
v 0.005325 0.002775 -0.215195
v 0.005325 0.003525 -0.210496
v 0.010416 0.004722 -0.139165
v 0.010416 0.004722 -0.140201
v 0.009795 0.004101 -0.140201
v 0.009795 0.004101 -0.141340
v 0.010405 0.004712 -0.143185
v 0.010098 0.004404 -0.193270
v 0.008734 0.003041 -0.197815
v 0.008734 0.003041 -0.205541
v 0.008347 0.002654 -0.205541
v 0.008347 0.002654 -0.189966
v 0.008328 0.002633 -0.205798
v 0.008347 0.002654 -0.198643
v 0.005641 -0.000052 -0.224590
v 0.006737 0.001043 -0.219892
v 0.007548 0.001854 -0.215195
v 0.008079 0.002385 -0.210496
v 0.007212 -0.002256 -0.138490
v 0.007994 -0.000369 -0.138490
v 0.005325 -0.003037 -0.138490
v 0.003438 -0.002256 -0.138490
v 0.002657 -0.000369 -0.138490
v 0.003438 0.001518 -0.138490
v 0.005325 0.002300 -0.138490
v 0.007212 0.001518 -0.138490
v 0.009795 -0.004840 -0.138490
v 0.011647 -0.000369 -0.138490
v 0.005325 -0.006691 -0.138490
v 0.000853 -0.004840 -0.138490
v -0.000998 -0.000369 -0.138490
v 0.000853 0.004101 -0.138490
v 0.005325 0.005954 -0.138490
v 0.009795 0.004101 -0.138490
v 0.006558 -0.001604 -0.138490
v 0.007070 -0.000369 -0.138490
v 0.005325 -0.002113 -0.138490
v 0.004090 -0.001604 -0.138490
v 0.003580 -0.000369 -0.138490
v 0.004090 0.000864 -0.138490
v 0.005325 0.001375 -0.138490
v 0.006558 0.000864 -0.138490
v 0.006979 -0.002025 -0.139330
v 0.007665 -0.000369 -0.139330
v 0.005325 -0.002711 -0.139330
v 0.003671 -0.002025 -0.139330
v 0.002985 -0.000369 -0.139330
v 0.003671 0.001285 -0.139330
v 0.005325 0.001971 -0.139330
v 0.006979 0.001285 -0.139330
v 0.001005 -0.008721 -0.139165
v 0.001005 -0.008721 -0.140201
v 0.000128 -0.008721 -0.140201
v 0.000128 -0.008721 -0.141340
v 0.000990 -0.008721 -0.143185
v 0.000555 -0.008721 -0.193270
v -0.001373 -0.008721 -0.197815
v -0.001373 -0.008721 -0.205541
v -0.001920 -0.008721 -0.205541
v -0.001920 -0.008721 -0.189966
v -0.001949 -0.008721 -0.205798
v -0.001920 -0.008721 -0.198643
v -0.005746 -0.008721 -0.224590
v -0.004200 -0.008721 -0.219892
v -0.003051 -0.008721 -0.215195
v -0.002300 -0.008721 -0.210496
v -0.001104 -0.013812 -0.139165
v -0.001104 -0.013812 -0.140201
v -0.001725 -0.013193 -0.140201
v -0.001725 -0.013193 -0.141340
v -0.001115 -0.013802 -0.143185
v -0.001422 -0.013494 -0.193270
v -0.002785 -0.012132 -0.197815
v -0.002785 -0.012132 -0.205541
v -0.003172 -0.011745 -0.205541
v -0.003172 -0.011745 -0.189966
v -0.003192 -0.011724 -0.205798
v -0.003172 -0.011745 -0.198643
v -0.005879 -0.009038 -0.224590
v -0.004783 -0.010132 -0.219892
v -0.003972 -0.010946 -0.215195
v -0.003441 -0.011475 -0.210496
v -0.006195 -0.015921 -0.139165
v -0.006195 -0.015921 -0.140201
v -0.006195 -0.015043 -0.140201
v -0.006195 -0.015043 -0.141340
v -0.006195 -0.015906 -0.143185
v -0.006195 -0.015471 -0.193270
v -0.006195 -0.013543 -0.197815
v -0.006195 -0.013543 -0.205541
v -0.006195 -0.012996 -0.205541
v -0.006195 -0.012996 -0.189966
v -0.006195 -0.012967 -0.205798
v -0.006195 -0.012996 -0.198643
v -0.006195 -0.009170 -0.224590
v -0.006195 -0.010718 -0.219892
v -0.006195 -0.011866 -0.215195
v -0.006195 -0.012616 -0.210496
v -0.011286 -0.013812 -0.139165
v -0.011286 -0.013812 -0.140201
v -0.010667 -0.013193 -0.140201
v -0.010667 -0.013193 -0.141340
v -0.011276 -0.013802 -0.143185
v -0.010968 -0.013494 -0.193270
v -0.009606 -0.012132 -0.197815
v -0.009606 -0.012132 -0.205541
v -0.009217 -0.011745 -0.205541
v -0.009217 -0.011745 -0.189966
v -0.009198 -0.011724 -0.205798
v -0.009217 -0.011745 -0.198643
v -0.006511 -0.009038 -0.224590
v -0.007607 -0.010132 -0.219892
v -0.008419 -0.010946 -0.215195
v -0.008949 -0.011475 -0.210496
v -0.013395 -0.008721 -0.139165
v -0.013395 -0.008721 -0.140201
v -0.012518 -0.008721 -0.140201
v -0.012518 -0.008721 -0.141340
v -0.013380 -0.008721 -0.143185
v -0.012945 -0.008721 -0.193270
v -0.011017 -0.008721 -0.197815
v -0.011017 -0.008721 -0.205541
v -0.010470 -0.008721 -0.205541
v -0.010470 -0.008721 -0.189966
v -0.010441 -0.008721 -0.205798
v -0.010470 -0.008721 -0.198643
v -0.006644 -0.008721 -0.224590
v -0.008191 -0.008721 -0.219892
v -0.009340 -0.008721 -0.215195
v -0.010091 -0.008721 -0.210496
v -0.011286 -0.003630 -0.139165
v -0.011286 -0.003630 -0.140201
v -0.010667 -0.004251 -0.140201
v -0.010667 -0.004251 -0.141340
v -0.011276 -0.003640 -0.143185
v -0.010968 -0.003948 -0.193270
v -0.009606 -0.005312 -0.197815
v -0.009606 -0.005312 -0.205541
v -0.009217 -0.005698 -0.205541
v -0.009217 -0.005698 -0.189966
v -0.009198 -0.005719 -0.205798
v -0.009217 -0.005698 -0.198643
v -0.006511 -0.008405 -0.224590
v -0.007607 -0.007310 -0.219892
v -0.008419 -0.006498 -0.215195
v -0.008949 -0.005967 -0.210496
v -0.006195 -0.001521 -0.139165
v -0.006195 -0.001521 -0.140201
v -0.006195 -0.002399 -0.140201
v -0.006195 -0.002399 -0.141340
v -0.006195 -0.001536 -0.143185
v -0.006195 -0.001971 -0.193270
v -0.006195 -0.003899 -0.197815
v -0.006195 -0.003899 -0.205541
v -0.006195 -0.004446 -0.205541
v -0.006195 -0.004446 -0.189966
v -0.006195 -0.004476 -0.205798
v -0.006195 -0.004446 -0.198643
v -0.006195 -0.008274 -0.224590
v -0.006195 -0.006726 -0.219892
v -0.006195 -0.005577 -0.215195
v -0.006195 -0.004827 -0.210496
v -0.001104 -0.003630 -0.139165
v -0.001104 -0.003630 -0.140201
v -0.001725 -0.004251 -0.140201
v -0.001725 -0.004251 -0.141340
v -0.001115 -0.003640 -0.143185
v -0.001422 -0.003948 -0.193270
v -0.002785 -0.005312 -0.197815
v -0.002785 -0.005312 -0.205541
v -0.003172 -0.005698 -0.205541
v -0.003172 -0.005698 -0.189966
v -0.003192 -0.005719 -0.205798
v -0.003172 -0.005698 -0.198643
v -0.005879 -0.008405 -0.224590
v -0.004783 -0.007310 -0.219892
v -0.003972 -0.006498 -0.215195
v -0.003441 -0.005967 -0.210496
v -0.004308 -0.010608 -0.138490
v -0.003526 -0.008721 -0.138490
v -0.006195 -0.011390 -0.138490
v -0.008082 -0.010608 -0.138490
v -0.008863 -0.008721 -0.138490
v -0.008082 -0.006834 -0.138490
v -0.006195 -0.006053 -0.138490
v -0.004308 -0.006834 -0.138490
v -0.001725 -0.013193 -0.138490
v 0.000128 -0.008721 -0.138490
v -0.006195 -0.015043 -0.138490
v -0.010667 -0.013193 -0.138490
v -0.012518 -0.008721 -0.138490
v -0.010667 -0.004251 -0.138490
v -0.006195 -0.002399 -0.138490
v -0.001725 -0.004251 -0.138490
v -0.004962 -0.009955 -0.138490
v -0.004450 -0.008721 -0.138490
v -0.006195 -0.010465 -0.138490
v -0.007430 -0.009955 -0.138490
v -0.007940 -0.008721 -0.138490
v -0.007430 -0.007488 -0.138490
v -0.006195 -0.006977 -0.138490
v -0.004962 -0.007488 -0.138490
v -0.004541 -0.010377 -0.139330
v -0.003855 -0.008721 -0.139330
v -0.006195 -0.011062 -0.139330
v -0.007849 -0.010377 -0.139330
v -0.008535 -0.008721 -0.139330
v -0.007849 -0.007066 -0.139330
v -0.006195 -0.006381 -0.139330
v -0.004541 -0.007066 -0.139330
v 0.015756 -0.101811 -0.133626
v 0.015756 -0.085144 -0.231234
v 0.018430 -0.000697 0.015987
v 0.015756 -0.058194 -0.133626
v 0.015756 -0.058194 -0.231234
v 0.018430 0.030933 0.015987
v 0.018430 -0.043122 0.005370
v 0.010861 -0.052716 0.005370
v 0.010849 -0.052716 -0.129715
v 0.018430 -0.043143 -0.134538
v 0.018430 -0.070584 -0.230627
v 0.010860 -0.069707 -0.235389
v 0.010832 -0.089196 -0.129715
v 0.018430 -0.088305 -0.134553
v 0.020948 -0.073565 -0.236214
v 0.012828 -0.072738 -0.241057
v 0.020948 -0.091407 -0.131715
v 0.012795 -0.092229 -0.126907
v 0.018430 -0.028234 0.015987
v 0.010870 -0.035846 0.015987
v 0.018430 -0.019637 0.029352
v 0.010875 -0.023065 0.035379
v 0.018430 -0.000697 0.029352
v 0.010876 -0.000697 0.035379
v 0.010874 -0.019886 -0.235389
v 0.018430 -0.016449 -0.230662
v 0.018430 -0.000697 -0.246714
v 0.010911 -0.000697 -0.251214
v 0.018430 -0.012344 -0.246714
v 0.010875 -0.016953 -0.246855
v 0.010911 -0.011338 -0.251214
v 0.020948 -0.102139 -0.131703
v 0.012798 -0.102959 -0.126907
v 0.014281 -0.102358 -0.130422
v 0.012831 -0.083468 -0.241057
v 0.020948 -0.084293 -0.236227
v 0.014780 -0.084139 -0.237123
v 0.018430 0.030933 0.029352
v 0.010875 0.030933 0.035379
v -0.015748 -0.101811 -0.133626
v -0.015748 -0.085144 -0.231234
v -0.018422 -0.000697 0.015987
v -0.015748 -0.058194 -0.133626
v -0.015748 -0.058194 -0.231234
v -0.018422 0.030933 0.015987
v -0.018422 -0.043122 0.005370
v -0.010854 -0.052716 0.005370
v -0.010842 -0.052716 -0.129715
v -0.018422 -0.043143 -0.134538
v -0.018422 -0.070584 -0.230627
v -0.010853 -0.069707 -0.235389
v -0.010824 -0.089196 -0.129715
v -0.018422 -0.088305 -0.134553
v -0.020938 -0.073565 -0.236214
v -0.012821 -0.072738 -0.241057
v -0.020938 -0.091407 -0.131715
v -0.012788 -0.092229 -0.126907
v -0.018422 -0.028234 0.015987
v -0.010861 -0.035846 0.015987
v -0.018422 -0.019637 0.029352
v -0.010866 -0.023065 0.035379
v -0.018422 -0.000697 0.029352
v -0.010869 -0.000697 0.035379
v -0.010865 -0.019886 -0.235389
v -0.018422 -0.016449 -0.230662
v -0.018422 -0.000697 -0.246714
v -0.010903 -0.000697 -0.251214
v -0.018422 -0.012344 -0.246714
v -0.010866 -0.016953 -0.246855
v -0.010903 -0.011338 -0.251214
v -0.020938 -0.102139 -0.131703
v -0.012790 -0.102959 -0.126907
v -0.014272 -0.102358 -0.130422
v -0.012823 -0.083468 -0.241057
v -0.020938 -0.084293 -0.236227
v -0.014772 -0.084139 -0.237123
v -0.018422 0.030933 0.029352
v -0.010867 0.030933 0.035379
v 0.011255 0.053789 0.015987
v 0.011255 0.053789 -0.288048
v 0.017580 -0.000697 0.015987
v 0.017580 -0.000697 -0.288048
v 0.017580 0.030933 -0.288048
v 0.017580 0.030933 0.015987
v 0.011255 0.053789 -0.113494
v 0.015001 0.008252 -0.118764
v 0.014621 0.026379 -0.118764
v 0.014621 0.026379 -0.230988
v 0.011255 0.053789 -0.236608
v 0.015001 0.008252 -0.230988
v -0.011246 0.053789 0.015987
v -0.011246 0.053789 -0.288048
v -0.017571 -0.000697 0.015987
v -0.017571 -0.000697 -0.288048
v -0.017571 0.030933 -0.288048
v -0.017571 0.030933 0.015987
v -0.011246 0.053789 -0.113494
v -0.017571 -0.000697 -0.113494
v -0.017571 0.030933 -0.113494
v -0.017571 0.030933 -0.236608
v -0.011246 0.053789 -0.236608
v -0.017571 -0.000697 -0.236608
v 0.010870 0.034533 -0.230988
v 0.017580 -0.000697 -0.236608
v 0.010870 0.034533 -0.118764
v 0.017580 -0.000697 -0.113494
v 0.017580 0.030933 -0.113494
v 0.017580 0.030933 -0.236608
v -0.014358 0.008252 -0.118764
v -0.014358 0.026379 -0.118764
v -0.014358 0.026379 -0.230988
v -0.014358 0.008252 -0.230988
v -0.014358 0.034533 -0.230988
v -0.014358 0.034533 -0.118764
v 0.012061 0.038491 -0.117127
v 0.012061 0.038491 -0.232974
v 0.016772 0.005397 -0.232974
v 0.016772 0.005397 -0.117127
v 0.016772 0.028656 -0.117127
v 0.016772 0.028656 -0.232974
v 0.015001 0.008252 -0.137109
v 0.010216 0.008252 -0.230988
v 0.010216 0.008252 -0.118764
v 0.010216 0.008252 -0.137109
v -0.014358 0.008252 -0.137109
v -0.015503 -0.004131 -0.230988
v -0.015503 -0.004131 -0.137109
v 0.010216 -0.004131 -0.137109
v 0.010216 -0.004131 -0.230988
v 0.011255 0.053789 0.015987
v 0.011255 0.061288 0.015987
v 0.011255 0.053789 -0.572839
v 0.011255 0.061288 -0.572839
v -0.011246 0.053789 0.015987
v -0.011246 0.061288 0.015987
v -0.011246 0.053789 -0.572839
v -0.011246 0.061288 -0.572839
v 0.011255 0.068789 0.015987
v 0.015005 0.065038 0.015987
v 0.011255 0.068789 -0.572839
v 0.015005 0.065038 -0.572839
v -0.011246 0.068789 0.015987
v -0.014996 0.065038 0.015987
v -0.011246 0.068789 -0.572839
v -0.014996 0.065038 -0.572839
v 0.011255 -0.000451 -0.572839
v 0.011255 -0.005867 -0.572839
v 0.011255 -0.000451 -0.288048
v 0.011255 -0.005867 -0.288048
v -0.011246 -0.000451 -0.572839
v -0.011246 -0.005867 -0.572839
v -0.011246 -0.000451 -0.288048
v -0.011246 -0.005867 -0.288048
v 0.011255 -0.013366 -0.572839
v 0.015005 -0.009617 -0.572839
v 0.011255 -0.013366 -0.288048
v 0.015005 -0.009617 -0.288048
v -0.011246 -0.013366 -0.572839
v -0.014996 -0.009617 -0.572839
v -0.011246 -0.013366 -0.288048
v -0.014996 -0.009617 -0.288048
v -0.021922 0.016422 -0.571443
v -0.028888 0.016422 -0.571443
v -0.021922 0.016422 -0.289443
v -0.028888 0.016422 -0.289443
v -0.021922 0.038922 -0.571443
v -0.028888 0.038922 -0.571443
v -0.021922 0.038922 -0.289443
v -0.028888 0.038922 -0.289443
v -0.036388 0.016422 -0.571443
v -0.032639 0.012672 -0.571443
v -0.036388 0.016422 -0.289443
v -0.032639 0.012672 -0.289443
v -0.036388 0.038922 -0.571443
v -0.032639 0.042672 -0.571443
v -0.036388 0.038922 -0.289443
v -0.032639 0.042672 -0.289443
v 0.021930 0.016422 -0.571443
v 0.028896 0.016422 -0.571443
v 0.021930 0.016422 -0.289443
v 0.028896 0.016422 -0.289443
v 0.021930 0.038922 -0.571443
v 0.028896 0.038922 -0.571443
v 0.021930 0.038922 -0.289443
v 0.028896 0.038922 -0.289443
v 0.036396 0.016422 -0.571443
v 0.032646 0.012672 -0.571443
v 0.036396 0.016422 -0.289443
v 0.032646 0.012672 -0.289443
v 0.036396 0.038922 -0.571443
v 0.032646 0.042672 -0.571443
v 0.036396 0.038922 -0.289443
v 0.032646 0.042672 -0.289443
v 0.013596 -0.000451 -0.288048
v 0.013596 -0.000451 -0.572839
v 0.021930 0.015515 -0.288048
v 0.021930 0.015515 -0.572839
v 0.021930 0.039931 -0.288048
v 0.021930 0.039931 -0.572839
v 0.013596 0.053789 -0.288048
v 0.013596 0.053789 -0.572839
v 0.019971 0.007665 -0.288048
v 0.019971 0.007665 -0.572839
v 0.019971 0.049791 -0.288048
v 0.019971 0.049791 -0.572839
v 0.013596 -0.000451 -0.336133
v 0.013596 -0.000451 -0.520696
v 0.021930 0.015515 -0.520696
v 0.021930 0.015515 -0.336133
v 0.021930 0.039931 -0.520696
v 0.021930 0.039931 -0.336133
v 0.013596 0.053789 -0.520696
v 0.013596 0.053789 -0.336133
v 0.019971 0.049791 -0.336133
v 0.019971 0.049791 -0.520696
v 0.019971 0.007665 -0.336133
v 0.019971 0.007665 -0.520696
v 0.019971 0.007665 -0.413658
v 0.019971 0.049791 -0.413658
v 0.013596 -0.000451 -0.377974
v 0.013596 -0.000451 -0.413658
v 0.021930 0.015515 -0.413658
v 0.021930 0.015515 -0.377974
v 0.021930 0.039931 -0.413658
v 0.021930 0.039931 -0.377974
v 0.013596 0.053789 -0.413658
v 0.013596 0.053789 -0.377974
v 0.019971 0.049791 -0.377974
v 0.019971 0.007665 -0.377974
v 0.019971 0.007665 -0.493140
v 0.019971 0.049791 -0.493140
v 0.013596 -0.000451 -0.455497
v 0.013596 -0.000451 -0.493140
v 0.021930 0.015515 -0.493140
v 0.021930 0.015515 -0.455497
v 0.021930 0.039931 -0.493140
v 0.021930 0.039931 -0.455497
v 0.013596 0.053789 -0.493140
v 0.013596 0.053789 -0.455497
v 0.019971 0.049791 -0.455497
v 0.019971 0.007665 -0.455497
v 0.009624 0.006037 -0.288048
v 0.009624 0.006037 -0.572839
v 0.014430 0.016207 -0.288048
v 0.014430 0.016207 -0.572839
v 0.014430 0.039378 -0.288048
v 0.014430 0.039378 -0.572839
v 0.009624 0.048921 -0.288048
v 0.009624 0.048921 -0.572839
v 0.012948 0.010268 -0.288048
v 0.012948 0.010268 -0.572839
v 0.011477 0.046574 -0.288048
v 0.012855 0.047307 -0.572839
v 0.011009 0.006483 -0.336133
v 0.011009 0.006483 -0.520696
v 0.014410 0.015977 -0.520696
v 0.014410 0.015977 -0.336133
v 0.014418 0.039563 -0.520696
v 0.014418 0.039563 -0.336133
v 0.011009 0.048474 -0.520696
v 0.011009 0.048474 -0.336133
v 0.011477 0.046574 -0.336133
v 0.012855 0.047307 -0.520696
v 0.012948 0.010268 -0.336133
v 0.012948 0.010268 -0.520696
v 0.012948 0.010268 -0.413658
v 0.012855 0.047307 -0.413658
v 0.011009 0.006483 -0.377974
v 0.011009 0.006483 -0.413658
v 0.014410 0.015977 -0.413658
v 0.014410 0.015977 -0.377974
v 0.014418 0.039563 -0.413658
v 0.014418 0.039563 -0.377974
v 0.011009 0.048474 -0.413658
v 0.011009 0.048474 -0.377974
v 0.012855 0.047307 -0.377974
v 0.012948 0.010268 -0.377974
v 0.012948 0.010268 -0.493140
v 0.012855 0.047307 -0.493140
v 0.011009 0.006483 -0.455497
v 0.011009 0.006483 -0.493140
v 0.014410 0.015977 -0.493140
v 0.014410 0.015977 -0.455497
v 0.014418 0.039563 -0.493140
v 0.014418 0.039563 -0.455497
v 0.011009 0.048474 -0.493140
v 0.011009 0.048474 -0.455497
v 0.012855 0.047307 -0.455497
v 0.012948 0.010268 -0.455497
v -0.013587 -0.000451 -0.288048
v -0.013587 -0.000451 -0.572839
v -0.021922 0.015515 -0.288048
v -0.021922 0.015515 -0.572839
v -0.021922 0.039931 -0.288048
v -0.021922 0.039931 -0.572839
v -0.013587 0.053789 -0.288048
v -0.013587 0.053789 -0.572839
v -0.019963 0.007665 -0.288048
v -0.019963 0.007665 -0.572839
v -0.019963 0.049791 -0.288048
v -0.019963 0.049791 -0.572839
v -0.013587 -0.000451 -0.336133
v -0.013587 -0.000451 -0.520696
v -0.021922 0.015515 -0.520696
v -0.021922 0.015515 -0.336133
v -0.021922 0.039931 -0.520696
v -0.021922 0.039931 -0.336133
v -0.013587 0.053789 -0.520696
v -0.013587 0.053789 -0.336133
v -0.019963 0.049791 -0.336133
v -0.019963 0.049791 -0.520696
v -0.019963 0.007665 -0.336133
v -0.019963 0.007665 -0.520696
v -0.019963 0.007665 -0.413658
v -0.019963 0.049791 -0.413658
v -0.013587 -0.000451 -0.377974
v -0.013587 -0.000451 -0.413658
v -0.021922 0.015515 -0.413658
v -0.021922 0.015515 -0.377974
v -0.021922 0.039931 -0.413658
v -0.021922 0.039931 -0.377974
v -0.013587 0.053789 -0.413658
v -0.013587 0.053789 -0.377974
v -0.019963 0.049791 -0.377974
v -0.019963 0.007665 -0.377974
v -0.019963 0.007665 -0.493140
v -0.019963 0.049791 -0.493140
v -0.013587 -0.000451 -0.455497
v -0.013587 -0.000451 -0.493140
v -0.021922 0.015515 -0.493140
v -0.021922 0.015515 -0.455497
v -0.021922 0.039931 -0.493140
v -0.021922 0.039931 -0.455497
v -0.013587 0.053789 -0.493140
v -0.013587 0.053789 -0.455497
v -0.019963 0.049791 -0.455497
v -0.019963 0.007665 -0.455497
v -0.009617 0.006037 -0.288048
v -0.009617 0.006037 -0.572839
v -0.014423 0.016207 -0.288048
v -0.014423 0.016207 -0.572839
v -0.014423 0.039378 -0.288048
v -0.014423 0.039378 -0.572839
v -0.009617 0.048921 -0.288048
v -0.009617 0.048921 -0.572839
v -0.012940 0.010268 -0.288048
v -0.012940 0.010268 -0.572839
v -0.011468 0.046574 -0.288048
v -0.012847 0.047307 -0.572839
v -0.011000 0.006483 -0.336133
v -0.011000 0.006483 -0.520696
v -0.014403 0.015977 -0.520696
v -0.014403 0.015977 -0.336133
v -0.014410 0.039563 -0.520696
v -0.014410 0.039563 -0.336133
v -0.011000 0.048474 -0.520696
v -0.011000 0.048474 -0.336133
v -0.011468 0.046574 -0.336133
v -0.012847 0.047307 -0.520696
v -0.012940 0.010268 -0.336133
v -0.012940 0.010268 -0.520696
v -0.012940 0.010268 -0.413658
v -0.012847 0.047307 -0.413658
v -0.011000 0.006483 -0.377974
v -0.011000 0.006483 -0.413658
v -0.014403 0.015977 -0.413658
v -0.014403 0.015977 -0.377974
v -0.014410 0.039563 -0.413658
v -0.014410 0.039563 -0.377974
v -0.011000 0.048474 -0.413658
v -0.011000 0.048474 -0.377974
v -0.012847 0.047307 -0.377974
v -0.012940 0.010268 -0.377974
v -0.012940 0.010268 -0.493140
v -0.012847 0.047307 -0.493140
v -0.011000 0.006483 -0.455497
v -0.011000 0.006483 -0.493140
v -0.014403 0.015977 -0.493140
v -0.014403 0.015977 -0.455497
v -0.014410 0.039563 -0.493140
v -0.014410 0.039563 -0.455497
v -0.011000 0.048474 -0.493140
v -0.011000 0.048474 -0.455497
v -0.012847 0.047307 -0.455497
v -0.012940 0.010268 -0.455497
v 0.004771 -0.093393 -0.086668
v 0.004771 -0.050030 -0.093426
v 0.004771 -0.093393 -0.084357
v 0.004771 -0.050030 -0.091116
v 0.002363 -0.093393 -0.084357
v 0.002363 -0.050030 -0.091116
v 0.002363 -0.093393 -0.083376
v 0.002363 -0.050030 -0.077053
v 0.004771 -0.058703 -0.085687
v 0.004771 -0.067376 -0.080673
v 0.004771 -0.076047 -0.080673
v 0.004771 -0.084720 -0.081871
v 0.004771 -0.058703 -0.083376
v 0.004771 -0.067376 -0.078362
v 0.004771 -0.076047 -0.078362
v 0.004771 -0.084720 -0.079561
v 0.002363 -0.058703 -0.083376
v 0.002363 -0.067376 -0.078362
v 0.002363 -0.076047 -0.078362
v 0.002363 -0.084720 -0.079561
v 0.002363 -0.058703 -0.077053
v 0.002363 -0.067376 -0.074656
v 0.002363 -0.076047 -0.075091
v 0.002363 -0.084720 -0.078471
v -0.004764 -0.093393 -0.086668
v -0.004764 -0.050030 -0.093426
v -0.004764 -0.093393 -0.084357
v -0.004764 -0.050030 -0.091116
v -0.002355 -0.093393 -0.084357
v -0.002355 -0.050030 -0.091116
v -0.002355 -0.093393 -0.083376
v -0.002355 -0.050030 -0.077053
v -0.004764 -0.058703 -0.085687
v -0.004764 -0.067376 -0.080673
v -0.004764 -0.076047 -0.080673
v -0.004764 -0.084720 -0.081871
v -0.004764 -0.058703 -0.083376
v -0.004764 -0.067376 -0.078362
v -0.004764 -0.076047 -0.078362
v -0.004764 -0.084720 -0.079561
v -0.002355 -0.058703 -0.083376
v -0.002355 -0.067376 -0.078362
v -0.002355 -0.076047 -0.078362
v -0.002355 -0.084720 -0.079561
v -0.002355 -0.058703 -0.077053
v -0.002355 -0.067376 -0.074656
v -0.002355 -0.076047 -0.075091
v -0.002355 -0.084720 -0.078471
v 0.000005 0.010215 -0.255567
v 0.000005 0.013329 -0.620219
v 0.009465 0.014135 -0.255567
v 0.007263 0.016335 -0.620219
v 0.013385 0.023595 -0.255567
v 0.010271 0.023595 -0.620219
v 0.009465 0.033057 -0.255567
v 0.007263 0.030855 -0.620219
v 0.000005 0.036975 -0.255567
v 0.000005 0.033863 -0.620219
v -0.009458 0.033057 -0.255567
v -0.007255 0.030855 -0.620219
v -0.013377 0.023595 -0.255567
v -0.010263 0.023595 -0.620219
v -0.009458 0.014135 -0.255567
v -0.007255 0.016335 -0.620219
v 0.014894 0.008939 -0.495562
v 0.014894 0.008939 -0.516714
v 0.014894 0.045138 -0.495562
v 0.014894 0.045138 -0.516714
v 0.005864 0.050144 -0.495562
v 0.005864 0.050144 -0.516714
v -0.005856 0.050144 -0.495562
v -0.005856 0.050144 -0.516714
v -0.014886 0.045138 -0.495562
v -0.014886 0.045138 -0.516714
v -0.014886 0.008939 -0.495562
v -0.014886 0.008939 -0.516714
v 0.000005 0.038468 -0.255567
v 0.000005 0.038468 -0.496748
v 0.004124 0.040175 -0.255567
v 0.004124 0.040175 -0.496748
v 0.005829 0.044293 -0.255567
v 0.005829 0.044293 -0.496748
v 0.004124 0.048411 -0.255567
v 0.004124 0.048411 -0.496748
v 0.000005 0.050118 -0.255567
v 0.000005 0.050118 -0.496748
v -0.004115 0.048411 -0.255567
v -0.004115 0.048411 -0.496748
v -0.005822 0.044293 -0.255567
v -0.005822 0.044293 -0.496748
v -0.004115 0.040175 -0.255567
v -0.004115 0.040175 -0.496748
v 0.009465 0.014135 -0.617668
v 0.000005 0.010215 -0.617668
v 0.013385 0.023595 -0.617668
v 0.009465 0.033057 -0.617668
v 0.000005 0.036975 -0.617668
v -0.009458 0.033057 -0.617668
v -0.013377 0.023595 -0.617668
v -0.009458 0.014135 -0.617668
v 0.000005 0.023595 -0.599586
v 0.011137 0.012462 -0.620219
v 0.000005 0.007851 -0.620219
v 0.015748 0.023595 -0.620219
v 0.011137 0.034729 -0.620219
v 0.000005 0.039341 -0.620219
v -0.011130 0.034729 -0.620219
v -0.015741 0.023595 -0.620219
v -0.011130 0.012462 -0.620219
v 0.011137 0.012462 -0.624980
v 0.000005 0.007851 -0.624980
v 0.015748 0.023595 -0.624980
v 0.011137 0.034729 -0.624980
v 0.000005 0.039341 -0.624980
v -0.011130 0.034729 -0.624980
v -0.015741 0.023595 -0.624980
v -0.011130 0.012462 -0.624980
v 0.009645 0.013955 -0.626884
v 0.000005 0.009961 -0.626884
v 0.013638 0.023595 -0.626884
v 0.009645 0.033237 -0.626884
v 0.000005 0.037230 -0.626884
v -0.009638 0.033237 -0.626884
v -0.013631 0.023595 -0.626884
v -0.009638 0.013955 -0.626884
v 0.009645 0.013955 -0.636405
v 0.000005 0.009961 -0.636405
v 0.013638 0.023595 -0.636405
v 0.009645 0.033237 -0.636405
v 0.000005 0.037230 -0.636405
v -0.009638 0.033237 -0.636405
v -0.013631 0.023595 -0.636405
v -0.009638 0.013955 -0.636405
v 0.010635 0.012965 -0.639420
v 0.000005 0.008561 -0.639420
v 0.015039 0.023595 -0.639420
v 0.010635 0.034227 -0.639420
v 0.000005 0.038630 -0.639420
v -0.010627 0.034227 -0.639420
v -0.015030 0.023595 -0.639420
v -0.010627 0.012965 -0.639420
v 0.009097 0.014502 -0.650686
v 0.000005 0.010736 -0.650686
v 0.012864 0.023595 -0.650686
v 0.009097 0.032689 -0.650686
v 0.000005 0.036456 -0.650686
v -0.009090 0.032689 -0.650686
v -0.012856 0.023595 -0.650686
v -0.009090 0.014502 -0.650686
v 0.010635 0.012965 -0.650686
v 0.000005 0.008561 -0.650686
v 0.015039 0.023595 -0.650686
v 0.010635 0.034227 -0.650686
v 0.000005 0.038630 -0.650686
v -0.010627 0.034227 -0.650686
v -0.015030 0.023595 -0.650686
v -0.010627 0.012965 -0.650686
v 0.000005 0.014630 -0.227730
v 0.006345 0.017254 -0.227730
v 0.008970 0.023595 -0.227730
v 0.006345 0.029935 -0.227730
v 0.000005 0.032562 -0.227730
v -0.006336 0.029935 -0.227730
v -0.008962 0.023595 -0.227730
v -0.006336 0.017254 -0.227730
v 0.000005 0.012868 -0.231635
v 0.007590 0.016009 -0.231635
v 0.010731 0.023595 -0.231635
v 0.007590 0.031180 -0.231635
v 0.000005 0.034323 -0.231635
v -0.007581 0.031180 -0.231635
v -0.010724 0.023595 -0.231635
v -0.007581 0.016009 -0.231635
v 0.000005 0.012868 -0.227730
v 0.007590 0.016009 -0.227730
v 0.010731 0.023595 -0.227730
v 0.007590 0.031180 -0.227730
v 0.000005 0.034323 -0.227730
v -0.007581 0.031180 -0.227730
v -0.010724 0.023595 -0.227730
v -0.007581 0.016009 -0.227730
v 0.000005 0.023595 -0.230271
v 0.008328 0.012009 -0.687846
v 0.000005 0.008561 -0.687846
v 0.008328 0.035182 -0.687846
v 0.000005 0.038630 -0.687846
v 0.008328 0.012009 -0.650686
v 0.000005 0.008561 -0.650686
v 0.008328 0.035182 -0.650686
v 0.000005 0.038630 -0.650686
v 0.012376 0.018110 -0.687846
v 0.012376 0.029082 -0.687846
v 0.012376 0.018110 -0.650686
v 0.012376 0.029082 -0.650686
v 0.014965 0.023595 -0.650686
v 0.014965 0.023595 -0.687846
v 0.007180 0.014781 -0.687846
v 0.000005 0.011333 -0.687846
v 0.007180 0.032411 -0.687846
v 0.000005 0.035859 -0.687846
v 0.007180 0.014781 -0.650686
v 0.000005 0.011333 -0.650686
v 0.007180 0.032411 -0.650686
v 0.000005 0.035859 -0.650686
v 0.009663 0.019389 -0.687846
v 0.009663 0.027801 -0.687846
v 0.009663 0.019389 -0.650686
v 0.009663 0.027801 -0.650686
v 0.011647 0.023595 -0.650686
v 0.011647 0.023595 -0.687846
v -0.008320 0.012009 -0.687846
v -0.008320 0.035182 -0.687846
v -0.008320 0.012009 -0.650686
v -0.008320 0.035182 -0.650686
v -0.012369 0.018110 -0.687846
v -0.012369 0.029082 -0.687846
v -0.012369 0.018110 -0.650686
v -0.012369 0.029082 -0.650686
v -0.014958 0.023595 -0.650686
v -0.014958 0.023595 -0.687846
v -0.007173 0.014781 -0.687846
v -0.007173 0.032411 -0.687846
v -0.007173 0.014781 -0.650686
v -0.007173 0.032411 -0.650686
v -0.009656 0.019389 -0.687846
v -0.009656 0.027801 -0.687846
v -0.009656 0.019389 -0.650686
v -0.009656 0.027801 -0.650686
v -0.011640 0.023595 -0.650686
v -0.011640 0.023595 -0.687846
v 0.000005 -0.130158 0.358201
v 0.000005 -0.006914 0.165448
v 0.012744 -0.123233 0.358201
v 0.012744 0.000012 0.165448
v 0.018021 0.034038 0.358201
v 0.018021 0.034038 0.165448
v 0.012744 0.045531 0.358201
v 0.012744 0.045531 0.165448
v 0.000005 0.052458 0.358201
v 0.000005 0.052458 0.165448
v -0.012737 0.045531 0.358201
v -0.012737 0.045531 0.165448
v -0.018014 0.034038 0.358201
v -0.018014 0.034038 0.165448
v 0.018021 -0.106512 0.358201
v 0.018021 0.007584 0.165448
v -0.012737 0.000012 0.165448
v -0.012737 -0.123233 0.358201
v -0.018014 0.007584 0.165448
v -0.018014 -0.106512 0.358201
v -0.012737 -0.123233 0.319926
v 0.012744 -0.123233 0.319926
v 0.018021 -0.106512 0.319926
v 0.000005 -0.130158 0.319926
v -0.018014 -0.106512 0.319926
v -0.012737 0.000012 0.207720
v 0.012744 0.000012 0.207720
v 0.000005 -0.006914 0.207720
v 0.012744 0.045531 0.207720
v 0.000005 0.052458 0.207720
v -0.012737 0.045531 0.207720
v -0.012737 -0.092742 0.319926
v 0.012744 -0.092742 0.319926
v 0.018021 -0.085171 0.319926
v 0.000005 -0.099668 0.319926
v 0.018021 0.034038 0.319926
v 0.012744 0.045531 0.319926
v 0.000005 0.052458 0.319926
v -0.012737 0.045531 0.319926
v -0.018014 0.034038 0.319926
v -0.018014 -0.085170 0.319926
v 0.018021 0.007584 0.207720
v 0.018021 0.034038 0.207720
v -0.018014 0.034038 0.207720
v -0.018014 0.007584 0.207720
v 0.018021 0.007710 0.231891
v 0.011230 0.007753 0.240270
v 0.018021 0.020155 0.232164
v 0.011230 0.015553 0.240270
v -0.011223 0.015553 0.240270
v -0.018014 0.020155 0.232164
v -0.018014 0.007710 0.231891
v -0.011223 0.007753 0.240270
v 0.018021 -0.042812 0.305970
v 0.011230 -0.035085 0.303867
v 0.011230 0.015553 0.303867
v 0.018021 0.019680 0.306910
v -0.018014 0.019680 0.306910
v -0.011223 0.015553 0.303867
v -0.011223 -0.035085 0.303867
v -0.018014 -0.042812 0.305970
v -0.011947 -0.011687 0.206091
v 0.011957 -0.011687 0.206091
v 0.022077 0.000634 0.206091
v -0.022068 0.000634 0.206091
v -0.011947 -0.063615 0.263367
v 0.011957 -0.063615 0.263367
v 0.018774 -0.054717 0.263367
v -0.018766 -0.054717 0.263367
v 0.024049 0.010424 0.206091
v -0.024042 0.010424 0.206091
v 0.024049 -0.041505 0.263367
v -0.024042 -0.041505 0.263367
v -0.011947 -0.011687 0.174029
v 0.011957 -0.011687 0.174029
v 0.022077 0.000634 0.174029
v -0.022068 0.000634 0.174029
v 0.024049 0.010424 0.174029
v -0.024042 0.010424 0.174029
v -0.009603 -0.007374 0.206091
v 0.009611 -0.007374 0.206091
v 0.017802 0.002563 0.206091
v -0.017793 0.002563 0.206091
v -0.010555 -0.060144 0.263367
v 0.010563 -0.060144 0.263367
v 0.015208 -0.052465 0.263367
v -0.015201 -0.052465 0.263367
v 0.019643 0.011481 0.206091
v -0.019635 0.011481 0.206091
v 0.019890 -0.040194 0.263367
v -0.019882 -0.040194 0.263367
v -0.009820 -0.007187 0.174029
v 0.009829 -0.007187 0.174029
v 0.017888 0.002623 0.174029
v -0.017879 0.002623 0.174029
v 0.019638 0.011313 0.174029
v -0.019630 0.011313 0.174029
v 0.018154 0.025522 0.026660
v 0.023085 -0.003044 0.026660
v 0.018017 -0.005757 0.026660
v 0.018091 0.021574 0.026660
v 0.017954 -0.009705 0.026660
v 0.025298 -0.005472 0.026660
v 0.025360 0.021057 0.026660
v 0.023073 0.018701 0.026660
v 0.018154 0.025522 0.018945
v 0.023085 -0.003044 0.018945
v 0.018017 -0.005757 0.018945
v 0.018091 0.021574 0.018945
v 0.017954 -0.009705 0.018945
v 0.025298 -0.005472 0.018945
v 0.025360 0.021057 0.018945
v 0.023073 0.018701 0.018945
v -0.018147 0.025522 0.026660
v -0.023078 -0.003044 0.026660
v -0.018009 -0.005757 0.026660
v -0.018084 0.021574 0.026660
v -0.017946 -0.009705 0.026660
v -0.025288 -0.005472 0.026660
v -0.025353 0.021057 0.026660
v -0.023065 0.018701 0.026660
v -0.018147 0.025522 0.018945
v -0.023078 -0.003044 0.018945
v -0.018009 -0.005757 0.018945
v -0.018084 0.021574 0.018945
v -0.017946 -0.009705 0.018945
v -0.025288 -0.005472 0.018945
v -0.025353 0.021057 0.018945
v -0.023065 0.018701 0.018945
v 0.010326 -0.094610 -0.057454
v 0.010326 -0.092786 -0.130473
v 0.010326 -0.051264 -0.041413
v 0.010326 -0.100511 -0.041413
v 0.010326 -0.100511 -0.130473
v 0.010326 -0.101088 -0.067437
v 0.010326 -0.100894 -0.108652
v 0.010326 -0.105995 -0.113616
v 0.010326 -0.106325 -0.062473
v 0.010326 -0.051264 -0.059927
v 0.010326 -0.085605 -0.050331
v 0.010326 -0.063415 -0.050337
v 0.010326 -0.063366 -0.041413
v 0.010326 -0.085635 -0.041413
v -0.010318 -0.094610 -0.057454
v -0.010318 -0.092786 -0.130473
v -0.010318 -0.051264 -0.041413
v -0.010318 -0.100511 -0.041413
v -0.010318 -0.100511 -0.130473
v -0.010318 -0.101088 -0.067437
v -0.010318 -0.100894 -0.108652
v -0.010318 -0.105995 -0.113616
v -0.010318 -0.106325 -0.062473
v -0.010318 -0.051264 -0.059927
v -0.010318 -0.085605 -0.050331
v -0.010318 -0.063415 -0.050337
v -0.010318 -0.063366 -0.041413
v -0.010318 -0.085635 -0.041413
v 0.016762 -0.051264 -0.037936
v 0.009751 -0.051264 -0.042285
v 0.016762 -0.099217 -0.037942
v 0.009751 -0.100511 -0.042285
v 0.016762 -0.085965 0.003173
v 0.009751 -0.084688 0.007458
v 0.009751 -0.051264 0.007458
v 0.016762 -0.051264 0.003165
v 0.016762 -0.106570 -0.034444
v 0.009751 -0.106595 -0.040380
v 0.009751 -0.106367 0.016827
v 0.016762 -0.106386 0.011964
v 0.019458 -0.186978 -0.021552
v 0.011894 -0.190357 -0.027210
v 0.011894 -0.153788 0.034002
v 0.019458 -0.156285 0.029822
v 0.019658 -0.199755 -0.028205
v 0.012053 -0.200382 -0.032487
v 0.012053 -0.189394 0.042438
v 0.019658 -0.190070 0.037827
v 0.019887 -0.205562 -0.026130
v 0.012393 -0.210057 -0.029047
v 0.019992 -0.205558 0.035285
v 0.012393 -0.210057 0.039048
v -0.009744 -0.051264 -0.042285
v -0.016755 -0.051264 -0.037936
v -0.009744 -0.100511 -0.042285
v -0.016755 -0.099217 -0.037942
v -0.009744 -0.084688 0.007458
v -0.016755 -0.085965 0.003173
v -0.016755 -0.051264 0.003165
v -0.009744 -0.051264 0.007458
v -0.009744 -0.106595 -0.040380
v -0.016755 -0.106570 -0.034444
v -0.016755 -0.106386 0.011964
v -0.009742 -0.106367 0.016827
v -0.011886 -0.190357 -0.027210
v -0.019449 -0.186978 -0.021552
v -0.019449 -0.156285 0.029822
v -0.011886 -0.153788 0.034002
v -0.012045 -0.200382 -0.032487
v -0.019650 -0.199755 -0.028205
v -0.019650 -0.190070 0.037827
v -0.012045 -0.189394 0.042438
v -0.019878 -0.205562 -0.026130
v -0.012386 -0.210057 -0.029047
v -0.019984 -0.205558 0.035285
v -0.012386 -0.210057 0.039048
v 0.029861 0.046550 -0.111829
v 0.029861 0.033073 -0.111829
v 0.029861 0.046550 -0.104298
v 0.029861 0.033073 -0.104298
v 0.020295 0.046550 -0.115247
v 0.020295 0.017688 -0.115247
v 0.020295 0.046550 -0.104298
v 0.020295 0.017688 -0.104298
v 0.010788 0.046550 -0.115247
v 0.010788 0.017688 -0.115247
v 0.010788 0.046550 -0.104298
v 0.010788 0.017688 -0.104298
v 0.026460 0.003666 -0.053247
v 0.005826 0.003666 -0.088986
v 0.034114 0.007327 -0.057666
v 0.013479 0.007327 -0.093405
v 0.037284 0.016165 -0.059496
v 0.016650 0.016165 -0.095235
v 0.034114 0.025003 -0.057666
v 0.013479 0.025003 -0.093405
v 0.026460 0.028665 -0.053247
v 0.005826 0.028665 -0.088986
v 0.018805 0.025003 -0.048828
v -0.001829 0.025003 -0.084567
v 0.015636 0.016165 -0.046996
v -0.004998 0.016165 -0.082737
v 0.018805 0.007327 -0.048828
v -0.001829 0.007327 -0.084567
v 0.026460 0.007641 -0.053247
v 0.031680 0.010137 -0.056260
v 0.033843 0.016165 -0.057508
v 0.031680 0.022194 -0.056260
v 0.026460 0.024690 -0.053247
v 0.021240 0.022194 -0.050232
v 0.019077 0.016165 -0.048984
v 0.021240 0.010137 -0.050232
v 0.032453 0.007641 -0.042868
v 0.037672 0.010137 -0.045882
v 0.039834 0.016165 -0.047130
v 0.037672 0.022194 -0.045882
v 0.032453 0.024690 -0.042868
v 0.027231 0.022194 -0.039853
v 0.025069 0.016165 -0.038605
v 0.027231 0.010137 -0.039853
v 0.032453 0.005458 -0.042868
v 0.039009 0.008595 -0.046653
v 0.041724 0.016165 -0.048222
v 0.039009 0.023736 -0.046653
v 0.032453 0.026873 -0.042868
v 0.025896 0.023736 -0.039082
v 0.023179 0.016165 -0.037515
v 0.025896 0.008595 -0.039082
v 0.034262 0.005458 -0.039733
v 0.040818 0.008595 -0.043519
v 0.043533 0.016165 -0.045087
v 0.040818 0.023736 -0.043519
v 0.034262 0.026873 -0.039733
v 0.027705 0.023736 -0.035949
v 0.024989 0.016165 -0.034380
v 0.027705 0.008595 -0.035949
v 0.014993 0.037209 -0.233574
v 0.020094 0.008277 -0.233574
v 0.014993 0.037209 -0.116437
v 0.020094 0.008277 -0.116437
v 0.020552 0.023842 -0.116437
v 0.020552 0.023842 -0.233574
v 0.020552 0.023842 -0.191428
v 0.020552 0.023842 -0.163293
v 0.022937 0.024283 -0.184688
v 0.022937 0.024283 -0.170034
v 0.011852 0.036654 -0.233574
v 0.016953 0.007723 -0.233574
v 0.011852 0.036654 -0.116437
v 0.016953 0.007723 -0.116437
v 0.016408 0.000939 -0.116875
v 0.016408 0.000939 -0.231101
v 0.019394 0.000965 -0.116875
v 0.019394 0.000965 -0.231101
v 0.021486 0.003095 -0.116875
v 0.021486 0.003095 -0.231101
v 0.021459 0.006079 -0.116875
v 0.021459 0.006079 -0.231101
v 0.019331 0.008172 -0.116875
v 0.019331 0.008172 -0.231101
v 0.016345 0.008145 -0.116875
v 0.016345 0.008145 -0.231101
v 0.014253 0.006016 -0.116875
v 0.014253 0.006016 -0.231101
v 0.014278 0.003031 -0.116875
v 0.014278 0.003031 -0.231101
v 0.016408 0.000939 -0.143054
v 0.016408 0.000939 -0.204922
v 0.019394 0.000965 -0.204922
v 0.019394 0.000965 -0.143054
v 0.021486 0.003095 -0.204922
v 0.021486 0.003095 -0.143054
v 0.021459 0.006079 -0.204922
v 0.021459 0.006079 -0.143054
v 0.019331 0.008172 -0.204922
v 0.019331 0.008172 -0.143054
v 0.016345 0.008145 -0.204922
v 0.016345 0.008145 -0.143054
v 0.014253 0.006016 -0.204922
v 0.014253 0.006016 -0.143054
v 0.014278 0.003031 -0.204922
v 0.014278 0.003031 -0.143054
v 0.010988 0.011082 -0.117233
v 0.010988 0.030721 -0.117233
v 0.010988 0.011082 -0.181234
v 0.010988 0.030721 -0.181234
v 0.010988 0.011082 -0.231658
v 0.010988 0.030721 -0.231658
v 0.010988 0.011082 -0.219376
v 0.010988 0.030721 -0.219376
v 0.009926 0.008072 -0.117233
v 0.009926 0.008072 -0.231658
v 0.005333 0.033732 -0.117233
v 0.005333 0.033732 -0.231658
v 0.005333 0.033732 -0.181234
v 0.005333 0.033732 -0.219376
v 0.009926 0.008072 -0.181234
v 0.009926 0.008072 -0.219376
v 0.012769 0.020902 -0.117233
v 0.012769 0.020902 -0.231658
v 0.012769 0.020902 -0.181234
v 0.012769 0.020902 -0.219376
v 0.007114 0.020902 -0.231658
v 0.009582 0.054402 0.022251
v 0.023270 0.054402 0.026228
v 0.023270 0.065038 0.026228
v 0.009582 0.054402 0.029784
v 0.006879 0.054402 -0.114116
v 0.006879 0.060918 -0.114116
v 0.023270 0.054402 0.018695
v 0.023270 0.065038 0.018695
v 0.006879 0.054402 0.017311
v 0.006879 0.065038 0.017311
v 0.006879 0.065038 0.033453
v 0.006879 0.054402 0.033453
v 0.026952 0.054402 0.029897
v 0.026952 0.065038 0.029897
v 0.026952 0.065038 0.014754
v 0.026952 0.054402 0.014754
v 0.030152 0.054402 0.022326
v 0.030152 0.065038 0.022326
v 0.026469 0.054402 0.022461
v 0.026469 0.065038 0.022461
v 0.009582 0.065038 0.022251
v 0.009582 0.065038 0.029784
v 0.006879 0.054402 0.016455
v 0.006879 0.060918 0.016455
v -0.009573 0.054402 0.022251
v -0.023260 0.054402 0.026228
v -0.023260 0.065038 0.026228
v -0.009573 0.054402 0.029784
v -0.006870 0.054402 -0.114116
v -0.006870 0.060918 -0.114116
v -0.023260 0.054402 0.018695
v -0.023260 0.065038 0.018695
v -0.006870 0.054402 0.017311
v -0.006870 0.065038 0.017311
v -0.006870 0.065038 0.033453
v -0.006870 0.054402 0.033453
v -0.026944 0.054402 0.029897
v -0.026944 0.065038 0.029897
v -0.026944 0.065038 0.014754
v -0.026944 0.054402 0.014754
v -0.030144 0.054402 0.022326
v -0.030144 0.065038 0.022326
v -0.026460 0.054402 0.022461
v -0.026460 0.065038 0.022461
v -0.009573 0.065038 0.022251
v -0.009573 0.065038 0.029784
v -0.006870 0.054402 0.016455
v -0.006870 0.060918 0.016455
v 0.020911 -0.016705 -0.126859
v 0.020911 -0.020126 -0.118604
v 0.020911 -0.037206 -0.118604
v 0.020911 -0.040626 -0.126859
v 0.020911 -0.037206 -0.135117
v 0.020911 -0.020126 -0.135117
v -0.020902 -0.016705 -0.126859
v -0.020902 -0.020126 -0.118604
v -0.020902 -0.037206 -0.118604
v -0.020902 -0.040626 -0.126859
v -0.020902 -0.037206 -0.135117
v -0.020902 -0.020126 -0.135117
v 0.018107 -0.024753 -0.019491
v 0.018107 -0.024753 -0.033706
v 0.018107 -0.020776 -0.031624
v 0.018107 -0.017079 -0.026598
v 0.018107 -0.020776 -0.021573
v 0.018107 -0.047120 -0.023028
v 0.018107 -0.047120 -0.030169
v 0.018107 -0.031046 -0.030169
v 0.018107 -0.031046 -0.023028
v -0.018099 -0.024753 -0.019491
v -0.018099 -0.024753 -0.033706
v -0.018099 -0.020776 -0.031624
v -0.018099 -0.017079 -0.026598
v -0.018099 -0.020776 -0.021573
v -0.018099 -0.047120 -0.023028
v -0.018099 -0.047120 -0.030169
v -0.018099 -0.031046 -0.030169
v -0.018099 -0.031046 -0.023028
v 0.021118 -0.024720 -0.020751
v 0.019619 -0.024753 -0.019491
v 0.019619 -0.024753 -0.033706
v 0.021118 -0.024720 -0.032445
v 0.019619 -0.020776 -0.031624
v 0.021118 -0.021428 -0.030648
v 0.019619 -0.017079 -0.026598
v 0.021118 -0.018710 -0.026598
v 0.019619 -0.020776 -0.021573
v 0.021118 -0.021428 -0.022549
v 0.021118 -0.047120 -0.024689
v 0.019619 -0.047120 -0.023028
v 0.019619 -0.047120 -0.030169
v 0.021118 -0.047120 -0.028509
v 0.021118 -0.031046 -0.028503
v 0.019619 -0.031046 -0.030169
v 0.021118 -0.031046 -0.024694
v 0.019619 -0.031046 -0.023028
v -0.021111 -0.024720 -0.020751
v -0.019611 -0.024753 -0.019491
v -0.021111 -0.024720 -0.032445
v -0.019611 -0.024753 -0.033706
v -0.021111 -0.021428 -0.030648
v -0.019611 -0.020776 -0.031624
v -0.021111 -0.018710 -0.026598
v -0.019611 -0.017079 -0.026598
v -0.021111 -0.021428 -0.022549
v -0.019611 -0.020776 -0.021573
v -0.019611 -0.047120 -0.023028
v -0.021111 -0.047120 -0.024689
v -0.021111 -0.047120 -0.028509
v -0.019611 -0.047120 -0.030169
v -0.019611 -0.031046 -0.030169
v -0.021111 -0.031046 -0.028503
v -0.019611 -0.031046 -0.023028
v -0.021111 -0.031046 -0.024694
v 0.018107 -0.015015 -0.139591
v 0.018107 -0.015015 -0.182197
v 0.018107 -0.015015 -0.223100
v 0.018107 -0.001923 -0.223100
v 0.018107 -0.015015 -0.109515
v 0.018107 -0.001923 -0.109515
v 0.018107 -0.047283 -0.139591
v 0.018107 -0.047283 -0.182197
v -0.018099 -0.015015 -0.139591
v -0.018099 -0.015015 -0.182197
v -0.018099 -0.015015 -0.223100
v -0.018099 -0.001923 -0.223100
v -0.018099 -0.015015 -0.109515
v -0.018099 -0.001923 -0.109515
v -0.018099 -0.047283 -0.139591
v -0.018099 -0.047283 -0.182197
v 0.022470 -0.013533 -0.180714
v 0.020982 -0.015015 -0.182197
v 0.020980 -0.015015 -0.139591
v 0.022557 -0.013538 -0.141091
v 0.022470 -0.013533 -0.221616
v 0.020982 -0.015015 -0.223100
v 0.022470 -0.003405 -0.221616
v 0.020983 -0.001923 -0.223100
v 0.022470 -0.013533 -0.111015
v 0.020980 -0.015015 -0.109515
v 0.022470 -0.003405 -0.111015
v 0.020982 -0.001923 -0.109515
v 0.022557 -0.045785 -0.141091
v 0.020980 -0.047283 -0.139591
v 0.022557 -0.045785 -0.180714
v 0.020980 -0.047283 -0.182197
v -0.020975 -0.015015 -0.182197
v -0.022550 -0.013538 -0.180714
v -0.022462 -0.013533 -0.141091
v -0.020973 -0.015015 -0.139591
v -0.022462 -0.013533 -0.221616
v -0.020975 -0.015015 -0.223100
v -0.022462 -0.003405 -0.221616
v -0.020975 -0.001923 -0.223100
v -0.022462 -0.013533 -0.111015
v -0.020973 -0.015015 -0.109515
v -0.022462 -0.003405 -0.111015
v -0.020973 -0.001923 -0.109515
v -0.022462 -0.045785 -0.141091
v -0.020973 -0.047283 -0.139591
v -0.022462 -0.045785 -0.180714
v -0.020973 -0.047283 -0.182197
v 0.020967 -0.000697 -0.107067
v 0.017790 -0.003268 -0.104496
v 0.017790 -0.003268 -0.095581
v 0.020967 -0.000697 -0.093010
v 0.020967 -0.003268 -0.104496
v 0.024217 -0.000697 -0.107067
v 0.020967 -0.003268 -0.095581
v 0.024217 -0.000697 -0.093010
v 0.020967 0.013810 -0.104496
v 0.020967 0.011116 -0.107067
v 0.020967 0.011116 -0.093010
v 0.020967 0.013810 -0.095581
v 0.024217 0.011116 -0.107067
v 0.024217 0.013810 -0.104496
v 0.024217 0.013810 -0.095581
v 0.024217 0.011116 -0.093010
v 0.020967 -0.021833 -0.095581
v 0.020967 -0.023152 -0.096901
v 0.020967 -0.023152 -0.103176
v 0.020967 -0.021833 -0.104496
v 0.017790 -0.023152 -0.096901
v 0.017790 -0.021833 -0.095581
v 0.017790 -0.021833 -0.104496
v 0.017790 -0.023152 -0.103176
v -0.020959 -0.000697 -0.107067
v -0.017782 -0.003268 -0.104496
v -0.017782 -0.003268 -0.095581
v -0.020959 -0.000697 -0.093010
v -0.020959 -0.003268 -0.104496
v -0.024210 -0.000697 -0.107067
v -0.020959 -0.003268 -0.095581
v -0.024210 -0.000697 -0.093010
v -0.020959 0.013810 -0.104496
v -0.020959 0.011116 -0.107067
v -0.020959 0.011116 -0.093010
v -0.020959 0.013810 -0.095581
v -0.024210 0.011116 -0.107067
v -0.024210 0.013810 -0.104496
v -0.024210 0.013810 -0.095581
v -0.024210 0.011116 -0.093010
v -0.020959 -0.021833 -0.095581
v -0.020959 -0.023152 -0.096901
v -0.020959 -0.023152 -0.103176
v -0.020959 -0.021833 -0.104496
v -0.017782 -0.023152 -0.096901
v -0.017782 -0.021833 -0.095581
v -0.017782 -0.021833 -0.104496
v -0.017782 -0.023152 -0.103176
v -0.021270 -0.002534 -0.238326
v 0.021277 -0.002534 -0.238326
v -0.021270 -0.004033 -0.241950
v 0.021277 -0.004033 -0.241950
v -0.021270 -0.007658 -0.243451
v 0.021277 -0.007658 -0.243451
v -0.021270 -0.011281 -0.241950
v 0.021277 -0.011281 -0.241950
v -0.021270 -0.012782 -0.238326
v 0.021277 -0.012782 -0.238326
v -0.021270 -0.011281 -0.234704
v 0.021277 -0.011281 -0.234704
v -0.021270 -0.007658 -0.233202
v 0.021277 -0.007658 -0.233202
v -0.021270 -0.004033 -0.234704
v 0.021277 -0.004033 -0.234704
v -0.018447 0.018514 0.002873
v 0.018454 0.018514 0.002873
v -0.018447 0.016712 -0.001481
v 0.018454 0.016712 -0.001481
v -0.018447 0.012358 -0.003283
v 0.018454 0.012358 -0.003283
v -0.018447 0.008004 -0.001481
v 0.018454 0.008004 -0.001481
v -0.018447 0.006201 0.002873
v 0.018454 0.006201 0.002873
v -0.018447 0.008004 0.007227
v 0.018454 0.008004 0.007227
v -0.018447 0.012358 0.009030
v 0.018454 0.012358 0.009030
v -0.018447 0.016712 0.007227
v 0.018454 0.016712 0.007227
v -0.019630 -0.083543 0.339098
v 0.019638 -0.083543 0.339098
v -0.019630 -0.085550 0.334254
v 0.019638 -0.085550 0.334254
v -0.019630 -0.090393 0.332247
v 0.019638 -0.090393 0.332247
v -0.019630 -0.095237 0.334254
v 0.019638 -0.095237 0.334254
v -0.019630 -0.097243 0.339098
v 0.019638 -0.097243 0.339098
v -0.019630 -0.095237 0.343941
v 0.019638 -0.095237 0.343941
v -0.019630 -0.090393 0.345947
v 0.019638 -0.090393 0.345947
v -0.019630 -0.085550 0.343941
v 0.019638 -0.085550 0.343941
v -0.016158 0.042371 -0.280268
v 0.016165 0.042371 -0.280268
v -0.021903 0.023789 -0.282071
v 0.021910 0.023789 -0.282071
v -0.019626 0.005207 -0.280268
v 0.019633 0.005207 -0.280268
v -0.019626 0.005207 -0.253365
v 0.019633 0.005207 -0.253365
v -0.021903 0.023789 -0.251562
v 0.021910 0.023789 -0.251562
v -0.016158 0.042371 -0.253365
v 0.016165 0.042371 -0.253365
v -0.021270 0.013924 -0.266923
v 0.021277 0.013924 -0.266923
v -0.021270 0.012839 -0.269545
v 0.021277 0.012839 -0.269545
v -0.021270 0.010215 -0.270633
v 0.021277 0.010215 -0.270633
v -0.021270 0.007593 -0.269545
v 0.021277 0.007593 -0.269545
v -0.021270 0.006507 -0.266923
v 0.021277 0.006507 -0.266923
v -0.021270 0.007593 -0.264301
v 0.021277 0.007593 -0.264301
v -0.021270 0.010215 -0.263215
v 0.021277 0.010215 -0.263215
v -0.021270 0.012839 -0.264301
v 0.021277 0.012839 -0.264301
v -0.019617 0.040684 -0.266923
v 0.019624 0.040684 -0.266923
v -0.019617 0.039598 -0.269545
v 0.019624 0.039598 -0.269545
v -0.019617 0.036975 -0.270633
v 0.019624 0.036975 -0.270633
v -0.019617 0.034353 -0.269545
v 0.019624 0.034353 -0.269545
v -0.019617 0.033267 -0.266923
v 0.019624 0.033267 -0.266923
v -0.019617 0.034353 -0.264301
v 0.019624 0.034353 -0.264301
v -0.019617 0.036975 -0.263215
v 0.019624 0.036975 -0.263215
v -0.019617 0.039598 -0.264301
v 0.019624 0.039598 -0.264301
v 0.019258 -0.026447 -0.046905
v 0.019258 -0.022174 -0.046581
v 0.018538 -0.026447 -0.046905
v 0.018538 -0.027910 -0.042321
v 0.018538 -0.026422 -0.042321
v 0.018538 -0.027610 -0.044481
v 0.018538 -0.026578 -0.045813
v 0.018538 -0.020266 -0.044757
v 0.018538 -0.020842 -0.046581
v 0.018538 -0.021323 -0.044661
v 0.019258 -0.021323 -0.044661
v 0.018538 -0.022294 -0.043365
v 0.019258 -0.022294 -0.043365
v 0.018538 -0.028666 -0.044613
v 0.019258 -0.028666 -0.044613
v 0.019258 -0.027910 -0.042321
v 0.019258 -0.026422 -0.042321
v 0.019258 -0.027610 -0.044481
v 0.019258 -0.026578 -0.045813
v 0.018538 -0.022450 -0.042273
v 0.019258 -0.022450 -0.042273
v 0.019258 -0.020266 -0.044757
v 0.019258 -0.020842 -0.046581
v 0.018538 -0.022174 -0.046581
v 0.019263 -0.010818 -0.024672
v 0.019263 -0.013230 -0.023640
v 0.019263 -0.013230 -0.022440
v 0.019263 -0.004998 -0.025956
v 0.019263 -0.004998 -0.026784
v 0.019263 -0.009762 -0.027672
v 0.019263 -0.006798 -0.026352
v 0.019263 -0.009762 -0.025128
v 0.018543 -0.013230 -0.029244
v 0.018543 -0.010818 -0.024672
v 0.018543 -0.013230 -0.023640
v 0.018543 -0.013230 -0.022440
v 0.018543 -0.009762 -0.027672
v 0.018543 -0.009762 -0.025128
v 0.019263 -0.013230 -0.029244
v 0.018543 -0.010818 -0.028152
v 0.019263 -0.010818 -0.028152
v 0.018543 -0.004998 -0.025956
v 0.018543 -0.004998 -0.026784
v 0.018543 -0.013230 -0.030444
v 0.019263 -0.013230 -0.030444
v 0.018543 -0.006798 -0.026352
v 0.019246 -0.016351 -0.037204
v 0.019246 -0.008168 -0.037204
v 0.019246 -0.016351 -0.038380
v 0.018527 -0.016351 -0.038380
v 0.018527 -0.016351 -0.037204
v 0.018527 -0.008168 -0.037204
v 0.018527 -0.008168 -0.038380
v 0.019246 -0.008168 -0.038380
v -0.019250 -0.026447 -0.042207
v -0.019250 -0.022174 -0.042531
v -0.018529 -0.026447 -0.042207
v -0.018529 -0.027910 -0.046791
v -0.018529 -0.026422 -0.046791
v -0.018529 -0.027610 -0.044631
v -0.018529 -0.026578 -0.043299
v -0.018529 -0.020266 -0.044355
v -0.018529 -0.020842 -0.042531
v -0.018529 -0.021323 -0.044451
v -0.019250 -0.021323 -0.044451
v -0.018529 -0.022294 -0.045747
v -0.019250 -0.022294 -0.045747
v -0.018529 -0.028666 -0.044499
v -0.019250 -0.028666 -0.044499
v -0.019250 -0.027910 -0.046791
v -0.019250 -0.026422 -0.046791
v -0.019250 -0.027610 -0.044631
v -0.019250 -0.026578 -0.043299
v -0.018529 -0.022450 -0.046839
v -0.019250 -0.022450 -0.046839
v -0.019250 -0.020266 -0.044355
v -0.019250 -0.020842 -0.042531
v -0.018529 -0.022174 -0.042531
v -0.019254 -0.010818 -0.024672
v -0.019254 -0.013230 -0.023640
v -0.019254 -0.013230 -0.022440
v -0.019254 -0.004998 -0.025956
v -0.019254 -0.004998 -0.026784
v -0.019254 -0.009762 -0.027672
v -0.019254 -0.006798 -0.026352
v -0.019254 -0.009762 -0.025128
v -0.018534 -0.013230 -0.029244
v -0.018534 -0.010818 -0.024672
v -0.018534 -0.013230 -0.023640
v -0.018534 -0.013230 -0.022440
v -0.018534 -0.009762 -0.027672
v -0.018534 -0.009762 -0.025128
v -0.019254 -0.013230 -0.029244
v -0.018534 -0.010818 -0.028152
v -0.019254 -0.010818 -0.028152
v -0.018534 -0.004998 -0.025956
v -0.018534 -0.004998 -0.026784
v -0.018534 -0.013230 -0.030444
v -0.019254 -0.013230 -0.030444
v -0.018534 -0.006798 -0.026352
v -0.019239 -0.016351 -0.037204
v -0.019239 -0.008168 -0.037204
v -0.019239 -0.016351 -0.038380
v -0.018519 -0.016351 -0.038380
v -0.018519 -0.016351 -0.037204
v -0.018519 -0.008168 -0.037204
v -0.018519 -0.008168 -0.038380
v -0.019239 -0.008168 -0.038380
v 0.012105 0.053789 0.015987
v 0.009708 0.053789 0.035379
v 0.012105 0.053789 0.029352
v -0.012097 0.053789 0.015987
v -0.009699 0.053789 0.035379
v -0.012097 0.053789 0.029352
v 0.006854 -0.004214 0.192147
v 0.006854 -0.015912 0.192147
v 0.004848 -0.004214 0.187304
v 0.004848 -0.015912 0.187304
v 0.000005 -0.004214 0.185298
v 0.000005 -0.015912 0.185298
v -0.004839 -0.004214 0.187304
v -0.004839 -0.015912 0.187304
v -0.006846 -0.004214 0.192147
v -0.006846 -0.015912 0.192147
v -0.004839 -0.004214 0.196992
v -0.004839 -0.015912 0.196992
v 0.000005 -0.004214 0.198997
v 0.000005 -0.015912 0.198997
v 0.004848 -0.004214 0.196992
v 0.004848 -0.015912 0.196992
v 0.011840 0.010339 -0.206283
v 0.011840 0.031463 -0.206283
v 0.010351 0.007105 -0.206836
v 0.010351 0.007105 -0.193774
v 0.005760 0.034701 -0.193790
v 0.005760 0.034701 -0.206821
v 0.011840 0.010339 -0.194328
v 0.013622 0.020902 -0.206289
v 0.011840 0.031463 -0.194328
v 0.013622 0.020902 -0.194322
v 0.021123 0.045821 0.026428
v 0.021123 0.045821 0.167307
v 0.021123 0.032179 0.026428
v 0.021123 0.032179 0.167307
v 0.017095 0.029196 0.026428
v 0.017095 0.029196 0.167307
v 0.013068 0.032179 0.026428
v 0.013068 0.032179 0.167307
v 0.013068 0.045821 0.026428
v 0.013068 0.045821 0.167307
v 0.017095 0.048804 0.026428
v 0.017095 0.048804 0.167307
v 0.023892 0.047931 0.188248
v 0.023892 0.030068 0.188248
v 0.017340 0.027720 0.188248
v 0.012404 0.030068 0.188248
v 0.012404 0.047931 0.188248
v 0.017340 0.050280 0.188248
v 0.023892 0.047931 0.161372
v 0.023892 0.030068 0.161372
v 0.017340 0.027720 0.161372
v 0.012404 0.030068 0.161372
v 0.012404 0.047931 0.161372
v 0.017340 0.050280 0.161372
v -0.021115 0.045821 0.026428
v -0.021115 0.045821 0.167307
v -0.021115 0.032179 0.026428
v -0.021115 0.032179 0.167307
v -0.017088 0.029196 0.026428
v -0.017088 0.029196 0.167307
v -0.013060 0.032179 0.026428
v -0.013060 0.032179 0.167307
v -0.013060 0.045821 0.026428
v -0.013060 0.045821 0.167307
v -0.017088 0.048804 0.026428
v -0.017088 0.048804 0.167307
v -0.023883 0.047931 0.188248
v -0.023883 0.030068 0.188248
v -0.017333 0.027720 0.188248
v -0.012396 0.030068 0.188248
v -0.012396 0.047931 0.188248
v -0.017333 0.050280 0.188248
v -0.023883 0.047931 0.161372
v -0.023883 0.030068 0.161372
v -0.017333 0.027720 0.161372
v -0.012396 0.030068 0.161372
v -0.012396 0.047931 0.161372
v -0.017333 0.050280 0.161372
v 0.005485 0.081485 -0.025963
v 0.005485 0.081485 -0.033891
v 0.007815 0.085764 -0.027036
v 0.007815 0.085764 -0.032817
v 0.008346 0.095628 -0.032310
v 0.008346 0.093969 -0.031621
v 0.008346 0.093281 -0.029962
v 0.008346 0.093969 -0.028302
v 0.008346 0.095628 -0.027615
v 0.008346 0.097288 -0.028302
v 0.008346 0.097975 -0.029962
v 0.008346 0.097288 -0.031621
v 0.005485 0.081485 -0.547198
v 0.005485 0.081485 -0.555126
v 0.007815 0.094253 -0.548610
v 0.007815 0.094253 -0.553716
v 0.007815 0.085764 -0.548610
v 0.007815 0.085764 -0.553716
v 0.001540 0.107152 -0.548914
v 0.001540 0.107152 -0.553410
v 0.001540 0.102146 -0.548914
v 0.001540 0.102146 -0.553410
v 0.007815 0.099317 -0.553716
v 0.007815 0.099317 -0.548610
v 0.007815 0.102438 -0.553716
v 0.007815 0.102438 -0.548610
v 0.006007 0.099317 -0.553716
v 0.006007 0.099317 -0.548610
v 0.006007 0.094253 -0.553716
v 0.006007 0.094253 -0.548610
v 0.012642 0.112204 -0.026713
v 0.011892 0.112954 -0.026713
v 0.012072 0.112204 -0.025963
v 0.012072 0.112204 -0.033891
v 0.011892 0.112954 -0.033141
v 0.012642 0.112204 -0.033141
v 0.012101 0.078113 -0.025963
v 0.012642 0.077145 -0.026713
v 0.012101 0.078113 -0.033891
v 0.012642 0.077145 -0.033141
v 0.005485 0.078103 -0.033891
v 0.005485 0.077145 -0.033141
v 0.008565 0.112954 -0.026713
v 0.007815 0.112204 -0.026713
v 0.008565 0.112204 -0.025963
v 0.005485 0.077145 -0.026713
v 0.005485 0.078103 -0.025963
v 0.008565 0.112204 -0.033891
v 0.007815 0.112204 -0.033141
v 0.008565 0.112954 -0.033141
v 0.008565 0.085014 -0.025963
v 0.007815 0.085764 -0.026713
v 0.007815 0.085764 -0.033141
v 0.008565 0.085014 -0.033891
v 0.007815 0.091861 -0.027786
v 0.007815 0.091112 -0.027036
v 0.007815 0.091112 -0.032817
v 0.007815 0.091861 -0.032067
v 0.012642 0.112204 -0.547948
v 0.011892 0.112954 -0.547948
v 0.012072 0.112204 -0.547198
v 0.012072 0.112204 -0.555126
v 0.011892 0.112954 -0.554376
v 0.012642 0.112204 -0.554376
v 0.012101 0.078113 -0.547198
v 0.012642 0.077145 -0.547948
v 0.012101 0.078113 -0.555126
v 0.012642 0.077145 -0.554376
v 0.005485 0.078103 -0.555126
v 0.005485 0.077145 -0.554376
v 0.008565 0.112954 -0.547948
v 0.007815 0.112204 -0.547948
v 0.008565 0.112204 -0.547198
v 0.005485 0.077145 -0.547948
v 0.005485 0.078103 -0.547198
v 0.008565 0.112204 -0.555126
v 0.007815 0.112204 -0.554376
v 0.008565 0.112954 -0.554376
v 0.008565 0.085014 -0.547198
v 0.007815 0.085764 -0.547948
v 0.007815 0.085764 -0.554376
v 0.008565 0.085014 -0.555126
v -0.005478 0.081485 -0.025963
v -0.005478 0.081485 -0.033891
v -0.007808 0.085764 -0.027036
v -0.007808 0.085764 -0.032817
v -0.008338 0.095628 -0.032310
v -0.008338 0.093969 -0.031621
v -0.008338 0.093281 -0.029962
v -0.008338 0.093969 -0.028302
v -0.008338 0.095628 -0.027615
v -0.008338 0.097288 -0.028302
v -0.008338 0.097975 -0.029962
v -0.008338 0.097288 -0.031621
v -0.005478 0.081485 -0.547198
v -0.005478 0.081485 -0.555126
v -0.007808 0.094253 -0.548610
v -0.007808 0.094253 -0.553716
v -0.007808 0.085764 -0.548610
v -0.007808 0.085764 -0.553716
v -0.001531 0.107152 -0.548914
v -0.001531 0.107152 -0.553410
v -0.001531 0.102146 -0.548914
v -0.001531 0.102146 -0.553410
v -0.007808 0.099317 -0.553716
v -0.007808 0.099317 -0.548610
v -0.007808 0.102438 -0.553716
v -0.007808 0.102438 -0.548610
v -0.005999 0.099317 -0.553716
v -0.005999 0.099317 -0.548610
v -0.005999 0.094253 -0.553716
v -0.005999 0.094253 -0.548610
v -0.012634 0.112204 -0.026713
v -0.011884 0.112954 -0.026713
v -0.012063 0.112204 -0.025963
v -0.012063 0.112204 -0.033891
v -0.011884 0.112954 -0.033141
v -0.012634 0.112204 -0.033141
v -0.012093 0.078113 -0.025963
v -0.012634 0.077145 -0.026713
v -0.012093 0.078113 -0.033891
v -0.012634 0.077145 -0.033141
v -0.005478 0.078103 -0.033891
v -0.005478 0.077145 -0.033141
v -0.008557 0.112954 -0.026713
v -0.007808 0.112204 -0.026713
v -0.008557 0.112204 -0.025963
v -0.005478 0.077145 -0.026713
v -0.005478 0.078103 -0.025963
v -0.008557 0.112204 -0.033891
v -0.007808 0.112204 -0.033141
v -0.008557 0.112954 -0.033141
v -0.008557 0.085014 -0.025963
v -0.007808 0.085764 -0.026713
v -0.007808 0.085764 -0.033141
v -0.008557 0.085014 -0.033891
v -0.007808 0.091861 -0.027786
v -0.007808 0.091112 -0.027036
v -0.007808 0.091112 -0.032817
v -0.007808 0.091861 -0.032067
v -0.012634 0.112204 -0.547948
v -0.011884 0.112954 -0.547948
v -0.012063 0.112204 -0.547198
v -0.012063 0.112204 -0.555126
v -0.011884 0.112954 -0.554376
v -0.012634 0.112204 -0.554376
v -0.012093 0.078113 -0.547198
v -0.012634 0.077145 -0.547948
v -0.012093 0.078113 -0.555126
v -0.012634 0.077145 -0.554376
v -0.005478 0.078103 -0.555126
v -0.005478 0.077145 -0.554376
v -0.008557 0.112954 -0.547948
v -0.007808 0.112204 -0.547948
v -0.008557 0.112204 -0.547198
v -0.005478 0.077145 -0.547948
v -0.005478 0.078103 -0.547198
v -0.008557 0.112204 -0.555126
v -0.007808 0.112204 -0.554376
v -0.008557 0.112954 -0.554376
v -0.008557 0.085014 -0.547198
v -0.007808 0.085764 -0.547948
v -0.007808 0.085764 -0.554376
v -0.008557 0.085014 -0.555126
v 0.015296 0.060918 -0.018601
v 0.015296 0.060918 -0.040456
v 0.015296 0.061288 -0.539838
v 0.015296 0.075817 -0.539838
v 0.015296 0.061288 -0.561692
v 0.015296 0.075817 -0.561692
v 0.005485 0.081009 -0.545907
v 0.005485 0.081009 -0.555623
v 0.005485 0.075817 -0.545907
v 0.005485 0.075817 -0.555623
v -0.015288 0.060918 -0.018601
v -0.015288 0.060918 -0.040456
v -0.015288 0.061288 -0.539838
v -0.015288 0.075817 -0.539838
v -0.015288 0.061288 -0.561692
v -0.015288 0.075817 -0.561692
v -0.005478 0.081009 -0.545907
v -0.005478 0.081009 -0.555623
v -0.005478 0.075817 -0.545907
v -0.005478 0.075817 -0.555623
v 0.013796 0.075817 -0.020101
v 0.015296 0.074317 -0.018601
v 0.013796 0.075817 -0.038956
v 0.015296 0.074317 -0.040456
v 0.003986 0.081009 -0.024670
v 0.005485 0.081009 -0.026170
v 0.005485 0.081009 -0.032886
v 0.003986 0.081009 -0.034386
v 0.005485 0.075817 -0.026170
v 0.003986 0.075817 -0.024670
v 0.003986 0.075817 -0.034386
v 0.005485 0.075817 -0.032886
v -0.013787 0.075817 -0.020101
v -0.015288 0.074317 -0.018601
v -0.013787 0.075817 -0.038956
v -0.015288 0.074317 -0.040456
v -0.005478 0.081009 -0.026170
v -0.003978 0.081009 -0.024670
v -0.003978 0.081009 -0.034386
v -0.005478 0.081009 -0.032886
v -0.003978 0.075817 -0.024670
v -0.005478 0.075817 -0.026170
v -0.005478 0.075817 -0.032886
v -0.003978 0.075817 -0.034386
v -0.004002 0.107152 -0.029214
v -0.002573 0.103331 -0.029214
v -0.004204 0.097236 -0.031030
v 0.002580 0.103331 -0.029214
v 0.004010 0.107152 -0.029214
v 0.002580 0.110505 -0.029214
v -0.002573 0.110505 -0.029214
v -0.006539 0.107145 -0.028895
v -0.004204 0.101744 -0.028895
v 0.004212 0.097236 -0.031030
v 0.004212 0.101744 -0.028895
v 0.006546 0.107145 -0.028895
v 0.004212 0.112491 -0.028895
v -0.004204 0.112491 -0.028895
v -0.004002 0.107152 -0.030711
v -0.002573 0.103331 -0.030711
v -0.004204 0.097236 -0.028895
v 0.002580 0.103331 -0.030711
v 0.004010 0.107152 -0.030711
v 0.002580 0.110505 -0.030711
v -0.002573 0.110505 -0.030711
v -0.006539 0.107145 -0.031030
v -0.004204 0.101744 -0.031030
v 0.004212 0.097236 -0.028895
v 0.004212 0.101744 -0.031030
v 0.006546 0.107145 -0.031030
v 0.004212 0.112491 -0.031030
v -0.004204 0.112491 -0.031030
v -0.017358 0.095628 -0.033985
v -0.017358 0.092784 -0.032807
v -0.017358 0.091605 -0.029962
v -0.017358 0.092784 -0.027118
v -0.017358 0.095628 -0.025939
v -0.017358 0.098473 -0.027118
v -0.017358 0.099651 -0.029962
v -0.017358 0.098473 -0.032807
v -0.013935 0.095628 -0.034860
v -0.013935 0.092164 -0.033426
v -0.013935 0.090730 -0.029962
v -0.013935 0.092164 -0.026499
v -0.013935 0.095628 -0.025065
v -0.013935 0.099091 -0.026499
v -0.013935 0.100527 -0.029962
v -0.013935 0.099091 -0.033426
v -0.013935 0.095628 -0.032703
v -0.013935 0.093690 -0.031900
v -0.013935 0.092887 -0.029962
v -0.013935 0.093690 -0.028024
v -0.013935 0.095628 -0.027222
v -0.013935 0.097566 -0.028024
v -0.013935 0.098368 -0.029962
v -0.013935 0.097566 -0.031900
v -0.012255 0.095628 -0.032703
v -0.012255 0.093690 -0.031900
v -0.012255 0.092887 -0.029962
v -0.012255 0.093690 -0.028024
v -0.012255 0.095628 -0.027222
v -0.012255 0.097566 -0.028024
v -0.012255 0.098368 -0.029962
v -0.012255 0.097566 -0.031900
v -0.016776 0.092164 -0.033426
v -0.016776 0.095628 -0.034860
v -0.016776 0.090730 -0.029962
v -0.016776 0.092164 -0.026499
v -0.016776 0.095628 -0.025065
v -0.016776 0.099091 -0.026499
v -0.016776 0.100527 -0.029962
v -0.016776 0.099091 -0.033426
v 0.000005 0.098483 -0.557007
v -0.004070 0.098483 -0.555321
v -0.005756 0.098483 -0.551247
v -0.004070 0.098483 -0.547174
v 0.000005 0.098483 -0.545487
v 0.004077 0.098483 -0.547174
v 0.005765 0.098483 -0.551247
v 0.004077 0.098483 -0.555321
v 0.000005 0.095620 -0.557007
v -0.004070 0.095620 -0.555321
v -0.005756 0.095620 -0.551247
v -0.004070 0.095620 -0.547174
v 0.000005 0.095620 -0.545487
v 0.004077 0.095620 -0.547174
v 0.005765 0.095620 -0.551247
v 0.004077 0.095620 -0.555321
v 0.000005 0.100095 -0.553437
v -0.001545 0.100095 -0.552795
v -0.002185 0.100095 -0.551247
v -0.001545 0.100095 -0.549699
v 0.000005 0.100095 -0.549059
v 0.001552 0.100095 -0.549699
v 0.002193 0.100095 -0.551247
v 0.001552 0.100095 -0.552795
v 0.000005 0.094008 -0.553437
v -0.001545 0.094008 -0.552795
v -0.002185 0.094008 -0.551247
v -0.001545 0.094008 -0.549699
v 0.000005 0.094008 -0.549059
v 0.001552 0.094008 -0.549699
v 0.002193 0.094008 -0.551247
v 0.001552 0.094008 -0.552795
v -0.025068 0.046299 0.178270
v 0.025076 0.046299 0.178270
v -0.025068 0.044292 0.173427
v 0.025076 0.044292 0.173427
v -0.025068 0.039448 0.171420
v 0.025076 0.039448 0.171420
v -0.025068 0.034605 0.173427
v 0.025076 0.034605 0.173427
v -0.025068 0.032598 0.178270
v 0.025076 0.032598 0.178270
v -0.025068 0.034605 0.183114
v 0.025076 0.034605 0.183114
v -0.025068 0.039448 0.185121
v 0.025076 0.039448 0.185121
v -0.025068 0.044292 0.183114
v 0.025076 0.044292 0.183114
v -0.013324 0.008072 -0.117233
v -0.013324 0.008072 -0.231658
v -0.013324 0.033732 -0.117233
v -0.013324 0.033732 -0.231658
v -0.013324 0.033732 -0.181234
v -0.013324 0.033732 -0.219376
v -0.013324 0.008072 -0.181234
v -0.013324 0.008072 -0.219376
v -0.013324 0.020902 -0.231658
v -0.013324 0.007105 -0.206836
v -0.013324 0.007105 -0.193774
v -0.013324 0.034701 -0.193790
v -0.013324 0.034701 -0.206821
g Magazine
usemtl M_PCL_Flat_Black
f 43 44 27 28 39 40
f 29 45 46 41 42 30
f 27 89 91 29
f 27 29 30 28
f 51 52 31 32 47 48
f 33 53 54 49 50 34
f 31 93 95 33
f 31 33 34 32
f 36 98 117 55
f 59 60 35 36 55 56
f 60 122 97 35
f 58 120 100 38
f 37 99 123 61
f 62 124 119 57
f 37 61 62 57 58 38
f 59 121 122 60
f 35 37 38 36
f 38 100 98 36
f 61 123 124 62
f 55 117 118 56
f 57 119 120 58
f 56 118 121 59
f 105 102 101 90 89 106
f 44 106 89 27
f 42 104 92 30
f 29 91 107 45
f 46 108 103 41
f 91 92 104 103 108 107
f 43 105 106 44
f 89 90 92 91
f 30 92 90 28
f 32 94 109 47
f 113 110 109 94 93 114
f 52 114 93 31
f 50 112 96 34
f 33 95 115 53
f 54 116 111 49
f 95 96 112 111 116 115
f 51 113 114 52
f 93 94 96 95
f 34 96 94 32
f 121 118 117 98 97 122
f 99 100 120 119 124 123
f 35 97 99 37
f 97 98 100 99
f 45 107 108 46
f 39 101 102 40
f 41 103 104 42
f 40 102 105 43
f 53 115 116 54
f 47 109 110 48
f 49 111 112 50
f 48 110 113 51
f 28 90 101 39
g Body
usemtl M_PCL_Flat_Black
f 990 992 994
f 1001 1005 992 990
f 1024 1000 1001 1025
f 1006 995 997 1010
f 1005 1009 994 992
f 1015 991 998 1022
f 1036 1037 1013 1012
f 1025 1001 990 1014
f 996 1020 1018 994
f 1034 1035 1011 1010
f 1035 1036 1012 1011
f 993 995 1006 1002
f 1002 1006 1007 1003
f 1003 1007 1008 1004
f 1004 1008 1009 1005
f 994 1009 1013 996
f 1009 1008 1012 1013
f 1008 1007 1011 1012
f 1007 1006 1010 1011
f 1021 1034 1010 997
f 1037 1020 996 1013
f 1022 998 999 1023
f 1023 999 1000 1024
f 991 993 1002 998
f 998 1002 1003 999
f 999 1003 1004 1000
f 1000 1004 1005 1001
f 1014 1018 1016
f 1025 1014 1016 1029
f 1030 1034 1021 1019
f 1029 1016 1018 1033
f 1017 1026 1030 1019
f 1026 1027 1031 1030
f 1027 1028 1032 1031
f 1028 1029 1033 1032
f 1018 1020 1037 1033
f 1033 1037 1036 1032
f 1032 1036 1035 1031
f 1031 1035 1034 1030
f 1015 1022 1026 1017
f 1022 1023 1027 1026
f 1023 1024 1028 1027
f 1024 1025 1029 1028
f 994 1018 1014 990
f 1039 1053 1090
f 1051 1049 1090
f 1047 1045 1090
f 1043 1041 1090
f 1053 1051 1090
f 1049 1047 1090
f 1045 1043 1090
f 1041 1039 1090
f 1153 1154 1171
f 1151 1152 1171
f 1149 1150 1171
f 1147 1148 1171
f 1154 1147 1171
f 1152 1153 1171
f 1150 1151 1171
f 1148 1149 1171
f 1281 1285 1288 1284
f 1283 1287 1286 1282
f 1284 1288 1292 1290
f 1287 1283 1289 1291
f 1282 1286 1285 1281
f 1281 1284 1296 1293
f 1282 1281 1293 1294
f 1284 1290 1298 1296
f 1289 1283 1295 1297
f 1283 1282 1294 1295
f 1299 1302 1306 1303
f 1301 1300 1304 1305
f 1302 1308 1310 1306
f 1305 1309 1307 1301
f 1300 1299 1303 1304
f 1299 1311 1314 1302
f 1300 1312 1311 1299
f 1302 1314 1316 1308
f 1307 1315 1313 1301
f 1301 1313 1312 1300
f 1288 1285 1303 1306
f 1286 1287 1305 1304
f 1285 1286 1304 1303
f 1291 1289 1307 1309
f 1290 1292 1310 1308
f 1292 1288 1306 1310
f 1287 1291 1309 1305
f 1294 1293 1311 1312
f 1295 1294 1312 1313
f 1293 1296 1314 1311
f 1296 1298 1316 1314
f 1297 1295 1313 1315
f 1298 1290 1308 1316
f 1289 1297 1315 1307
f 1458 1459 1467 1466
f 1456 1457 1465 1464
f 1454 1455 1463 1462
f 1459 1460 1468 1467
f 1457 1458 1466 1465
f 1455 1456 1464 1463
f 1453 1454 1462 1461
f 1460 1453 1461 1468
f 1469 1476 1475 1474 1473 1472 1471 1470
f 1477 1478 1479 1480 1481 1482 1483 1484
f 1472 1473 1481 1480
f 1470 1471 1479 1478
f 1475 1476 1484 1483
f 1473 1474 1482 1481
f 1471 1472 1480 1479
f 1469 1470 1478 1477
f 1476 1469 1477 1484
f 1474 1475 1483 1482
f 1485 1487 1494 1493
f 1485 1493 1491
f 1492 1494 1487
f 1498 1496 1486 1488
f 1488 1494 1492
f 1493 1486 1491
f 1494 1488 1486 1493
f 1558 1552 1560 1567
f 1571 1554 1565 1569
f 1564 1565 1562 1563
f 1587 1584 1560 1563
f 1575 1574 1556 1557
f 1598 1580 1556 1574
f 1555 1573 1554 1553
f 1572 1559 1566 1561
f 1572 1552 1558 1559
f 1575 1599 1585 1561
f 1552 1572 1573 1555
f 1555 1553 1564 1563
f 1554 1573 1562 1565
f 1570 1558 1567 1568
f 1571 1570 1553 1554
f 1568 1569 1565 1564
f 1561 1562 1573 1572
f 1561 1566 1567 1560
f 1567 1566 1569 1568
f 1559 1558 1570 1571
f 1553 1570 1568 1564
f 1559 1571 1569 1566
f 1552 1555 1563 1560
f 1557 1581 1599 1575
f 1561 1585 1586 1562
f 1584 1598 1574 1560
f 1561 1560 1574 1575
f 1582 1591 1584 1576
f 1595 1593 1589 1578
f 1588 1587 1586 1589
f 1599 1581 1580 1598
f 1579 1577 1578 1597
f 1596 1585 1590 1583
f 1596 1583 1582 1576
f 1576 1579 1597 1596
f 1579 1587 1588 1577
f 1578 1589 1586 1597
f 1594 1592 1591 1582
f 1595 1578 1577 1594
f 1592 1588 1589 1593
f 1585 1596 1597 1586
f 1585 1584 1591 1590
f 1591 1592 1593 1590
f 1583 1595 1594 1582
f 1577 1588 1592 1594
f 1583 1590 1593 1595
f 1576 1584 1587 1579
f 1585 1599 1598 1584
f 1587 1563 1562 1586
f 1609 1603 1602 1608
f 1601 1602 1603 1604 1605 1600
f 1611 1606 1600 1605
f 1610 1604 1603 1609
f 1601 1607 1608 1602
f 1604 1610 1611 1605
f 1607 1606 1611 1610 1609 1608
f 1613 1632 1645 1619
f 1620 1647 1631 1612
f 1616 1638 1636 1615
f 1614 1634 1632 1613
f 1641 1647 1620 1617
f 1615 1636 1634 1614
f 1612 1631 1638 1616
f 1643 1644 1646 1640
f 1642 1618 1619 1645
f 1618 1642 1643 1640 1641 1617
f 1633 1644 1645 1632
f 1635 1633 1632 1634
f 1637 1635 1634 1636
f 1639 1637 1636 1638
f 1630 1639 1638 1631
f 1642 1645 1644 1643
f 1640 1646 1647 1641
f 1646 1630 1631 1647
f 1646 1644 1633 1635 1637 1639 1630
f 1719 1726 1727 1728 1729 1721
f 1718 1720 1730 1731 1732 1733
f 1732 1731 1734 1737
f 1723 1726 1719 1714
f 1719 1721 1720 1718
f 1714 1719 1718 1715
f 1721 1717 1716 1720
f 1729 1724 1717 1721
f 1715 1718 1733 1736
f 1716 1715 1736 1737 1734 1735
f 1725 1728 1727 1722
f 1715 1716 1717 1714
f 1722 1727 1726 1723
f 1728 1725 1724 1729
f 1724 1725 1722 1723 1714 1717
f 1734 1731 1730 1735
f 1732 1737 1736 1733
f 1720 1716 1735 1730
f 1743 1745 1753 1752 1751 1750
f 1747 1738 1743 1750
f 1743 1742 1744 1745
f 1738 1739 1742 1743
f 1745 1744 1740 1741
f 1753 1745 1741 1748
f 1749 1746 1751 1752
f 1739 1738 1741 1740
f 1746 1747 1750 1751
f 1752 1753 1748 1749
f 1748 1741 1738 1747 1746 1749
f 1762 1763 1765 1764
f 1764 1765 1767 1766
f 1766 1767 1769 1768
f 1768 1769 1771 1770
f 1770 1771 1773 1772
f 1772 1773 1775 1774
f 1765 1763 1777 1775 1773 1771 1769 1767
f 1774 1775 1777 1776
f 1776 1777 1763 1762
f 1762 1764 1766 1768 1770 1772 1774 1776
f 1778 1779 1781 1780
f 1780 1781 1783 1782
f 1782 1783 1785 1784
f 1784 1785 1787 1786
f 1786 1787 1789 1788
f 1788 1789 1791 1790
f 1781 1779 1793 1791 1789 1787 1785 1783
f 1790 1791 1793 1792
f 1792 1793 1779 1778
f 1778 1780 1782 1784 1786 1788 1790 1792
f 1794 1795 1797 1796
f 1796 1797 1799 1798
f 1798 1799 1801 1800
f 1800 1801 1803 1802
f 1802 1803 1805 1804
f 1804 1805 1807 1806
f 1797 1795 1809 1807 1805 1803 1801 1799
f 1806 1807 1809 1808
f 1808 1809 1795 1794
f 1794 1796 1798 1800 1802 1804 1806 1808
f 1822 1823 1825 1824
f 1824 1825 1827 1826
f 1826 1827 1829 1828
f 1828 1829 1831 1830
f 1830 1831 1833 1832
f 1832 1833 1835 1834
f 1825 1823 1837 1835 1833 1831 1829 1827
f 1834 1835 1837 1836
f 1836 1837 1823 1822
f 1822 1824 1826 1828 1830 1832 1834 1836
f 1838 1839 1841 1840
f 1840 1841 1843 1842
f 1842 1843 1845 1844
f 1844 1845 1847 1846
f 1846 1847 1849 1848
f 1848 1849 1851 1850
f 1841 1839 1853 1851 1849 1847 1845 1843
f 1850 1851 1853 1852
f 1852 1853 1839 1838
f 1838 1840 1842 1844 1846 1848 1850 1852
f 1968 1969 1971 1970
f 1970 1971 1973 1972
f 1972 1973 1975 1974
f 1974 1975 1977 1976
f 1976 1977 1979 1978
f 1978 1979 1981 1980
f 1971 1969 1983 1981 1979 1977 1975 1973
f 1980 1981 1983 1982
f 1982 1983 1969 1968
f 1968 1970 1972 1974 1976 1978 1980 1982
f 2042 2088 2078 2092
f 2090 2094 2093 2085
f 2075 2080 2095 2089
f 2092 2174 2124 2042
f 2178 2096 2099 2181
f 2079 2081 2077 2072
f 2177 2176 2094 2095
f 2042 2043 2082 2083 2087 2088
f 2080 2082 2043 2095
f 2096 2097 2044 2045 2098 2099
f 2101 2104 2119 2112
f 2097 2179 2126 2044
f 2180 2181 2099 2098
f 2047 2129 2128 2046
f 2048 2130 2129 2047
f 2049 2131 2130 2048
f 2050 2132 2131 2049
f 2051 2133 2132 2050
f 2047 2046 2053 2052 2051 2050 2049 2048
f 2052 2134 2133 2051
f 2053 2135 2134 2052
f 2054 2116 2106 2120
f 2118 2122 2121 2113
f 2103 2108 2123 2117
f 2120 2202 2136 2054
f 2107 2109 2105 2100
f 2184 2182 2189 2188
f 2153 2071 2070 2152
f 2054 2055 2110 2111 2115 2116
f 2108 2110 2055 2123
f 2071 2153 2140 2058
f 2071 2058 2056
f 2148 2066 2068 2150
f 2060 2062 2063 2061
f 2071 2069 2068 2070
f 2069 2151 2150 2068
f 2067 2069 2065
f 2054 2136 2137 2055
f 2205 2204 2122 2123
f 2060 2142 2144 2062
f 2175 2093 2094 2176
f 2087 2083 2081 2079
f 2203 2121 2122 2204
f 2115 2111 2109 2107
f 2149 2067 2066 2148
f 2066 2064 2068
f 2067 2149 2151 2069
f 2057 2059 2070
f 2152 2070 2059 2141
f 2056 2065 2069 2071
f 2070 2068 2064 2057
f 2072 2073 2074
f 2075 2076 2077
f 2084 2085 2086
f 2089 2090 2091
f 2100 2101 2102
f 2103 2104 2105
f 2112 2113 2114
f 2117 2118 2119
f 2082 2080 2081 2083
f 2080 2075 2077 2081
f 2092 2086 2085 2093
f 2076 2073 2072 2077
f 2086 2074 2073 2084
f 2094 2090 2089 2095
f 2078 2088 2087 2079
f 2075 2089 2091 2076
f 2090 2085 2084 2091
f 2093 2175 2174 2092
f 2078 2074 2086 2092
f 2125 2177 2095 2043
f 2096 2178 2179 2097
f 2180 2098 2045 2127
f 2110 2108 2109 2111
f 2108 2103 2105 2109
f 2120 2114 2113 2121
f 2104 2101 2100 2105
f 2114 2102 2101 2112
f 2122 2118 2117 2123
f 2106 2116 2115 2107
f 2103 2117 2119 2104
f 2118 2113 2112 2119
f 2121 2203 2202 2120
f 2106 2102 2114 2120
f 2137 2205 2123 2055
f 2073 2076 2091 2084
f 2124 2174 2160 2170
f 2167 2175 2176 2172
f 2171 2177 2162 2157
f 2161 2154 2159 2163
f 2074 2078 2079 2072
f 2124 2170 2169 2165 2164 2125
f 2162 2177 2125 2164
f 2178 2181 2180 2127 2126 2179
f 2183 2194 2201 2186
f 2129 2130 2131 2132 2133 2134 2135 2128
f 2136 2202 2188 2198
f 2195 2203 2204 2200
f 2199 2205 2190 2185
f 2189 2182 2187 2191
f 2136 2198 2197 2193 2192 2137
f 2190 2205 2137 2192
f 2153 2138 2140
f 2142 2143 2145 2144
f 2153 2152 2150 2151
f 2149 2147 2151
f 2169 2161 2163 2165
f 2197 2189 2191 2193
f 2148 2150 2146
f 2139 2152 2141
f 2138 2153 2151 2147
f 2152 2139 2146 2150
f 2154 2156 2155
f 2157 2159 2158
f 2166 2168 2167
f 2171 2173 2172
f 2182 2184 2183
f 2185 2187 2186
f 2194 2196 2195
f 2199 2201 2200
f 2164 2165 2163 2162
f 2162 2163 2159 2157
f 2174 2175 2167 2168
f 2158 2159 2154 2155
f 2168 2166 2155 2156
f 2176 2177 2171 2172
f 2160 2161 2169 2170
f 2157 2158 2173 2171
f 2172 2173 2166 2167
f 2160 2174 2168 2156
f 2192 2193 2191 2190
f 2190 2191 2187 2185
f 2202 2203 2195 2196
f 2186 2187 2182 2183
f 2196 2194 2183 2184
f 2204 2205 2199 2200
f 2188 2189 2197 2198
f 2185 2186 2201 2199
f 2200 2201 2194 2195
f 2188 2202 2196 2184
f 2155 2166 2173 2158
f 2240 2238 2226 2228
f 2232 2233 2244 2245 2242 2243 2230 2231
f 2229 2207 2217 2241
f 2207 2229 2227 2206
f 2227 2239 2216 2206
f 2231 2234 2237 2232
f 2244 2233 2236 2249
f 2230 2243 2246 2235
f 2206 2216 2217 2207
f 2218 2208 2209 2219
f 2210 2211 2209 2208
f 2223 2222 2212 2213
f 2223 2213 2215 2225
f 2212 2222 2224 2214
f 2212 2214 2215 2213
f 2225 2215 2214 2224
f 2248 2249 2236 2237 2234 2235 2246 2247
f 2042 2124 2125 2043
f 2217 2216 2239 2241
f 2242 2245 2248 2247
f 2220 2218 2219 2221
f 2210 2220 2221 2211
f 2209 2211 2221 2219
f 2208 2218 2220 2210
f 2222 2223 2225 2224
f 2228 2226 2227 2229
f 2230 2235 2234 2231
f 2232 2237 2236 2233
f 2226 2238 2239 2227
f 2241 2239 2238 2240
f 2228 2229 2241 2240
f 2242 2247 2246 2243
f 2244 2249 2248 2245
f 2256 2270 2269 2255
f 2276 2269 2270 2277
f 2255 2254 2261 2262
f 2272 2265 2267 2274
f 2251 2250 2257 2258
f 2250 2256 2263 2257
f 2254 2253 2260 2261
f 2269 2276 2275 2268
f 2253 2267 2265 2251
f 2265 2272 2271 2264
f 2264 2271 2277 2270
f 2268 2275 2274 2267
f 2260 2258 2266 2273
f 2255 2269 2268 2254
f 2260 2274 2275 2261
f 2276 2277 2263 2262
f 2261 2275 2276 2262
f 2250 2264 2270 2256
f 2251 2265 2264 2250
f 2263 2277 2271 2257
f 2257 2271 2272 2258
f 2274 2260 2273 2259
f 2272 2274 2259 2252
f 2252 2259 2273 2266
f 2254 2268 2267 2253
f 2251 2258 2260 2253
f 2258 2272 2252 2266
f 2287 2286 2293 2292 2291 2290 2289 2288
f 2279 2280 2281 2282 2283 2284 2285 2278
f 2311 2317 2293 2286
f 2316 2315 2291 2292
f 2314 2313 2289 2290
f 2312 2310 2287 2288
f 2317 2316 2292 2293
f 2315 2314 2290 2291
f 2313 2312 2288 2289
f 2310 2311 2286 2287
f 2294 2301 2309 2302
f 2300 2299 2307 2308
f 2298 2297 2305 2306
f 2296 2295 2303 2304
f 2301 2300 2308 2309
f 2299 2298 2306 2307
f 2297 2296 2304 2305
f 2295 2294 2302 2303
f 2279 2278 2311 2310
f 2280 2279 2310 2312
f 2281 2280 2312 2313
f 2282 2281 2313 2314
f 2283 2282 2314 2315
f 2284 2283 2315 2316
f 2285 2284 2316 2317
f 2278 2285 2317 2311
f 2318 2319 2320 2321 2322 2323 2324 2325
f 2318 2325 2333 2326
f 2324 2323 2331 2332
f 2322 2321 2329 2330
f 2320 2319 2327 2328
f 2325 2324 2332 2333
f 2323 2322 2330 2331
f 2321 2320 2328 2329
f 2319 2318 2326 2327
f 2327 2326 2333 2332 2331 2330 2329 2328
f 2334 2335 2336 2337 2338 2339 2340 2341
f 2334 2341 2349 2342
f 2340 2339 2347 2348
f 2338 2337 2345 2346
f 2336 2335 2343 2344
f 2341 2340 2348 2349
f 2339 2338 2346 2347
f 2337 2336 2344 2345
f 2335 2334 2342 2343
f 2343 2342 2349 2348 2347 2346 2345 2344
f 2255 2262 2263 2256
f 2046 2128 2135 2053
f 2143 2061 2063 2145
f 2156 2154 2161 2160
f 2102 2106 2107 2100
f 2350 2351 2353 2352
f 2352 2353 2355 2354
f 2354 2355 2357 2356
f 2356 2357 2359 2358
f 2358 2359 2361 2360
f 2360 2361 2363 2362
f 2353 2351 2365 2363 2361 2359 2357 2355
f 2362 2363 2365 2364
f 2364 2365 2351 2350
f 2350 2352 2354 2356 2358 2360 2362 2364
f 1614 1613 1619 1618 1617 1620 1612 1616 1615
f 2142 2060 2061 2143
f 1600 1606 1607 1601
f 1991 1985 1992 1993
f 1984 1991 1993 1990
g Magazine
usemtl M_PCL_Flat_Black_Lighter
f 8 9 6 5
f 3 65 70 8
f 15 77 63 65 3 1
f 15 18 23 26
f 19 16 21 24
f 17 19 24 22
f 10 11 12 7
f 3 8 5 1
f 9 10 7 6
f 13 75 64 82 20 2
f 9 71 72 10
f 8 70 71 9
f 10 72 73 11
f 4 2 12 11
f 16 20 25 21
f 2 4 14 13
f 76 14 4 66
f 85 23 22 84
f 11 73 66 4
f 2 20 16 12
f 26 88 77 15
f 1 5 18 15
f 5 6 17 18
f 6 7 19 17
f 7 12 16 19
f 82 87 25 20
f 88 26 23 85
f 86 24 21 83
f 84 22 24 86
f 87 83 21 25
f 18 17 22 23
f 14 76 75 13
f 70 67 68 71
f 77 88 85 80
f 81 86 83 78
f 79 84 86 81
f 72 69 74 73
f 65 63 67 70
f 71 68 69 72
f 66 73 74 64
f 78 83 87 82
f 64 75 76 66
f 64 74 78 82
f 63 77 80 67
f 67 80 79 68
f 68 79 81 69
f 69 81 78 74
f 80 85 84 79
g Body
usemtl M_PCL_Flat_Black_Lighter
f 743 747 739 735
f 735 739 738 734
f 743 735 737 745
f 735 734 736 737
f 737 741 749 745
f 747 749 741 739
f 739 741 740 738
f 736 740 741 737
f 743 745 744 742
f 746 742 744 748
f 742 746 747 743
f 747 746 748 749
f 745 749 748 744
f 759 763 755 751
f 751 755 754 750
f 759 751 753 761
f 751 750 752 753
f 753 757 765 761
f 763 765 757 755
f 755 757 756 754
f 752 756 757 753
f 759 761 760 758
f 762 758 760 764
f 758 762 763 759
f 763 762 764 765
f 761 765 764 760
f 775 779 771 767
f 767 771 770 766
f 775 767 769 777
f 767 766 768 769
f 769 773 781 777
f 779 781 773 771
f 771 773 772 770
f 768 772 773 769
f 775 777 776 774
f 778 774 776 780
f 774 778 779 775
f 779 778 780 781
f 777 781 780 776
f 791 783 787 795
f 791 793 785 783
f 783 785 784 782
f 783 782 786 787
f 795 787 789 797
f 787 786 788 789
f 785 793 797 789
f 791 790 792 793
f 784 785 789 788
f 794 796 792 790
f 795 797 796 794
f 790 791 795 794
f 1255 1224 1234 1242
f 1241 1222 1220 1243
f 1262 1225 1227 1248
f 1248 1227 1229 1249
f 1249 1229 1231 1250
f 1250 1231 1233 1263
f 1243 1220 1237 1240
f 1242 1234 1222 1241
f 1240 1237 1239 1244
f 1263 1233 1238 1264
f 1220 1222 1234 1224 1226 1228 1230 1232 1239 1237
f 1232 1259 1244 1239
f 1230 1258 1259 1232
f 1228 1257 1258 1230
f 1226 1256 1257 1228
f 1224 1255 1256 1226
f 1225 1262 1261 1235
f 1223 1246 1247 1221
f 1221 1247 1245 1236
f 1235 1261 1246 1223
f 1236 1245 1264 1238
f 1275 1278 1269 1268
f 1258 1250 1263 1259
f 1257 1249 1250 1258
f 1256 1248 1249 1257
f 1255 1262 1248 1256
f 1245 1251 1260 1264
f 1261 1253 1252 1246
f 1247 1254 1251 1245
f 1246 1252 1254 1247
f 1267 1265 1261 1262
f 1243 1254 1252 1241
f 1241 1252 1253 1242
f 1240 1251 1254 1243
f 1244 1260 1251 1240
f 1236 1238 1233 1231 1229 1227 1225 1235 1223 1221
f 1268 1269 1272 1266
f 1266 1272 1279 1274
f 1270 1277 1259 1263
f 1271 1270 1263 1264
f 1280 1271 1264 1260
f 1274 1279 1278 1275
f 1277 1280 1260 1259
f 1273 1276 1255 1253
f 1276 1267 1262 1255
f 1276 1273 1274 1275
f 1278 1279 1280 1277
f 1273 1265 1266 1274
f 1268 1266 1265 1267
f 1270 1271 1272 1269
f 1267 1276 1275 1268
f 1269 1278 1277 1270
f 1271 1280 1279 1272
f 1265 1273 1253 1261
f 1405 1412 1387 1382
f 1412 1416 1391 1387
f 1420 1424 1400 1395
f 1379 1381 1388 1385
f 1386 1409 1403 1380
f 1416 1420 1395 1391
f 1403 1401 1378 1380
f 1383 1384 1377 1378 1401 1402 1407 1408
f 1385 1388 1392 1389
f 1422 1398 1400 1424
f 1398 1422 1417 1394
f 1390 1413 1409 1386
f 1389 1392 1396 1393
f 1394 1417 1413 1390
f 1393 1396 1399 1397
f 1377 1384 1381 1379
f 1404 1410 1411 1406
f 1410 1414 1415 1411
f 1414 1418 1419 1415
f 1418 1421 1423 1419
f 1402 1404 1406 1407
f 1382 1387 1388 1381
f 1381 1384 1383 1382
f 1377 1379 1380 1378
f 1379 1385 1386 1380
f 1387 1391 1392 1388
f 1390 1386 1385 1389
f 1396 1392 1391 1395
f 1394 1390 1389 1393
f 1400 1398 1397 1399
f 1399 1396 1395 1400
f 1398 1394 1393 1397
f 1406 1411 1412 1405
f 1405 1408 1407 1406
f 1401 1403 1404 1402
f 1403 1409 1410 1404
f 1411 1415 1416 1412
f 1414 1410 1409 1413
f 1420 1416 1415 1419
f 1418 1414 1413 1417
f 1423 1421 1422 1424
f 1424 1420 1419 1423
f 1421 1418 1417 1422
f 1383 1408 1405 1382
f 1425 1427 1428 1426
f 1427 1431 1432 1428
f 1429 1430 1434 1433
f 1429 1425 1426 1430
f 1427 1425 1429 1431
f 1432 1430 1426 1428
f 1431 1429 1433 1435
f 1430 1432 1436 1434
f 1432 1431 1435 1436
f 1489 1488 1492
f 1491 1496 1486 1490
f 1485 1491 1490
f 1487 1489 1492
f 1497 1487 1485 1495
f 1496 1495 1485 1490 1486
f 1497 1498 1488 1489 1487
f 1496 1498 1497 1495
f 1516 1500 1502 1517
f 1517 1502 1504 1519
f 1519 1504 1506 1521
f 1521 1506 1508 1523
f 1523 1508 1510 1525
f 1525 1510 1512 1527
f 1502 1500 1514 1512 1510 1508 1506 1504
f 1527 1512 1514 1529
f 1529 1514 1500 1516
f 1499 1501 1503 1505 1507 1509 1511 1513
f 1513 1530 1515 1499
f 1511 1528 1530 1513
f 1509 1526 1528 1511
f 1507 1524 1526 1509
f 1505 1522 1524 1507
f 1503 1520 1522 1505
f 1501 1518 1520 1503
f 1499 1515 1518 1501
f 1530 1528 1526 1524 1522 1520 1518 1515
f 1529 1516 1517 1519 1521 1523 1525 1527
f 1665 1648 1656 1654 1652 1650 1663
f 1622 1628 1662 1651
f 1629 1621 1649 1664
f 1625 1624 1655 1657
f 1623 1622 1651 1653
f 1658 1626 1629 1664
f 1624 1623 1653 1655
f 1621 1625 1657 1649
f 1660 1659 1665 1663
f 1661 1662 1628 1627
f 1627 1626 1658 1659 1660 1661
f 1651 1662 1663 1650
f 1653 1651 1650 1652
f 1655 1653 1652 1654
f 1657 1655 1654 1656
f 1649 1657 1656 1648
f 1660 1663 1662 1661
f 1658 1664 1665 1659
f 1664 1649 1648 1665
f 1742 1757 1756 1755 1754 1744
f 1756 1761 1758 1755
f 1739 1760 1757 1742
f 1740 1759 1758 1761 1760 1739
f 1758 1759 1754 1755
f 1756 1757 1760 1761
f 1744 1754 1759 1740
f 1815 1817 1816 1814
f 1810 1811 1813 1812
f 1812 1813 1815 1814
f 1816 1817 1819 1818
f 1813 1819 1817 1815
f 1818 1819 1821 1820
f 1812 1814 1816 1818
f 1820 1821 1811 1810
f 1811 1821 1819 1813
f 1810 1812 1818 1820
f 2011 2010 2009 2008 2007 2006
f 2017 2012 2013 2014 2015 2016
f 2006 2012 2017 2011
f 2009 2015 2014 2008
f 2011 2017 2016 2010
f 2008 2014 2013 2007
f 2007 2013 2012 2006
f 2015 2009 2010 2016
f 2035 2030 2031 2032 2033 2034
f 2041 2040 2039 2038 2037 2036
f 2030 2035 2041 2036
f 2033 2032 2038 2039
f 2035 2034 2040 2041
f 2032 2031 2037 2038
f 2031 2030 2036 2037
f 2039 2040 2034 2033
f 1623 1624 1625 1621 1629 1626 1627 1628 1622
f 793 792 796 797
g Body
usemtl M_PCL_Flat_Grey_Darker
f 635 674 671 632
f 614 607 611
f 624 663 651 612
f 620 659 655 616
f 626 665 663 624
f 615 614 618
f 619 621 636 640
f 615 618 621 619
f 676 637 622 661
f 615 630 607 614
f 639 678 659 620
f 644 647 608 605
f 606 605 608 609
f 623 607 627 625
f 612 651 652 613
f 1963 1966 682 643
f 607 630 633 631
f 634 673 674 635
f 632 671 670 646 607 631
f 652 656 617 613
f 645 680 678 639 641 606
f 637 676 677 644 605 638
f 605 606 641 640 636 638
f 608 647 648 609
f 609 648 645 606
f 617 656 661 622
f 667 628 643 682
f 667 665 626 628
f 627 607 610 642
f 633 634 635
f 636 637 638
f 639 640 641
f 630 615 616 629
f 628 626 625 627
f 612 613 614 611
f 618 614 613 617
f 615 619 620 616
f 619 640 639 620
f 636 621 622 637
f 617 622 621 618
f 611 623 624 612
f 626 624 623 625
f 643 628 627 642
f 631 633 635 632
f 668 673 634 629
f 629 634 633 630
f 1963 643 642 1964
f 611 607 623
f 653 650 646
f 654 657 653
f 658 679 675 660
f 654 658 660 657
f 654 653 646 669
f 645 648 647 644
f 662 664 666 646
f 646 670 672 669
f 644 677 675 679 680 645
f 666 681 649 646
f 672 674 673
f 675 677 676
f 678 680 679
f 669 668 655 654
f 667 666 664 665
f 651 650 653 652
f 657 656 652 653
f 654 655 659 658
f 658 659 678 679
f 675 676 661 660
f 656 657 660 661
f 650 651 663 662
f 665 664 662 663
f 682 681 666 667
f 670 671 674 672
f 668 669 672 673
f 1966 1967 681 682
f 650 662 646
f 616 655 668 629
f 706 708 710 702
f 712 708 686 687
f 702 710 685 697
f 696 684 687 699
f 693 712 687 684
f 683 688 711 689
f 688 685 710 711
f 699 687 686 698
f 707 709 718 717
f 694 692 715 716 726
f 704 699 698 706
f 705 696 699 704
f 695 701 703 700
f 700 703 702 697
f 701 705 704 703
f 703 704 706 702
f 719 720 693 689
f 721 722 710 708
f 723 719 689 711
f 722 723 711 710
f 720 724 712 693
f 724 721 708 712
f 691 690 727 713 714
f 692 707 717 715
f 709 691 714 718
f 716 715 714 713 729
f 717 718 714 715
f 692 694 721 724
f 707 692 724 720
f 690 691 723 722
f 691 709 719 723
f 694 725 690 722 721
f 709 707 720 719
f 727 728 729 713
f 690 725 728 727
f 725 694 726 728
f 726 716 730 733
f 698 686 708 706
f 716 729 731 730
f 728 726 733 732
f 729 728 732 731
f 821 807 801 812
f 863 877 875 861
f 819 809 805 816
f 912 816 805 901
f 921 825 824 920
f 811 799 807 821
f 814 803 809 819
f 802 815 818 808
f 798 810 820 806
f 906 810 798 894
f 900 804 817 913
f 808 818 817 804
f 812 801 803 814
f 806 820 813 800
f 829 828 823 832
f 824 825 822 833
f 933 837 836 932
f 927 831 830 926
f 832 823 830 831
f 800 813 815 802
f 833 822 826 827
f 841 840 835 844
f 836 837 834 845
f 831 927 913 817
f 939 843 842 938
f 844 835 842 843
f 827 826 828 829
f 845 834 838 839
f 839 838 840 841
f 812 814 840 838
f 828 826 839 841
f 843 939 926 830
f 912 938 842 816
f 810 906 920 824
f 921 932 836 825
f 837 933 907 811
f 943 955 859 847
f 869 860 849 855
f 800 802 850 848
f 867 864 853 857
f 960 949 853 864
f 969 968 872 873
f 859 869 855 847
f 862 867 857 851
f 850 856 866 863
f 846 854 868 858
f 954 942 846 858
f 948 961 865 852
f 856 852 865 866
f 860 862 851 849
f 854 848 861 868
f 877 880 871 876
f 872 881 870 873
f 981 980 884 885
f 975 974 878 879
f 880 879 878 871
f 848 850 863 861
f 881 875 874 870
f 889 892 883 888
f 884 893 882 885
f 865 961 975 879
f 987 986 890 891
f 892 891 890 883
f 875 877 876 874
f 893 887 886 882
f 887 889 888 886
f 860 886 888 862
f 876 889 887 874
f 878 974 987 891
f 960 864 890 986
f 872 968 954 858
f 969 873 884 980
f 859 955 981 885
f 846 942 894 798
f 806 800 848 854
f 807 799 847 855
f 803 801 849 851
f 911 925 923 909
f 808 804 852 856
f 809 803 851 857
f 895 943 847 799
f 900 948 852 804
f 853 949 901 805
f 815 813 827 829
f 798 806 854 846
f 801 807 855 849
f 802 808 856 850
f 805 809 857 853
f 818 815 863 866
f 814 819 867 862
f 820 810 858 868
f 811 821 869 859
f 817 818 866 865
f 819 816 864 867
f 813 820 868 861
f 821 812 860 869
f 829 832 880 877
f 823 828 876 871
f 824 833 881 872
f 822 825 873 870
f 832 831 879 880
f 830 823 871 878
f 833 827 875 881
f 826 822 870 874
f 841 844 892 889
f 835 840 888 883
f 836 845 893 884
f 834 837 885 882
f 844 843 891 892
f 842 835 883 890
f 845 839 887 893
f 838 834 882 886
f 812 838 886 860
f 840 814 862 888
f 839 826 874 887
f 828 841 889 876
f 827 813 861 875
f 815 829 877 863
f 831 817 865 879
f 843 830 878 891
f 816 842 890 864
f 810 824 872 858
f 825 836 884 873
f 837 811 859 885
f 917 908 897 903
f 959 957 971 973
f 915 912 901 905
f 907 917 903 895
f 910 915 905 899
f 898 904 914 911
f 894 902 916 906
f 904 900 913 914
f 908 910 899 897
f 902 896 909 916
f 925 928 919 924
f 920 929 918 921
f 928 927 926 919
f 896 898 911 909
f 929 923 922 918
f 937 940 931 936
f 932 941 930 933
f 940 939 938 931
f 923 925 924 922
f 941 935 934 930
f 935 937 936 934
f 908 934 936 910
f 924 937 935 922
f 965 951 945 956
f 896 944 946 898
f 963 953 949 960
f 955 943 951 965
f 958 947 953 963
f 946 959 962 952
f 942 954 964 950
f 952 962 961 948
f 956 945 947 958
f 950 964 957 944
f 973 972 967 976
f 968 969 966 977
f 976 967 974 975
f 944 957 959 946
f 977 966 970 971
f 985 984 979 988
f 980 981 978 989
f 988 979 986 987
f 971 970 972 973
f 989 978 982 983
f 983 982 984 985
f 956 958 984 982
f 972 970 983 985
f 902 950 944 896
f 903 951 943 895
f 899 947 945 897
f 904 952 948 900
f 905 953 947 899
f 894 942 950 902
f 897 945 951 903
f 898 946 952 904
f 901 949 953 905
f 914 962 959 911
f 910 958 963 915
f 916 964 954 906
f 907 955 965 917
f 913 961 962 914
f 915 963 960 912
f 909 957 964 916
f 917 965 956 908
f 925 973 976 928
f 919 967 972 924
f 920 968 977 929
f 918 966 969 921
f 928 976 975 927
f 926 974 967 919
f 929 977 971 923
f 922 970 966 918
f 937 985 988 940
f 931 979 984 936
f 932 980 989 941
f 930 978 981 933
f 940 988 987 939
f 938 986 979 931
f 941 989 983 935
f 934 982 978 930
f 908 956 982 934
f 936 984 958 910
f 935 983 970 922
f 924 972 985 937
f 923 971 957 909
f 911 959 973 925
f 927 975 961 913
f 939 987 974 926
f 912 960 986 938
f 906 954 968 920
f 921 969 980 932
f 933 981 955 907
f 895 799 811 907
f 1059 1061 1060 1058
f 1054 1055 1057 1056
f 1056 1057 1059 1058
f 1060 1061 1063 1062
f 1055 1065 1063 1061 1059 1057
f 1062 1063 1065 1064
f 1054 1056 1058 1060 1062 1064
f 1066 1067 1069 1068
f 1068 1069 1071 1070
f 1070 1071 1073 1072
f 1072 1073 1075 1074
f 1074 1075 1077 1076
f 1076 1077 1079 1078
f 1069 1067 1081 1079 1077 1075 1073 1071
f 1078 1079 1081 1080
f 1080 1081 1067 1066
f 1066 1068 1070 1072 1074 1076 1078 1080
f 1064 1065 1055 1054
f 1039 1041 1082 1083
f 1041 1043 1084 1082
f 1043 1045 1085 1084
f 1045 1047 1086 1085
f 1047 1049 1087 1086
f 1049 1051 1088 1087
f 1051 1053 1089 1088
f 1053 1039 1083 1089
f 1093 1091 1099 1101
f 1098 1097 1105 1106
f 1096 1095 1103 1104
f 1094 1093 1101 1102
f 1091 1092 1100 1099
f 1092 1098 1106 1100
f 1097 1096 1104 1105
f 1095 1094 1102 1103
f 1104 1103 1111 1112
f 1102 1101 1109 1110
f 1099 1100 1108 1107
f 1100 1106 1114 1108
f 1105 1104 1112 1113
f 1103 1102 1110 1111
f 1101 1099 1107 1109
f 1106 1105 1113 1114
f 1114 1113 1121 1122
f 1112 1111 1119 1120
f 1110 1109 1117 1118
f 1107 1108 1116 1115
f 1108 1114 1122 1116
f 1113 1112 1120 1121
f 1111 1110 1118 1119
f 1109 1107 1115 1117
f 1084 1093 1094 1085
f 1085 1094 1095 1086
f 1086 1095 1096 1087
f 1087 1096 1097 1088
f 1088 1097 1098 1089
f 1089 1098 1092 1083
f 1083 1092 1091 1082
f 1082 1091 1093 1084
f 1116 1122 1130 1124
f 1124 1130 1146 1140
f 1121 1120 1128 1129
f 1119 1118 1126 1127
f 1117 1115 1123 1125
f 1122 1121 1129 1130
f 1120 1119 1127 1128
f 1118 1117 1125 1126
f 1115 1116 1124 1123
f 1129 1128 1144 1145
f 1127 1126 1142 1143
f 1125 1123 1139 1141
f 1130 1129 1145 1146
f 1128 1127 1143 1144
f 1126 1125 1141 1142
f 1123 1124 1140 1139
f 1132 1131 1139 1140
f 1131 1133 1141 1139
f 1133 1134 1142 1141
f 1134 1135 1143 1142
f 1135 1136 1144 1143
f 1136 1137 1145 1144
f 1137 1138 1146 1145
f 1138 1132 1140 1146
f 1084 1085 1134 1133
f 1085 1086 1135 1134
f 1086 1087 1136 1135
f 1087 1088 1137 1136
f 1088 1089 1138 1137
f 1089 1083 1132 1138
f 1083 1082 1131 1132
f 1082 1084 1133 1131
f 1176 1177 1173 1172
f 1179 1178 1174 1175
f 1184 1182 1180 1185
f 1183 1184 1185 1181
f 1190 1186 1187 1191
f 1193 1189 1188 1192
f 1198 1199 1194 1196
f 1197 1195 1199 1198
f 1177 1176 1190 1191
f 1178 1179 1193 1192
f 1172 1173 1187 1186
f 1175 1174 1188 1189
f 1176 1172 1186 1190
f 1173 1177 1191 1187
f 1179 1175 1189 1193
f 1174 1178 1192 1188
f 1184 1183 1197 1198
f 1185 1180 1194 1199
f 1183 1181 1195 1197
f 1180 1182 1196 1194
f 1182 1184 1198 1196
f 1181 1185 1199 1195
f 1202 1200 1173 1177
f 1179 1175 1201 1203
f 1208 1209 1204 1206
f 1207 1205 1209 1208
f 1212 1191 1187 1210
f 1193 1213 1211 1189
f 1218 1216 1214 1219
f 1217 1218 1219 1215
f 1177 1191 1212 1202
f 1203 1213 1193 1179
f 1200 1210 1187 1173
f 1175 1189 1211 1201
f 1202 1212 1210 1200
f 1201 1211 1213 1203
f 1208 1218 1217 1207
f 1209 1219 1214 1204
f 1207 1217 1215 1205
f 1204 1214 1216 1206
f 1206 1216 1218 1208
f 1205 1215 1219 1209
f 1317 1320 1324 1323
f 1331 1330 1326 1332
f 1322 1318 1319 1321
f 1325 1331 1332 1328
f 1318 1324 1332 1326
f 1330 1329 1327 1326
f 1322 1321 1329 1330
f 1323 1322 1330 1331
f 1319 1318 1326 1327
f 1324 1320 1328 1332
f 1317 1323 1331 1325
f 1323 1324 1318 1322
f 1333 1339 1340 1336
f 1347 1348 1342 1346
f 1338 1337 1335 1334
f 1341 1344 1348 1347
f 1334 1342 1348 1340
f 1346 1342 1343 1345
f 1338 1346 1345 1337
f 1339 1347 1346 1338
f 1335 1343 1342 1334
f 1340 1348 1344 1336
f 1333 1341 1347 1339
f 1339 1338 1334 1340
f 1350 1355 1356 1353
f 1361 1360 1358 1351
f 1356 1355 1354 1357
f 1354 1349 1352 1357
f 1364 1369 1355 1350
f 1370 1367 1353 1356
f 1365 1375 1361 1351
f 1361 1375 1376 1362
f 1349 1359 1362 1352
f 1369 1368 1354 1355
f 1376 1366 1352 1362
f 1368 1363 1349 1354
f 1366 1371 1357 1352
f 1362 1359 1360 1361
f 1359 1373 1374 1360
f 1363 1373 1359 1349
f 1374 1372 1358 1360
f 1364 1367 1370 1369
f 1375 1365 1372 1374
f 1370 1371 1368 1369
f 1368 1371 1366 1363
f 1363 1366 1376 1373
f 1376 1375 1374 1373
f 1371 1370 1356 1357
f 1437 1438 1440 1439
f 1439 1440 1442 1441
f 1441 1442 1444 1443
f 1443 1444 1446 1445
f 1445 1446 1448 1447
f 1447 1448 1450 1449
f 1449 1450 1452 1451
f 1451 1452 1438 1437
f 1437 1439 1441 1443 1445 1447 1449 1451
f 1683 1667 1668 1687
f 1693 1689 1669 1671
f 1685 1694 1696 1682
f 1666 1684 1691 1670
f 1689 1693 1692 1688
f 1670 1691 1693 1671
f 1697 1673 1667 1683
f 1695 1672 1673 1697
f 1687 1668 1669 1689
f 1666 1672 1695 1684
f 1674 1678 1707 1701
f 1705 1709 1679 1677
f 1713 1698 1675 1681
f 1700 1699 1712 1710
f 1678 1679 1709 1707
f 1704 1708 1709 1705
f 1698 1703 1676 1675
f 1711 1713 1681 1680
f 1674 1701 1711 1680
f 1703 1705 1677 1676
f 1687 1689 1688 1686
f 1686 1682 1683 1687
f 1693 1691 1690 1692
f 1685 1682 1686 1688 1692 1690
f 1691 1684 1685 1690
f 1684 1695 1694 1685
f 1682 1696 1697 1683
f 1695 1697 1696 1694
f 1702 1704 1705 1703
f 1703 1698 1699 1702
f 1700 1706 1708 1704 1702 1699
f 1708 1706 1707 1709
f 1706 1700 1701 1707
f 1700 1710 1711 1701
f 1698 1713 1712 1699
f 1710 1712 1713 1711
f 681 1967 1965 649
f 642 610 1962 1964
f 1967 1966 1963 1964
f 1967 1964 1962 1965
f 610 607 646 649
f 1962 610 649 1965
g Body
usemtl M_PCL_Flat_Grey_Dark
f 269 270 276 275 274 273 272 271
f 270 269 277 278
f 269 271 279 277
f 271 272 280 279
f 272 273 281 280
f 273 274 282 281
f 274 275 283 282
f 275 276 284 283
f 276 270 278 284
f 429 430 436 435 434 433 432 431
f 430 429 437 438
f 429 431 439 437
f 431 432 440 439
f 432 433 441 440
f 433 434 442 441
f 434 435 443 442
f 435 436 444 443
f 436 430 438 444
f 589 590 596 595 594 593 592 591
f 590 589 597 598
f 589 591 599 597
f 591 592 600 599
f 592 593 601 600
f 593 594 602 601
f 594 595 603 602
f 595 596 604 603
f 596 590 598 604
f 1038 1083 1082 1040
f 1040 1082 1084 1042
f 1042 1084 1085 1044
f 1044 1085 1086 1046
f 1046 1086 1087 1048
f 1048 1087 1088 1050
f 1050 1088 1089 1052
f 1052 1089 1083 1038
f 1038 1040 1042 1044 1046 1048 1050 1052
f 1170 1162 1155 1163
f 1168 1160 1161 1169
f 1166 1158 1159 1167
f 1164 1156 1157 1165
f 1169 1161 1162 1170
f 1167 1159 1160 1168
f 1165 1157 1158 1166
f 1163 1155 1156 1164
f 1148 1147 1163 1164
f 1149 1148 1164 1165
f 1150 1149 1165 1166
f 1151 1150 1166 1167
f 1152 1151 1167 1168
f 1153 1152 1168 1169
f 1154 1153 1169 1170
f 1147 1154 1170 1163
f 1546 1540 1535 1537
f 1992 1988 1543 1534
f 1539 1545 1533 1531
f 1991 1984 1537 1550
f 1990 1993 1549 1533
f 1537 1535 1548 1550
f 1547 1549 1534 1532
f 1548 1551 1542 1536
f 1985 1538 1544 1989
f 1993 1992 1534 1549
f 1532 1534 1543 1541
f 1538 1536 1542 1544
f 1535 1540 1551 1548
f 1531 1533 1549 1547
f 1990 1533 1545 1987
f 1985 1991 1550 1538
f 1984 1986 1546 1537
f 1995 1994 2004 2005
f 2003 2002 2000 2001
f 1999 1998 1996 1997
f 2001 2000 1998 1999
f 2004 1994 1996 1998 2000 2002
f 2005 2004 2002 2003
f 1994 1995 1997 1996
f 2019 2029 2028 2018
f 2027 2025 2024 2026
f 2023 2021 2020 2022
f 2025 2023 2022 2024
f 2028 2026 2024 2022 2020 2018
f 2029 2027 2026 2028
f 2018 2020 2021 2019
f 1989 1544 2371 2378
f 1988 1989 2378 2377
f 1544 1542 2369 2371
f 1987 1545 2372 2376
f 1542 1551 2374 2369
f 1986 1987 2376 2375
f 1540 1546 2373 2367
f 1546 1986 2375 2373
f 1545 1539 2366 2372
f 1551 1540 2367 2374
f 1543 1988 2377 2370
f 1541 1543 2370 2368
f 1550 1548 1536 1538
f 1984 1990 1987 1986
f 1992 1985 1989 1988
g Body
usemtl M_PCL_Flat_White
f 1874 1864 1875
f 1864 1876 1875
f 1864 1855 1876
f 1874 1866 1864
f 1874 1854 1866
f 1872 1854 1874
f 1869 1871 1870
f 1872 1868 1854
f 1871 1868 1872
f 1869 1868 1871
f 1880 1882 1881
f 1880 1884 1882
f 1884 1898 1882
f 1880 1885 1884
f 1883 1898 1884
f 1880 1878 1885
f 1878 1883 1885
f 1878 1894 1883
f 1894 1898 1883
f 1880 1879 1878
f 1892 1898 1894
f 1900 1907 1901
f 1900 1902 1907
f 1928 1918 1929
f 1918 1930 1929
f 1918 1909 1930
f 1928 1920 1918
f 1928 1908 1920
f 1926 1908 1928
f 1923 1925 1924
f 1926 1922 1908
f 1925 1922 1926
f 1923 1922 1925
f 1934 1935 1936
f 1934 1936 1938
f 1938 1936 1952
f 1934 1938 1939
f 1937 1938 1952
f 1934 1939 1932
f 1932 1939 1937
f 1932 1937 1948
f 1948 1937 1952
f 1934 1932 1933
f 1946 1948 1952
f 1954 1955 1961
f 1954 1961 1956
f 1864 1866 1865 1863
f 1866 1854 1856 1865
f 1854 1868 1867 1856
f 1868 1869 1857 1867
f 1869 1870 1858 1857
f 1870 1871 1859 1858
f 1871 1872 1860 1859
f 1872 1874 1873 1860
f 1874 1875 1861 1873
f 1875 1876 1862 1861
f 1876 1855 1877 1862
f 1855 1864 1863 1877
f 1892 1894 1893 1886
f 1894 1878 1887 1893
f 1878 1879 1888 1887
f 1879 1880 1889 1888
f 1880 1881 1895 1889
f 1881 1882 1896 1895
f 1882 1898 1897 1896
f 1898 1892 1886 1897
f 1883 1884 1899 1890
f 1884 1885 1891 1899
f 1885 1883 1890 1891
f 1900 1901 1905 1904
f 1901 1907 1906 1905
f 1907 1902 1903 1906
f 1902 1900 1904 1903
f 1918 1920 1919 1917
f 1920 1908 1910 1919
f 1908 1922 1921 1910
f 1922 1923 1911 1921
f 1923 1924 1912 1911
f 1924 1925 1913 1912
f 1925 1926 1914 1913
f 1926 1928 1927 1914
f 1928 1929 1915 1927
f 1929 1930 1916 1915
f 1930 1909 1931 1916
f 1909 1918 1917 1931
f 1946 1940 1947 1948
f 1948 1947 1941 1932
f 1932 1941 1942 1933
f 1933 1942 1943 1934
f 1934 1943 1949 1935
f 1935 1949 1950 1936
f 1936 1950 1951 1952
f 1952 1951 1940 1946
f 1937 1944 1953 1938
f 1938 1953 1945 1939
f 1939 1945 1944 1937
f 1954 1958 1959 1955
f 1955 1959 1960 1961
f 1961 1960 1957 1956
f 1956 1957 1958 1954
g Body
usemtl M_PCL_Flat_Brown.Chestnut
f 137 153 169 185 201 217 233 249
f 152 151 135 136
f 168 167 151 152
f 184 183 167 168
f 200 199 183 184
f 216 215 199 200
f 232 231 215 216
f 248 247 231 232
f 136 135 247 248
f 151 156 140 135
f 167 172 156 151
f 183 188 172 167
f 199 204 188 183
f 215 220 204 199
f 231 236 220 215
f 247 252 236 231
f 135 140 252 247
f 154 153 137 138
f 170 169 153 154
f 186 185 169 170
f 202 201 185 186
f 218 217 201 202
f 234 233 217 218
f 250 249 233 234
f 138 137 249 250
f 155 154 138 139
f 171 170 154 155
f 187 186 170 171
f 203 202 186 187
f 219 218 202 203
f 235 234 218 219
f 251 250 234 235
f 139 138 250 251
f 156 155 139 140
f 172 171 155 156
f 188 187 171 172
f 204 203 187 188
f 220 219 203 204
f 236 235 219 220
f 252 251 235 236
f 140 139 251 252
f 152 136 248 232 216 200 184 168
f 297 313 329 345 361 377 393 409
f 312 311 295 296
f 328 327 311 312
f 344 343 327 328
f 360 359 343 344
f 376 375 359 360
f 392 391 375 376
f 408 407 391 392
f 296 295 407 408
f 311 316 300 295
f 327 332 316 311
f 343 348 332 327
f 359 364 348 343
f 375 380 364 359
f 391 396 380 375
f 407 412 396 391
f 295 300 412 407
f 314 313 297 298
f 330 329 313 314
f 346 345 329 330
f 362 361 345 346
f 378 377 361 362
f 394 393 377 378
f 410 409 393 394
f 298 297 409 410
f 315 314 298 299
f 331 330 314 315
f 347 346 330 331
f 363 362 346 347
f 379 378 362 363
f 395 394 378 379
f 411 410 394 395
f 299 298 410 411
f 316 315 299 300
f 332 331 315 316
f 348 347 331 332
f 364 363 347 348
f 380 379 363 364
f 396 395 379 380
f 412 411 395 396
f 300 299 411 412
f 312 296 408 392 376 360 344 328
f 457 473 489 505 521 537 553 569
f 472 471 455 456
f 488 487 471 472
f 504 503 487 488
f 520 519 503 504
f 536 535 519 520
f 552 551 535 536
f 568 567 551 552
f 456 455 567 568
f 471 476 460 455
f 487 492 476 471
f 503 508 492 487
f 519 524 508 503
f 535 540 524 519
f 551 556 540 535
f 567 572 556 551
f 455 460 572 567
f 474 473 457 458
f 490 489 473 474
f 506 505 489 490
f 522 521 505 506
f 538 537 521 522
f 554 553 537 538
f 570 569 553 554
f 458 457 569 570
f 475 474 458 459
f 491 490 474 475
f 507 506 490 491
f 523 522 506 507
f 539 538 522 523
f 555 554 538 539
f 571 570 554 555
f 459 458 570 571
f 476 475 459 460
f 492 491 475 476
f 508 507 491 492
f 524 523 507 508
f 540 539 523 524
f 556 555 539 540
f 572 571 555 556
f 460 459 571 572
f 472 456 568 552 536 520 504 488
g Body
usemtl M_PCL_Flat_Yellow.Brass
f 261 141 125 262
f 263 157 141 261
f 264 173 157 263
f 265 189 173 264
f 266 205 189 265
f 267 221 205 266
f 268 237 221 267
f 262 125 237 268
f 141 142 126 125
f 157 158 142 141
f 173 174 158 157
f 189 190 174 173
f 205 206 190 189
f 221 222 206 205
f 237 238 222 221
f 125 126 238 237
f 142 143 127 126
f 158 159 143 142
f 174 175 159 158
f 190 191 175 174
f 206 207 191 190
f 222 223 207 206
f 238 239 223 222
f 126 127 239 238
f 143 144 128 127
f 159 160 144 143
f 175 176 160 159
f 191 192 176 175
f 207 208 192 191
f 223 224 208 207
f 239 240 224 223
f 127 128 240 239
f 144 145 129 128
f 160 161 145 144
f 176 177 161 160
f 192 193 177 176
f 208 209 193 192
f 224 225 209 208
f 240 241 225 224
f 128 129 241 240
f 145 146 130 129
f 161 162 146 145
f 177 178 162 161
f 193 194 178 177
f 209 210 194 193
f 225 226 210 209
f 241 242 226 225
f 129 130 242 241
f 146 147 131 130
f 162 163 147 146
f 178 179 163 162
f 194 195 179 178
f 210 211 195 194
f 226 227 211 210
f 242 243 227 226
f 130 131 243 242
f 147 148 132 131
f 163 164 148 147
f 179 180 164 163
f 195 196 180 179
f 211 212 196 195
f 227 228 212 211
f 243 244 228 227
f 131 132 244 243
f 148 149 133 132
f 164 165 149 148
f 180 181 165 164
f 196 197 181 180
f 212 213 197 196
f 228 229 213 212
f 244 245 229 228
f 132 133 245 244
f 149 150 134 133
f 165 166 150 149
f 181 182 166 165
f 197 198 182 181
f 213 214 198 197
f 229 230 214 213
f 245 246 230 229
f 133 134 246 245
f 134 150 166 182 198 214 230 246
f 258 257 281 282
f 254 253 261 262
f 253 255 263 261
f 255 256 264 263
f 256 257 265 264
f 257 258 266 265
f 258 259 267 266
f 259 260 268 267
f 260 254 262 268
f 256 255 279 280
f 253 254 278 277
f 254 260 284 278
f 259 258 282 283
f 257 256 280 281
f 255 253 277 279
f 260 259 283 284
f 421 301 285 422
f 423 317 301 421
f 424 333 317 423
f 425 349 333 424
f 426 365 349 425
f 427 381 365 426
f 428 397 381 427
f 422 285 397 428
f 301 302 286 285
f 317 318 302 301
f 333 334 318 317
f 349 350 334 333
f 365 366 350 349
f 381 382 366 365
f 397 398 382 381
f 285 286 398 397
f 302 303 287 286
f 318 319 303 302
f 334 335 319 318
f 350 351 335 334
f 366 367 351 350
f 382 383 367 366
f 398 399 383 382
f 286 287 399 398
f 303 304 288 287
f 319 320 304 303
f 335 336 320 319
f 351 352 336 335
f 367 368 352 351
f 383 384 368 367
f 399 400 384 383
f 287 288 400 399
f 304 305 289 288
f 320 321 305 304
f 336 337 321 320
f 352 353 337 336
f 368 369 353 352
f 384 385 369 368
f 400 401 385 384
f 288 289 401 400
f 305 306 290 289
f 321 322 306 305
f 337 338 322 321
f 353 354 338 337
f 369 370 354 353
f 385 386 370 369
f 401 402 386 385
f 289 290 402 401
f 306 307 291 290
f 322 323 307 306
f 338 339 323 322
f 354 355 339 338
f 370 371 355 354
f 386 387 371 370
f 402 403 387 386
f 290 291 403 402
f 307 308 292 291
f 323 324 308 307
f 339 340 324 323
f 355 356 340 339
f 371 372 356 355
f 387 388 372 371
f 403 404 388 387
f 291 292 404 403
f 308 309 293 292
f 324 325 309 308
f 340 341 325 324
f 356 357 341 340
f 372 373 357 356
f 388 389 373 372
f 404 405 389 388
f 292 293 405 404
f 309 310 294 293
f 325 326 310 309
f 341 342 326 325
f 357 358 342 341
f 373 374 358 357
f 389 390 374 373
f 405 406 390 389
f 293 294 406 405
f 294 310 326 342 358 374 390 406
f 418 417 441 442
f 414 413 421 422
f 413 415 423 421
f 415 416 424 423
f 416 417 425 424
f 417 418 426 425
f 418 419 427 426
f 419 420 428 427
f 420 414 422 428
f 416 415 439 440
f 413 414 438 437
f 414 420 444 438
f 419 418 442 443
f 417 416 440 441
f 415 413 437 439
f 420 419 443 444
f 581 461 445 582
f 583 477 461 581
f 584 493 477 583
f 585 509 493 584
f 586 525 509 585
f 587 541 525 586
f 588 557 541 587
f 582 445 557 588
f 461 462 446 445
f 477 478 462 461
f 493 494 478 477
f 509 510 494 493
f 525 526 510 509
f 541 542 526 525
f 557 558 542 541
f 445 446 558 557
f 462 463 447 446
f 478 479 463 462
f 494 495 479 478
f 510 511 495 494
f 526 527 511 510
f 542 543 527 526
f 558 559 543 542
f 446 447 559 558
f 463 464 448 447
f 479 480 464 463
f 495 496 480 479
f 511 512 496 495
f 527 528 512 511
f 543 544 528 527
f 559 560 544 543
f 447 448 560 559
f 464 465 449 448
f 480 481 465 464
f 496 497 481 480
f 512 513 497 496
f 528 529 513 512
f 544 545 529 528
f 560 561 545 544
f 448 449 561 560
f 465 466 450 449
f 481 482 466 465
f 497 498 482 481
f 513 514 498 497
f 529 530 514 513
f 545 546 530 529
f 561 562 546 545
f 449 450 562 561
f 466 467 451 450
f 482 483 467 466
f 498 499 483 482
f 514 515 499 498
f 530 531 515 514
f 546 547 531 530
f 562 563 547 546
f 450 451 563 562
f 467 468 452 451
f 483 484 468 467
f 499 500 484 483
f 515 516 500 499
f 531 532 516 515
f 547 548 532 531
f 563 564 548 547
f 451 452 564 563
f 468 469 453 452
f 484 485 469 468
f 500 501 485 484
f 516 517 501 500
f 532 533 517 516
f 548 549 533 532
f 564 565 549 548
f 452 453 565 564
f 469 470 454 453
f 485 486 470 469
f 501 502 486 485
f 517 518 502 501
f 533 534 518 517
f 549 550 534 533
f 565 566 550 549
f 453 454 566 565
f 454 470 486 502 518 534 550 566
f 578 577 601 602
f 574 573 581 582
f 573 575 583 581
f 575 576 584 583
f 576 577 585 584
f 577 578 586 585
f 578 579 587 586
f 579 580 588 587
f 580 574 582 588
f 576 575 599 600
f 573 574 598 597
f 574 580 604 598
f 579 578 602 603
f 577 576 600 601
f 575 573 597 599
f 580 579 603 604
